AC_ID,id,rank,common_name,french_name,order,family,subfamily,genus,species,annotation,status_accidental,status_hawaiian,status_introduced,status_nonbreeding,status_extinct,status_misplaced
Nothocercus bonapartei,2,species,Highland Tinamou,Tinamou de Bonaparte,Tinamiformes,Tinamidae,,Nothocercus,Nothocercus bonapartei,,,,,,,
Tinamus major,1,species,Great Tinamou,Grand Tinamou,Tinamiformes,Tinamidae,,Tinamus,Tinamus major,,,,,,,
Crypturellus soui,3,species,Little Tinamou,Tinamou soui,Tinamiformes,Tinamidae,,Crypturellus,Crypturellus soui,,,,,,,
Crypturellus cinnamomeus,4,species,Thicket Tinamou,Tinamou cannelle,Tinamiformes,Tinamidae,,Crypturellus,Crypturellus cinnamomeus,,,,,,,
Crypturellus boucardi,5,species,Slaty-breasted Tinamou,Tinamou de Boucard,Tinamiformes,Tinamidae,,Crypturellus,Crypturellus boucardi,,,,,,,
Crypturellus kerriae,6,species,Choco Tinamou,Tinamou de Kerr,Tinamiformes,Tinamidae,,Crypturellus,Crypturellus kerriae,Monotypic.,,,,,,
Dendrocygna viduata,7,species,White-faced Whistling-Duck,Dendrocygne veuf,Anseriformes,Anatidae,Dendrocygninae,Dendrocygna,Dendrocygna viduata,Monotypic.,,,,,,
Dendrocygna autumnalis,8,species,Black-bellied Whistling-Duck,Dendrocygne à ventre noir,Anseriformes,Anatidae,Dendrocygninae,Dendrocygna,Dendrocygna autumnalis,,,,,,,
Dendrocygna arborea,9,species,West Indian Whistling-Duck,Dendrocygne des Antilles,Anseriformes,Anatidae,Dendrocygninae,Dendrocygna,Dendrocygna arborea,Monotypic.,,,,,,
Dendrocygna bicolor,10,species,Fulvous Whistling-Duck,Dendrocygne fauve,Anseriformes,Anatidae,Dendrocygninae,Dendrocygna,Dendrocygna bicolor,Monotypic.,,,,,,
Anser canagicus,12681,species,Emperor Goose,Oie empereur,Anseriformes,Anatidae,Anserinae,Anser,Anser canagicus,Monotypic. Formerly placed in the genus Chen.,,,,,,
Anser caerulescens,12691,species,Snow Goose,Oie des neiges,Anseriformes,Anatidae,Anserinae,Anser,Anser caerulescens,Formerly placed in the genus Chen.,,,,,,
Anser rossii,12701,species,Ross's Goose,Oie de Ross,Anseriformes,Anatidae,Anserinae,Anser,Anser rossii,Formerly placed in the genus Chen.,,,,,,
Anser anser,2049,species,Graylag Goose,Oie cendrée,Anseriformes,Anatidae,Anserinae,Anser,Anser anser,,A,,,,,
Anser albifrons,14,species,Greater White-fronted Goose,Oie rieuse,Anseriformes,Anatidae,Anserinae,Anser,Anser albifrons,,,,,,,
Anser erythropus,15,species,Lesser White-fronted Goose,Oie naine,Anseriformes,Anatidae,Anserinae,Anser,Anser erythropus,Monotypic.,A,,,,,
Anser fabalis,11,species,Taiga Bean-Goose,Oie des moissons,Anseriformes,Anatidae,Anserinae,Anser,Anser fabalis,,A,,,,,
Anser serrirostris,12,species,Tundra Bean-Goose,Oie de la toundra,Anseriformes,Anatidae,Anserinae,Anser,Anser serrirostris,,A,,,,,
Anser brachyrhynchus,13,species,Pink-footed Goose,Oie à bec court,Anseriformes,Anatidae,Anserinae,Anser,Anser brachyrhynchus,Monotypic. Considered subspecies of A. fabalis by Peters (1979).,,,,,,
Branta bernicla,19,species,Brant,Bernache cravant,Anseriformes,Anatidae,Anserinae,Branta,Branta bernicla,,,,,,,
Branta leucopsis,20,species,Barnacle Goose,Bernache nonnette,Anseriformes,Anatidae,Anserinae,Branta,Branta leucopsis,Monotypic.,,,,,,
Branta hutchinsii,21,species,Cackling Goose,Bernache de Hutchins,Anseriformes,Anatidae,Anserinae,Branta,Branta hutchinsii,,,,,,,
Branta canadensis,22,species,Canada Goose,Bernache du Canada,Anseriformes,Anatidae,Anserinae,Branta,Branta canadensis,,,,,,,
Branta sandvicensis,23,species,Hawaiian Goose,Bernache néné,Anseriformes,Anatidae,Anserinae,Branta,Branta sandvicensis,Monotypic.,,H,,,,
Cygnus olor,24,species,Mute Swan,Cygne tuberculé,Anseriformes,Anatidae,Anserinae,Cygnus,Cygnus olor,Monotypic.,,,I,,,
Cygnus buccinator,25,species,Trumpeter Swan,Cygne trompette,Anseriformes,Anatidae,Anserinae,Cygnus,Cygnus buccinator,Monotypic.,,,,,,
Cygnus columbianus,26,species,Tundra Swan,Cygne siffleur,Anseriformes,Anatidae,Anserinae,Cygnus,Cygnus columbianus,,,,,,,
Cygnus cygnus,27,species,Whooper Swan,Cygne chanteur,Anseriformes,Anatidae,Anserinae,Cygnus,Cygnus cygnus,Monotypic.,,,,,,
Sarkidiornis sylvicola,28,species,Comb Duck,Canard sylvicole,Anseriformes,Anatidae,Tadorninae,Sarkidiornis,Sarkidiornis sylvicola,Formerly considered conspecific with S. melanotos.,,,,,,
Neochen jubata,29,species,Orinoco Goose,Ouette de l'Orénoque,Anseriformes,Anatidae,Tadorninae,Neochen,Neochen jubata,Monotypic.,A,,,,,
Alopochen aegyptiaca,11241,species,Egyptian Goose,Ouette d'Égypte,Anseriformes,Anatidae,Tadorninae,Alopochen,Alopochen aegyptiaca,,,,I,,,
Tadorna tadorna,13191,species,Common Shelduck,Tadorne de Belon,Anseriformes,Anatidae,Tadorninae,Tadorna,Tadorna tadorna,,A,,,,,
Tadorna ferruginea,12291,species,Ruddy Shelduck,Tadorne casarca,Anseriformes,Anatidae,Tadorninae,Tadorna,Tadorna ferruginea,,A,,,,,
Cairina moschata,30,species,Muscovy Duck,Canard musqué,Anseriformes,Anatidae,Anatinae,Cairina,Cairina moschata,Monotypic.,,,,,,
Aix sponsa,31,species,Wood Duck,Canard branchu,Anseriformes,Anatidae,Anatinae,Aix,Aix sponsa,Monotypic.,,,,,,
Sibirionetta formosa,12721,species,Baikal Teal,Sarcelle élégante,Anseriformes,Anatidae,Anatinae,Sibirionetta,Sibirionetta formosa,Formerly placed in the genus Anas.,A,,,,,
Spatula querquedula,12741,species,Garganey,Sarcelle d'été,Anseriformes,Anatidae,Anatinae,Spatula,Spatula querquedula,Monotypic. Formerly placed in the genus Anas.,,,,N,,
Spatula discors,12751,species,Blue-winged Teal,Sarcelle à ailes bleues,Anseriformes,Anatidae,Anatinae,Spatula,Spatula discors,"Monotypic. Spatula discors orphna recognized by AOU 1957, but validity doubtful. Formerly placed in the genus Anas.",,,,,,
Spatula cyanoptera,12761,species,Cinnamon Teal,Sarcelle cannelle,Anseriformes,Anatidae,Anatinae,Spatula,Spatula cyanoptera,Formerly placed in the genus Anas.,,,,,,
Spatula clypeata,12771,species,Northern Shoveler,Canard souchet,Anseriformes,Anatidae,Anatinae,Spatula,Spatula clypeata,Monotypic. Formerly placed in the genus Anas.,,,,,,
Mareca strepera,12791,species,Gadwall,Canard chipeau,Anseriformes,Anatidae,Anatinae,Mareca,Mareca strepera,"No extant subspecies. Peters (1979), Clements (2000), and Howard and Moore (2003) recognize Mareca strepera couesi, now extinct. Formerly placed in the genus Anas.",,,,,,
Mareca falcata,12801,species,Falcated Duck,Canard à faucilles,Anseriformes,Anatidae,Anatinae,Mareca,Mareca falcata,Monotypic. Formerly placed in the genus Anas.,A,,,,,
Mareca penelope,12811,species,Eurasian Wigeon,Canard siffleur,Anseriformes,Anatidae,Anatinae,Mareca,Mareca penelope,Monotypic. Formerly placed in the genus Anas.,,,,N,,
Mareca americana,12821,species,American Wigeon,Canard d'Amérique,Anseriformes,Anatidae,Anatinae,Mareca,Mareca americana,Monotypic. Formerly placed in the genus Anas.,,,,,,
Anas laysanensis,40,species,Laysan Duck,Canard de Laysan,Anseriformes,Anatidae,Anatinae,Anas,Anas laysanensis,Monotypic. Listed as a subspecies of <i>Anas platyrhynchos</i> by Peters (1979) and del Hoyo et al. (1992).,,H,,,,
Anas wyvilliana,39,species,Hawaiian Duck,Canard des Hawaï,Anseriformes,Anatidae,Anatinae,Anas,Anas wyvilliana,Monotypic. Listed as a subspecies of <i>Anas platyrhynchos</i> by Peters (1979) and del Hoyo et al. (1992).,,H,,,,
Anas zonorhyncha,41,species,Eastern Spot-billed Duck,Canard de Chine,Anseriformes,Anatidae,Anatinae,Anas,Anas zonorhyncha,"Recognized as a subspecies of <i>Anas poecilorhynchas</i> by Peters (1979), del Hoyo et al. (1992), Clements (2000), and Howard and Moore (2003).",A,,,,,
Anas platyrhynchos,37,species,Mallard,Canard colvert,Anseriformes,Anatidae,Anatinae,Anas,Anas platyrhynchos,Monotypic.,,,,,,
Anas diazi,14591,species,Mexican Duck,Canard du Mexique,Anseriformes,Anatidae,Anatinae,Anas,Anas diazi,Formerly considered conspecific with Anas platyrhynchos.,,,,,,
Anas rubripes,36,species,American Black Duck,Canard noir,Anseriformes,Anatidae,Anatinae,Anas,Anas rubripes,Monotypic.,,,,,,
Anas fulvigula,38,species,Mottled Duck,Canard brun,Anseriformes,Anatidae,Anatinae,Anas,Anas fulvigula,,,,,,,
Anas bahamensis,45,species,White-cheeked Pintail,Canard des Bahamas,Anseriformes,Anatidae,Anatinae,Anas,Anas bahamensis,,,,,,,
Anas acuta,46,species,Northern Pintail,Canard pilet,Anseriformes,Anatidae,Anatinae,Anas,Anas acuta,"Recognized as a monotypic by AOU (1957), Clements (2000), and Howard and Moore (2003). Subspecies <i>Anas acuta acuta, A. a. eatoni</i>, and <i>A. a. ...",,,,,,
Anas crecca,49,species,Green-winged Teal,Sarcelle d'hiver,Anseriformes,Anatidae,Anatinae,Anas,Anas crecca,,,,,,,
Aythya valisineria,50,species,Canvasback,Fuligule à dos blanc,Anseriformes,Anatidae,Anatinae,Aythya,Aythya valisineria,Monotypic.,,,,,,
Aythya americana,51,species,Redhead,Fuligule à tête rouge,Anseriformes,Anatidae,Anatinae,Aythya,Aythya americana,Monotypic.,,,,,,
Aythya ferina,52,species,Common Pochard,Fuligule milouin,Anseriformes,Anatidae,Anatinae,Aythya,Aythya ferina,Monotypic.,A,,,,,
Aythya collaris,53,species,Ring-necked Duck,Fuligule à collier,Anseriformes,Anatidae,Anatinae,Aythya,Aythya collaris,Monotypic.,,,,,,
Aythya fuligula,54,species,Tufted Duck,Fuligule morillon,Anseriformes,Anatidae,Anatinae,Aythya,Aythya fuligula,Monotypic.,,,,,,
Aythya marila,55,species,Greater Scaup,Fuligule milouinan,Anseriformes,Anatidae,Anatinae,Aythya,Aythya marila,,,,,,,
Aythya affinis,56,species,Lesser Scaup,Petit Fuligule,Anseriformes,Anatidae,Anatinae,Aythya,Aythya affinis,Monotypic.,,,,,,
Polysticta stelleri,57,species,Steller's Eider,Eider de Steller,Anseriformes,Anatidae,Anatinae,Polysticta,Polysticta stelleri,Monotypic.,,,,,,
Camptorhynchus labradorius,62,species,Labrador Duck,Eider du Labrador,Anseriformes,Anatidae,Anatinae,Camptorhynchus,Camptorhynchus labradorius,Monotypic.,,,,,†,
Somateria fischeri,58,species,Spectacled Eider,Eider à lunettes,Anseriformes,Anatidae,Anatinae,Somateria,Somateria fischeri,Monotypic.,,,,,,
Somateria spectabilis,59,species,King Eider,Eider à tête grise,Anseriformes,Anatidae,Anatinae,Somateria,Somateria spectabilis,Monotypic.,,,,,,
Somateria mollissima,60,species,Common Eider,Eider à duvet,Anseriformes,Anatidae,Anatinae,Somateria,Somateria mollissima,,,,,,,
Histrionicus histrionicus,61,species,Harlequin Duck,Arlequin plongeur,Anseriformes,Anatidae,Anatinae,Histrionicus,Histrionicus histrionicus,Monotypic. Howard and Moore (2003) list subspecies <i>H. h. histionicus</i> and <i>H. h. pacificus</i> but validity doubtful.,,,,,,
Melanitta perspicillata,63,species,Surf Scoter,Macreuse à front blanc,Anseriformes,Anatidae,Anatinae,Melanitta,Melanitta perspicillata,Monotypic.,,,,,,
Melanitta fusca,64,species,Velvet Scoter,Macreuse brune,Anseriformes,Anatidae,Anatinae,Melanitta,Melanitta fusca,,A,,,,,
Melanitta deglandi,13371,species,White-winged Scoter,Macreuse à ailes blanches,Anseriformes,Anatidae,Anatinae,Melanitta,Melanitta deglandi,Formerly considered conspecific with Melanitta fusca.,,,,,,
Melanitta stejnegeri,13381,species,Stejneger's Scoter,Macreuse de Sibérie,Anseriformes,Anatidae,Anatinae,Melanitta,Melanitta stejnegeri,Formerly considered conspecific with Melanitta fusca.,,,,N,,
Melanitta nigra,12381,species,Common Scoter,Macreuse noire,Anseriformes,Anatidae,Anatinae,Melanitta,Melanitta nigra,,A,,,,,
Melanitta americana,65,species,Black Scoter,Macreuse à bec jaune,Anseriformes,Anatidae,Anatinae,Melanitta,Melanitta americana,,,,,,,
Clangula hyemalis,66,species,Long-tailed Duck,Harelde kakawi,Anseriformes,Anatidae,Anatinae,Clangula,Clangula hyemalis,Monotypic.,,,,,,
Bucephala albeola,67,species,Bufflehead,Petit Garrot,Anseriformes,Anatidae,Anatinae,Bucephala,Bucephala albeola,Monotypic.,,,,,,
Bucephala clangula,68,species,Common Goldeneye,Garrot à oeil d'or,Anseriformes,Anatidae,Anatinae,Bucephala,Bucephala clangula,,,,,,,
Bucephala islandica,69,species,Barrow's Goldeneye,Garrot d'Islande,Anseriformes,Anatidae,Anatinae,Bucephala,Bucephala islandica,Monotypic.,,,,,,
Mergellus albellus,70,species,Smew,Harle piette,Anseriformes,Anatidae,Anatinae,Mergellus,Mergellus albellus,Monotypic.,,,,N,,
Lophodytes cucullatus,71,species,Hooded Merganser,Harle couronné,Anseriformes,Anatidae,Anatinae,Lophodytes,Lophodytes cucullatus,"Monotypic.
",,,,,,
Mergus merganser,72,species,Common Merganser,Grand Harle,Anseriformes,Anatidae,Anatinae,Mergus,Mergus merganser,,,,,,,
Mergus serrator,73,species,Red-breasted Merganser,Harle huppé,Anseriformes,Anatidae,Anatinae,Mergus,Mergus serrator,Monotypic.,,,,,,
Nomonyx dominicus,74,species,Masked Duck,Érismature routoutou,Anseriformes,Anatidae,Anatinae,Nomonyx,Nomonyx dominicus,Monotypic.,,,,,,
Oxyura jamaicensis,75,species,Ruddy Duck,Érismature rousse,Anseriformes,Anatidae,Anatinae,Oxyura,Oxyura jamaicensis,,,,,,,
Ortalis vetula,76,species,Plain Chachalaca,Ortalide chacamel,Galliformes,Cracidae,,Ortalis,Ortalis vetula,,,,,,,
Ortalis cinereiceps,77,species,Gray-headed Chachalaca,Ortalide à tête grise,Galliformes,Cracidae,,Ortalis,Ortalis cinereiceps,Monotypic.,,,,,,
Ortalis ruficauda,78,species,Rufous-vented Chachalaca,Ortalide à ventre roux,Galliformes,Cracidae,,Ortalis,Ortalis ruficauda,,,,,,,
Ortalis wagleri,79,species,Rufous-bellied Chachalaca,Ortalide à ventre marron,Galliformes,Cracidae,,Ortalis,Ortalis wagleri,Monotypic.,,,,,,
Ortalis poliocephala,80,species,West Mexican Chachalaca,Ortalide de Wagler,Galliformes,Cracidae,,Ortalis,Ortalis poliocephala,Monotypic.,,,,,,
Ortalis leucogastra,81,species,White-bellied Chachalaca,Ortalide à ventre blanc,Galliformes,Cracidae,,Ortalis,Ortalis leucogastra,Monotypic.,,,,,,
Penelope purpurascens,82,species,Crested Guan,Pénélope panachée,Galliformes,Cracidae,,Penelope,Penelope purpurascens,,,,,,,
Chamaepetes unicolor,83,species,Black Guan,Pénélope unicolore,Galliformes,Cracidae,,Chamaepetes,Chamaepetes unicolor,Monotypic.,,,,,,
Penelopina nigra,84,species,Highland Guan,Pénélope pajuil,Galliformes,Cracidae,,Penelopina,Penelopina nigra,Monotypic.,,,,,,
Oreophasis derbianus,85,species,Horned Guan,Oréophase cornu,Galliformes,Cracidae,,Oreophasis,Oreophasis derbianus,Monotypic.,,,,,,
Crax rubra,86,species,Great Curassow,Grand Hocco,Galliformes,Cracidae,,Crax,Crax rubra,,,,,,,
Numida meleagris,112,species,Helmeted Guineafowl,Pintade de Numidie,Galliformes,Numididae,,Numida,Numida meleagris,,,,I,,,
Rhynchortyx cinctus,133,species,Tawny-faced Quail,Colin ceinturé,Galliformes,Odontophoridae,,Rhynchortyx,Rhynchortyx cinctus,,,,,,,
Oreortyx pictus,116,species,Mountain Quail,Colin des montagnes,Galliformes,Odontophoridae,,Oreortyx,Oreortyx pictus,,,,,,,
Dendrortyx leucophrys,115,species,Buffy-crowned Wood-Partridge,Colin à sourcils blancs,Galliformes,Odontophoridae,,Dendrortyx,Dendrortyx leucophrys,,,,,,,
Dendrortyx macroura,114,species,Long-tailed Wood-Partridge,Colin à longue queue,Galliformes,Odontophoridae,,Dendrortyx,Dendrortyx macroura,,,,,,,
Dendrortyx barbatus,113,species,Bearded Wood-Partridge,Colin barbu,Galliformes,Odontophoridae,,Dendrortyx,Dendrortyx barbatus,Monotypic.,,,,,,
Philortyx fasciatus,121,species,Banded Quail,Colin barré,Galliformes,Odontophoridae,,Philortyx,Philortyx fasciatus,Monotypic.,,,,,,
Colinus virginianus,122,species,Northern Bobwhite,Colin de Virginie,Galliformes,Odontophoridae,,Colinus,Colinus virginianus,,,,,,,
Colinus nigrogularis,123,species,Black-throated Bobwhite,Colin à gorge noire,Galliformes,Odontophoridae,,Colinus,Colinus nigrogularis,,,,,,,
Colinus leucopogon,15091,species,Spot-bellied Bobwhite,Colin à face blanche,Galliformes,Odontophoridae,,Colinus,Colinus leucopogon,Formerly considered conspecific with Colinus cristatus.,,,,,,
Colinus cristatus,124,species,Crested Bobwhite,Colin huppé,Galliformes,Odontophoridae,,Colinus,Colinus cristatus,,,,,,,
Callipepla squamata,117,species,Scaled Quail,Colin écaillé,Galliformes,Odontophoridae,,Callipepla,Callipepla squamata,,,,,,,
Callipepla douglasii,118,species,Elegant Quail,Colin élégant,Galliformes,Odontophoridae,,Callipepla,Callipepla douglasii,,,,,,,
Callipepla californica,119,species,California Quail,Colin de Californie,Galliformes,Odontophoridae,,Callipepla,Callipepla californica,,,,,,,
Callipepla gambelii,120,species,Gambel's Quail,Colin de Gambel,Galliformes,Odontophoridae,,Callipepla,Callipepla gambelii,,,,,,,
Cyrtonyx montezumae,131,species,Montezuma Quail,Colin arlequin,Galliformes,Odontophoridae,,Cyrtonyx,Cyrtonyx montezumae,,,,,,,
Cyrtonyx ocellatus,132,species,Ocellated Quail,Colin ocellé,Galliformes,Odontophoridae,,Cyrtonyx,Cyrtonyx ocellatus,Monotypic.,,,,,,
Dactylortyx thoracicus,130,species,Singing Quail,Colin chanteur,Galliformes,Odontophoridae,,Dactylortyx,Dactylortyx thoracicus,,,,,,,
Odontophorus gujanensis,125,species,Marbled Wood-Quail,Tocro de Guyane,Galliformes,Odontophoridae,,Odontophorus,Odontophorus gujanensis,,,,,,,
Odontophorus melanotis,126,species,Black-eared Wood-Quail,Tocro à face noire,Galliformes,Odontophoridae,,Odontophorus,Odontophorus melanotis,,,,,,,
Odontophorus dialeucos,127,species,Tacarcuna Wood-Quail,Tocro du Panama,Galliformes,Odontophoridae,,Odontophorus,Odontophorus dialeucos,Monotypic.,,,,,,
Odontophorus leucolaemus,128,species,Black-breasted Wood-Quail,Tocro à poitrine noire,Galliformes,Odontophoridae,,Odontophorus,Odontophorus leucolaemus,Monotypic.,,,,,,
Odontophorus guttatus,129,species,Spotted Wood-Quail,Tocro tacheté,Galliformes,Odontophoridae,,Odontophorus,Odontophorus guttatus,Monotypic.,,,,,,
Meleagris gallopavo,110,species,Wild Turkey,Dindon sauvage,Galliformes,Phasianidae,,Meleagris,Meleagris gallopavo,,,,,,,
Meleagris ocellata,111,species,Ocellated Turkey,Dindon ocellé,Galliformes,Phasianidae,,Meleagris,Meleagris ocellata,Monotypic.,,,,,,
Bonasa umbellus,98,species,Ruffed Grouse,Gélinotte huppée,Galliformes,Phasianidae,,Bonasa,Bonasa umbellus,,,,,,,
Canachites canadensis,14641,species,Spruce Grouse,Tétras du Canada,Galliformes,Phasianidae,,Canachites,Canachites canadensis,Formerly placed in the genus Falcipennis.,,,,,,
Lagopus lagopus,102,species,Willow Ptarmigan,Lagopède des saules,Galliformes,Phasianidae,,Lagopus,Lagopus lagopus,,,,,,,
Lagopus muta,103,species,Rock Ptarmigan,Lagopède alpin,Galliformes,Phasianidae,,Lagopus,Lagopus muta,,,,,,,
Lagopus leucura,104,species,White-tailed Ptarmigan,Lagopède à queue blanche,Galliformes,Phasianidae,,Lagopus,Lagopus leucura,,,,,,,
Centrocercus urophasianus,99,species,Greater Sage-Grouse,Tétras des armoises,Galliformes,Phasianidae,,Centrocercus,Centrocercus urophasianus,,,,,,,
Centrocercus minimus,100,species,Gunnison Sage-Grouse,Tétras du Gunnison,Galliformes,Phasianidae,,Centrocercus,Centrocercus minimus,Monotypic.,,,,,,
Dendragapus obscurus,105,species,Dusky Grouse,Tétras sombre,Galliformes,Phasianidae,,Dendragapus,Dendragapus obscurus,,,,,,,
Dendragapus fuliginosus,106,species,Sooty Grouse,Tétras fuligineux,Galliformes,Phasianidae,,Dendragapus,Dendragapus fuliginosus,Monotypic.,,,,,,
Tympanuchus phasianellus,107,species,Sharp-tailed Grouse,Tétras à queue fine,Galliformes,Phasianidae,,Tympanuchus,Tympanuchus phasianellus,,,,,,,
Tympanuchus cupido,108,species,Greater Prairie-Chicken,Tétras des prairies,Galliformes,Phasianidae,,Tympanuchus,Tympanuchus cupido,,,,,,,
Tympanuchus pallidicinctus,109,species,Lesser Prairie-Chicken,Tétras pâle,Galliformes,Phasianidae,,Tympanuchus,Tympanuchus pallidicinctus,Monotypic.,,,,,,
Perdix perdix,92,species,Gray Partridge,Perdrix grise,Galliformes,Phasianidae,,Perdix,Perdix perdix,,,,I,,,
Phasianus colchicus,96,species,Ring-necked Pheasant,Faisan de Colchide,Galliformes,Phasianidae,,Phasianus,Phasianus colchicus,,,,I,,,
Lophura leucomelanos,95,species,Kalij Pheasant,Faisan leucomèle,Galliformes,Phasianidae,,Lophura,Lophura leucomelanos,,,H,I,,,
Pavo cristatus,97,species,Indian Peafowl,Paon bleu,Galliformes,Phasianidae,,Pavo,Pavo cristatus,Monotypic. Formerly known as Common Peafowl.,,,I,,,
Ortygornis pondicerianus,15087,species,Gray Francolin,Francolin gris,Galliformes,Phasianidae,,Ortygornis,Ortygornis pondicerianus,Formerly placed in the genus Francolinus.,,H,I,,,
Francolinus francolinus,89,species,Black Francolin,Francolin noir,Galliformes,Phasianidae,,Francolinus,Francolinus francolinus,,,H,I,,,
Gallus gallus,94,species,Red Junglefowl,Coq bankiva,Galliformes,Phasianidae,,Gallus,Gallus gallus,,,H,I,,,
Tetraogallus himalayensis,91,species,Himalayan Snowcock,Tétraogalle de l'Himalaya,Galliformes,Phasianidae,,Tetraogallus,Tetraogallus himalayensis,,,,I,,,
Alectoris chukar,87,species,Chukar,Perdrix choukar,Galliformes,Phasianidae,,Alectoris,Alectoris chukar,,,,I,,,
Coturnix japonica,93,species,Japanese Quail,Caille du Japon,Galliformes,Phasianidae,,Coturnix,Coturnix japonica,Monotypic.,,H,I,,,
Pternistis erckelii,13401,species,Erckel's Francolin,Francolin d'Erckel,Galliformes,Phasianidae,,Pternistis,Pternistis erckelii,Formerly placed in the genus Francolinus.,,H,I,,,
Phoenicopterus ruber,254,species,American Flamingo,Flamant des Caraïbes,Phoenicopteriformes,Phoenicopteridae,,Phoenicopterus,Phoenicopterus ruber,,,,,,,
Tachybaptus dominicus,1984,species,Least Grebe,Grèbe minime,Podicipediformes,Podicipedidae,,Tachybaptus,Tachybaptus dominicus,,,,,,,
Podilymbus podiceps,138,species,Pied-billed Grebe,Grèbe à bec bigarré,Podicipediformes,Podicipedidae,,Podilymbus,Podilymbus podiceps,,,,,,,
Podilymbus gigas,139,species,Atitlan Grebe,Grèbe de l'Atitlan,Podicipediformes,Podicipedidae,,Podilymbus,Podilymbus gigas,Monotypic.,,,,,†,
Podiceps auritus,1986,species,Horned Grebe,Grèbe esclavon,Podicipediformes,Podicipedidae,,Podiceps,Podiceps auritus,,,,,,,
Podiceps grisegena,1987,species,Red-necked Grebe,Grèbe jougris,Podicipediformes,Podicipedidae,,Podiceps,Podiceps grisegena,,,,,,,
Podiceps nigricollis,1985,species,Eared Grebe,Grèbe à cou noir,Podicipediformes,Podicipedidae,,Podiceps,Podiceps nigricollis,,,,,,,
Aechmophorus occidentalis,140,species,Western Grebe,Grèbe élégant,Podicipediformes,Podicipedidae,,Aechmophorus,Aechmophorus occidentalis,,,,,,,
Aechmophorus clarkii,141,species,Clark's Grebe,Grèbe à face blanche,Podicipediformes,Podicipedidae,,Aechmophorus,Aechmophorus clarkii,,,,,,,
Pterocles exustus,535,species,Chestnut-bellied Sandgrouse,Ganga à ventre brun,Pterocliformes,Pteroclidae,,Pterocles,Pterocles exustus,,,H,I,,,
Columba livia,536,species,Rock Pigeon,Pigeon biset,Columbiformes,Columbidae,,Columba,Columba livia,,,,I,,,
Columba palumbus,14651,species,Common Wood Pigeon,Pigeon ramier,Columbiformes,Columbidae,,Columba,Columba palumbus,,A,,,,,
Ectopistes migratorius,558,species,Passenger Pigeon,Tourte voyageuse,Columbiformes,Columbidae,,Ectopistes,Ectopistes migratorius,Monotypic.,,,,,†,
Patagioenas cayennensis,537,species,Pale-vented Pigeon,Pigeon rousset,Columbiformes,Columbidae,,Patagioenas,Patagioenas cayennensis,,,,,,,
Patagioenas speciosa,538,species,Scaled Pigeon,Pigeon ramiret,Columbiformes,Columbidae,,Patagioenas,Patagioenas speciosa,Monotypic.,,,,,,
Patagioenas squamosa,539,species,Scaly-naped Pigeon,Pigeon à cou rouge,Columbiformes,Columbidae,,Patagioenas,Patagioenas squamosa,Monotypic.,,,,,,
Patagioenas leucocephala,540,species,White-crowned Pigeon,Pigeon à couronne blanche,Columbiformes,Columbidae,,Patagioenas,Patagioenas leucocephala,Monotypic.,,,,,,
Patagioenas flavirostris,541,species,Red-billed Pigeon,Pigeon à bec rouge,Columbiformes,Columbidae,,Patagioenas,Patagioenas flavirostris,,,,,,,
Patagioenas inornata,542,species,Plain Pigeon,Pigeon simple,Columbiformes,Columbidae,,Patagioenas,Patagioenas inornata,,,,,,,
Patagioenas fasciata,543,species,Band-tailed Pigeon,Pigeon à queue barrée,Columbiformes,Columbidae,,Patagioenas,Patagioenas fasciata,,,,,,,
Patagioenas caribaea,544,species,Ring-tailed Pigeon,Pigeon de Jamaïque,Columbiformes,Columbidae,,Patagioenas,Patagioenas caribaea,Monotypic.,,,,,,
Patagioenas plumbea,2050,species,Plumbeous Pigeon,Pigeon plombé,Columbiformes,Columbidae,,Patagioenas,Patagioenas plumbea,,,,,,,
Patagioenas subvinacea,545,species,Ruddy Pigeon,Pigeon vineux,Columbiformes,Columbidae,,Patagioenas,Patagioenas subvinacea,,,,,,,
Patagioenas nigrirostris,546,species,Short-billed Pigeon,Pigeon à bec noir,Columbiformes,Columbidae,,Patagioenas,Patagioenas nigrirostris,Monotypic.,,,,,,
Patagioenas goodsoni,11471,species,Dusky Pigeon,Pigeon de Goodson,Columbiformes,Columbidae,,Patagioenas,Patagioenas goodsoni,,A,,,,,
Streptopelia orientalis,547,species,Oriental Turtle-Dove,Tourterelle orientale,Columbiformes,Columbidae,,Streptopelia,Streptopelia orientalis,,A,,,,,
Streptopelia roseogrisea,548,species,African Collared-Dove,Tourterelle rieuse,Columbiformes,Columbidae,,Streptopelia,Streptopelia roseogrisea,,,,I,,,
Streptopelia turtur,549,species,European Turtle-Dove,Tourterelle des bois,Columbiformes,Columbidae,,Streptopelia,Streptopelia turtur,,A,,,,,
Streptopelia decaocto,550,species,Eurasian Collared-Dove,Tourterelle turque,Columbiformes,Columbidae,,Streptopelia,Streptopelia decaocto,,,,I,,,
Streptopelia chinensis,551,species,Spotted Dove,Tourterelle tigrine,Columbiformes,Columbidae,,Streptopelia,Streptopelia chinensis,,,,I,,,
Geopelia striata,552,species,Zebra Dove,Géopélie zébrée,Columbiformes,Columbidae,,Geopelia,Geopelia striata,Monotypic.,,H,I,,,
Columbina inca,559,species,Inca Dove,Colombe inca,Columbiformes,Columbidae,,Columbina,Columbina inca,Monotypic.,,,,,,
Columbina passerina,560,species,Common Ground Dove,Colombe à queue noire,Columbiformes,Columbidae,,Columbina,Columbina passerina,,,,,,,
Columbina minuta,561,species,Plain-breasted Ground Dove,Colombe pygmée,Columbiformes,Columbidae,,Columbina,Columbina minuta,,,,,,,
Columbina talpacoti,562,species,Ruddy Ground Dove,Colombe rousse,Columbiformes,Columbidae,,Columbina,Columbina talpacoti,,,,,,,
Claravis pretiosa,563,species,Blue Ground Dove,Colombe bleutée,Columbiformes,Columbidae,,Claravis,Claravis pretiosa,Monotypic.,,,,,,
Paraclaravis mondetoura,13421,species,Maroon-chested Ground Dove,Colombe mondétour,Columbiformes,Columbidae,,Paraclaravis,Paraclaravis mondetoura,Formerly placed in the genus Claravis.,,,,,,
Starnoenas cyanocephala,584,species,Blue-headed Quail-Dove,Colombe à tête bleue,Columbiformes,Columbidae,,Starnoenas,Starnoenas cyanocephala,Monotypic.,,,,,,
Geotrygon versicolor,581,species,Crested Quail-Dove,Colombe versicolore,Columbiformes,Columbidae,,Geotrygon,Geotrygon versicolor,Monotypic.,,,,,,
Geotrygon montana,583,species,Ruddy Quail-Dove,Colombe rouviolette,Columbiformes,Columbidae,,Geotrygon,Geotrygon montana,,,,,,,
Geotrygon violacea,582,species,Violaceous Quail-Dove,Colombe à nuque violette,Columbiformes,Columbidae,,Geotrygon,Geotrygon violacea,,,,,,,
Geotrygon caniceps,579,species,Gray-fronted Quail-Dove,Colombe de Gundlach,Columbiformes,Columbidae,,Geotrygon,Geotrygon caniceps,,,,,,,
Geotrygon leucometopia,580,species,White-fronted Quail-Dove,Colombe d'Hispaniola,Columbiformes,Columbidae,,Geotrygon,Geotrygon leucometopia,Monotypic.,,,,,,
Geotrygon chrysia,571,species,Key West Quail-Dove,Colombe à joues blanches,Columbiformes,Columbidae,,Geotrygon,Geotrygon chrysia,Monotypic.,,,,,,
Geotrygon mystacea,572,species,Bridled Quail-Dove,Colombe à croissants,Columbiformes,Columbidae,,Geotrygon,Geotrygon mystacea,Monotypic.,,,,,,
Leptotrygon veraguensis,10771,species,Olive-backed Quail-Dove,Colombe de Veraguas,Columbiformes,Columbidae,,Leptotrygon,Leptotrygon veraguensis,,,,,,,
Leptotila verreauxi,565,species,White-tipped Dove,Colombe de Verreaux,Columbiformes,Columbidae,,Leptotila,Leptotila verreauxi,,,,,,,
Leptotila jamaicensis,568,species,Caribbean Dove,Colombe de Jamaïque,Columbiformes,Columbidae,,Leptotila,Leptotila jamaicensis,,,,,,,
Leptotila cassinii,569,species,Gray-chested Dove,Colombe de Cassin,Columbiformes,Columbidae,,Leptotila,Leptotila cassinii,,,,,,,
Leptotila plumbeiceps,566,species,Gray-headed Dove,Colombe à calotte grise,Columbiformes,Columbidae,,Leptotila,Leptotila plumbeiceps,,,,,,,
Leptotila wellsi,567,species,Grenada Dove,Colombe de Grenade,Columbiformes,Columbidae,,Leptotila,Leptotila wellsi,Monotypic.,,,,,,
Zentrygon carrikeri,10791,species,Tuxtla Quail-Dove,Colombe de Tuxtla,Columbiformes,Columbidae,,Zentrygon,Zentrygon carrikeri,Monotypic.,,,,,,
Zentrygon costaricensis,10801,species,Buff-fronted Quail-Dove,Colombe du Costa Rica,Columbiformes,Columbidae,,Zentrygon,Zentrygon costaricensis,,,,,,,
Zentrygon lawrencii,10811,species,Purplish-backed Quail-Dove,Colombe de Lawrence,Columbiformes,Columbidae,,Zentrygon,Zentrygon lawrencii,Monotypic.,,,,,,
Zentrygon albifacies,10821,species,White-faced Quail-Dove,Colombe des nuages,Columbiformes,Columbidae,,Zentrygon,Zentrygon albifacies,Monotypic.,,,,,,
Zentrygon chiriquensis,10831,species,Chiriqui Quail-Dove,Colombe du Chiriqui,Columbiformes,Columbidae,,Zentrygon,Zentrygon chiriquensis,Monotypic.,,,,,,
Zentrygon goldmani,10841,species,Russet-crowned Quail-Dove,Colombe de Goldman,Columbiformes,Columbidae,,Zentrygon,Zentrygon goldmani,,,,,,,
Zenaida asiatica,553,species,White-winged Dove,Tourterelle à ailes blanches,Columbiformes,Columbidae,,Zenaida,Zenaida asiatica,,,,,,,
Zenaida aurita,554,species,Zenaida Dove,Tourterelle à queue carrée,Columbiformes,Columbidae,,Zenaida,Zenaida aurita,,,,,,,
Zenaida auriculata,555,species,Eared Dove,Tourterelle oreillarde,Columbiformes,Columbidae,,Zenaida,Zenaida auriculata,,,,,,,
Zenaida macroura,556,species,Mourning Dove,Tourterelle triste,Columbiformes,Columbidae,,Zenaida,Zenaida macroura,,,,,,,
Zenaida graysoni,557,species,Socorro Dove,Tourterelle de Socorro,Columbiformes,Columbidae,,Zenaida,Zenaida graysoni,Monotypic.,,,,,,
Crotophaga major,661,species,Greater Ani,Ani des palétuviers,Cuculiformes,Cuculidae,Crotophaginae,Crotophaga,Crotophaga major,Monotypic.,,,,,,
Crotophaga ani,662,species,Smooth-billed Ani,Ani à bec lisse,Cuculiformes,Cuculidae,Crotophaginae,Crotophaga,Crotophaga ani,Monotypic.,,,,,,
Crotophaga sulcirostris,663,species,Groove-billed Ani,Ani à bec cannelé,Cuculiformes,Cuculidae,Crotophaginae,Crotophaga,Crotophaga sulcirostris,Monotypic.,,,,,,
Tapera naevia,655,species,Striped Cuckoo,Géocoucou tacheté,Cuculiformes,Cuculidae,Neomorphinae,Tapera,Tapera naevia,,,,,,,
Dromococcyx phasianellus,656,species,Pheasant Cuckoo,Géocoucou faisan,Cuculiformes,Cuculidae,Neomorphinae,Dromococcyx,Dromococcyx phasianellus,Monotypic.,,,,,,
Morococcyx erythropygus,657,species,Lesser Ground-Cuckoo,Géocoucou de Lesson,Cuculiformes,Cuculidae,Neomorphinae,Morococcyx,Morococcyx erythropygus,,,,,,,
Geococcyx velox,658,species,Lesser Roadrunner,Géocoucou véloce,Cuculiformes,Cuculidae,Neomorphinae,Geococcyx,Geococcyx velox,Monotypic.,,,,,,
Geococcyx californianus,659,species,Greater Roadrunner,Grand Géocoucou,Cuculiformes,Cuculidae,Neomorphinae,Geococcyx,Geococcyx californianus,Monotypic.,,,,,,
Neomorphus geoffroyi,660,species,Rufous-vented Ground-Cuckoo,Géocoucou de Geoffroy,Cuculiformes,Cuculidae,Neomorphinae,Neomorphus,Neomorphus geoffroyi,,,,,,,
Cuculus canorus,639,species,Common Cuckoo,Coucou gris,Cuculiformes,Cuculidae,Cuculinae,Cuculus,Cuculus canorus,,A,,,,,
Cuculus optatus,640,species,Oriental Cuckoo,Coucou oriental,Cuculiformes,Cuculidae,Cuculinae,Cuculus,Cuculus optatus,,A,,,,,
Coccycua minuta,641,species,Little Cuckoo,Petit Piaye,Cuculiformes,Cuculidae,Cuculinae,Coccycua,Coccycua minuta,,,,,,,
Coccycua pumila,13431,species,Dwarf Cuckoo,Piaye nain,Cuculiformes,Cuculidae,Cuculinae,Coccycua,Coccycua pumila,,A,,,,,
Piaya cayana,642,species,Squirrel Cuckoo,Piaye écureuil,Cuculiformes,Cuculidae,Cuculinae,Piaya,Piaya cayana,,,,,,,
Coccyzus melacoryphus,643,species,Dark-billed Cuckoo,Coulicou de Vieillot,Cuculiformes,Cuculidae,Cuculinae,Coccyzus,Coccyzus melacoryphus,Monotypic.,A,,,,,
Coccyzus americanus,644,species,Yellow-billed Cuckoo,Coulicou à bec jaune,Cuculiformes,Cuculidae,Cuculinae,Coccyzus,Coccyzus americanus,Monotypic.,,,,,,
Coccyzus euleri,645,species,Pearly-breasted Cuckoo,Coulicou d'Euler,Cuculiformes,Cuculidae,Cuculinae,Coccyzus,Coccyzus euleri,Monotypic.,A,,,,,
Coccyzus minor,646,species,Mangrove Cuckoo,Coulicou manioc,Cuculiformes,Cuculidae,Cuculinae,Coccyzus,Coccyzus minor,Monotypic.,,,,,,
Coccyzus ferrugineus,647,species,Cocos Cuckoo,Coulicou de Cocos,Cuculiformes,Cuculidae,Cuculinae,Coccyzus,Coccyzus ferrugineus,Monotypic.,,,,,,
Coccyzus erythropthalmus,648,species,Black-billed Cuckoo,Coulicou à bec noir,Cuculiformes,Cuculidae,Cuculinae,Coccyzus,Coccyzus erythropthalmus,Monotypic.,,,,,,
Coccyzus lansbergi,13441,species,Gray-capped Cuckoo,Coulicou à tête grise,Cuculiformes,Cuculidae,Cuculinae,Coccyzus,Coccyzus lansbergi,,,,,N,,
Coccyzus pluvialis,649,species,Chestnut-bellied Cuckoo,Tacco de pluie,Cuculiformes,Cuculidae,Cuculinae,Coccyzus,Coccyzus pluvialis,Monotypic.,,,,,,
Coccyzus rufigularis,650,species,Bay-breasted Cuckoo,Tacco cabrite,Cuculiformes,Cuculidae,Cuculinae,Coccyzus,Coccyzus rufigularis,Monotypic.,,,,,,
Coccyzus vetula,651,species,Jamaican Lizard-Cuckoo,Tacco de Jamaïque,Cuculiformes,Cuculidae,Cuculinae,Coccyzus,Coccyzus vetula,Monotypic.,,,,,,
Coccyzus vieilloti,652,species,Puerto Rican Lizard-Cuckoo,Tacco de Porto Rico,Cuculiformes,Cuculidae,Cuculinae,Coccyzus,Coccyzus vieilloti,Monotypic.,,,,,,
Coccyzus merlini,653,species,Great Lizard-Cuckoo,Tacco de Cuba,Cuculiformes,Cuculidae,Cuculinae,Coccyzus,Coccyzus merlini,,,,,,,
Coccyzus longirostris,654,species,Hispaniolan Lizard-Cuckoo,Tacco d'Hispaniola,Cuculiformes,Cuculidae,Cuculinae,Coccyzus,Coccyzus longirostris,,,,,,,
Lurocalis semitorquatus,707,species,Short-tailed Nighthawk,Engoulevent à queue courte,Caprimulgiformes,Caprimulgidae,Chordeilinae,Lurocalis,Lurocalis semitorquatus,,,,,,,
Chordeiles acutipennis,708,species,Lesser Nighthawk,Engoulevent minime,Caprimulgiformes,Caprimulgidae,Chordeilinae,Chordeiles,Chordeiles acutipennis,,,,,,,
Chordeiles minor,709,species,Common Nighthawk,Engoulevent d'Amérique,Caprimulgiformes,Caprimulgidae,Chordeilinae,Chordeiles,Chordeiles minor,,,,,,,
Chordeiles gundlachii,710,species,Antillean Nighthawk,Engoulevent piramidig,Caprimulgiformes,Caprimulgidae,Chordeilinae,Chordeiles,Chordeiles gundlachii,,,,,,,
Nyctidromus albicollis,711,species,Common Pauraque,Engoulevent pauraqué,Caprimulgiformes,Caprimulgidae,Caprimulginae,Nyctidromus,Nyctidromus albicollis,,,,,,,
Phalaenoptilus nuttallii,712,species,Common Poorwill,Engoulevent de Nuttall,Caprimulgiformes,Caprimulgidae,Caprimulginae,Phalaenoptilus,Phalaenoptilus nuttallii,,,,,,,
Siphonorhis americana,713,species,Jamaican Pauraque,Engoulevent de Jamaïque,Caprimulgiformes,Caprimulgidae,Caprimulginae,Siphonorhis,Siphonorhis americana,Monotypic.,,,,,†,
Siphonorhis brewsteri,714,species,Least Pauraque,Engoulevent grouillécor,Caprimulgiformes,Caprimulgidae,Caprimulginae,Siphonorhis,Siphonorhis brewsteri,Monotypic.,,,,,,
Nyctiphrynus mcleodii,715,species,Eared Poorwill,Engoulevent aztèque,Caprimulgiformes,Caprimulgidae,Caprimulginae,Nyctiphrynus,Nyctiphrynus mcleodii,,,,,,,
Nyctiphrynus yucatanicus,716,species,Yucatan Poorwill,Engoulevent du Yucatan,Caprimulgiformes,Caprimulgidae,Caprimulginae,Nyctiphrynus,Nyctiphrynus yucatanicus,Monotypic.,,,,,,
Nyctiphrynus ocellatus,717,species,Ocellated Poorwill,Engoulevent ocellé,Caprimulgiformes,Caprimulgidae,Caprimulginae,Nyctiphrynus,Nyctiphrynus ocellatus,,,,,,,
Antrostomus carolinensis,718,species,Chuck-will's-widow,Engoulevent de Caroline,Caprimulgiformes,Caprimulgidae,Caprimulginae,Antrostomus,Antrostomus carolinensis,Monotypic.,,,,,,
Antrostomus rufus,719,species,Rufous Nightjar,Engoulevent roux,Caprimulgiformes,Caprimulgidae,Caprimulginae,Antrostomus,Antrostomus rufus,,,,,,,
Antrostomus cubanensis,720,species,Cuban Nightjar,Engoulevent de Cuba,Caprimulgiformes,Caprimulgidae,Caprimulginae,Antrostomus,Antrostomus cubanensis,Formerly considered conspecific with Antrostomus ekmani.,,,,,,
Antrostomus ekmani,15046,species,Hispaniolan Nightjar,Engoulevent d’Hispaniola,Caprimulgiformes,Caprimulgidae,Caprimulginae,Antrostomus,Antrostomus ekmani,Formerly considered conspecific with Antrostomus cubanensis.,,,,,,
Antrostomus salvini,721,species,Tawny-collared Nightjar,Engoulevent de Salvin,Caprimulgiformes,Caprimulgidae,Caprimulginae,Antrostomus,Antrostomus salvini,Monotypic.,,,,,,
Antrostomus badius,722,species,Yucatan Nightjar,Engoulevent maya,Caprimulgiformes,Caprimulgidae,Caprimulginae,Antrostomus,Antrostomus badius,Monotypic.,,,,,,
Antrostomus ridgwayi,723,species,Buff-collared Nightjar,Engoulevent de Ridgway,Caprimulgiformes,Caprimulgidae,Caprimulginae,Antrostomus,Antrostomus ridgwayi,,,,,,,
Antrostomus vociferus,724,species,Eastern Whip-poor-will,Engoulevent bois-pourri,Caprimulgiformes,Caprimulgidae,Caprimulginae,Antrostomus,Antrostomus vociferus,Monotypic.,,,,,,
Antrostomus saturatus,726,species,Dusky Nightjar,Engoulevent montagnard,Caprimulgiformes,Caprimulgidae,Caprimulginae,Antrostomus,Antrostomus saturatus,Monotypic.,,,,,,
Antrostomus arizonae,2061,species,Mexican Whip-poor-will,Engoulevent d'Arizona,Caprimulgiformes,Caprimulgidae,Caprimulginae,Antrostomus,Antrostomus arizonae,,,,,,,
Antrostomus noctitherus,725,species,Puerto Rican Nightjar,Engoulevent de Porto Rico,Caprimulgiformes,Caprimulgidae,Caprimulginae,Antrostomus,Antrostomus noctitherus,Monotypic.,,,,,,
Hydropsalis cayennensis,727,species,White-tailed Nightjar,Engoulevent coré,Caprimulgiformes,Caprimulgidae,Caprimulginae,Hydropsalis,Hydropsalis cayennensis,,,,,,,
Hydropsalis maculicaudus,728,species,Spot-tailed Nightjar,Engoulevent à queue étoilée,Caprimulgiformes,Caprimulgidae,Caprimulginae,Hydropsalis,Hydropsalis maculicaudus,Monotypic.,,,,,,
Caprimulgus jotaka,13301,species,Gray Nightjar,Engoulevent jotaka,Caprimulgiformes,Caprimulgidae,Caprimulginae,Caprimulgus,Caprimulgus jotaka,Formerly considered conspecific with Caprimulgus indicus and C. phalaena.,A,,,,,
Steatornis caripensis,733,species,Oilbird,Guacharo des cavernes,Steatornithiformes,Steatornithidae,,Steatornis,Steatornis caripensis,Monotypic.,A,,,,,
Nyctibius grandis,730,species,Great Potoo,Grand Ibijau,Nyctibiiformes,Nyctibiidae,,Nyctibius,Nyctibius grandis,,,,,,,
Nyctibius griseus,731,species,Common Potoo,Ibijau gris,Nyctibiiformes,Nyctibiidae,,Nyctibius,Nyctibius griseus,,,,,,,
Nyctibius jamaicensis,732,species,Northern Potoo,Ibijau jamaïcain,Nyctibiiformes,Nyctibiidae,,Nyctibius,Nyctibius jamaicensis,,,,,,,
Cypseloides niger,734,species,Black Swift,Martinet sombre,Apodiformes,Apodidae,Cypseloidinae,Cypseloides,Cypseloides niger,,,,,,,
Cypseloides storeri,735,species,White-fronted Swift,Martinet de Storer,Apodiformes,Apodidae,Cypseloidinae,Cypseloides,Cypseloides storeri,Monotypic.,,,,,,
Cypseloides cryptus,736,species,White-chinned Swift,Martinet à menton blanc,Apodiformes,Apodidae,Cypseloidinae,Cypseloides,Cypseloides cryptus,Monotypic.,,,,,,
Cypseloides cherriei,737,species,Spot-fronted Swift,Martinet à points blancs,Apodiformes,Apodidae,Cypseloidinae,Cypseloides,Cypseloides cherriei,Monotypic.,,,,,,
Streptoprocne rutila,738,species,Chestnut-collared Swift,Martinet à collier roux,Apodiformes,Apodidae,Cypseloidinae,Streptoprocne,Streptoprocne rutila,,,,,,,
Streptoprocne zonaris,739,species,White-collared Swift,Martinet à collier blanc,Apodiformes,Apodidae,Cypseloidinae,Streptoprocne,Streptoprocne zonaris,,,,,,,
Streptoprocne semicollaris,740,species,White-naped Swift,Martinet à nuque blanche,Apodiformes,Apodidae,Cypseloidinae,Streptoprocne,Streptoprocne semicollaris,"Monotypic.
 ",,,,,,
Chaetura cinereiventris,748,species,Gray-rumped Swift,Martinet à croupion gris,Apodiformes,Apodidae,Chaeturinae,Chaetura,Chaetura cinereiventris,,,,,,,
Chaetura spinicaudus,746,species,Band-rumped Swift,Martinet spinicaude,Apodiformes,Apodidae,Chaeturinae,Chaetura,Chaetura spinicaudus,,,,,,,
Chaetura fumosa,747,species,Costa Rican Swift,Martinet du Costa Rica,Apodiformes,Apodidae,Chaeturinae,Chaetura,Chaetura fumosa,Monotypic.,,,,,,
Chaetura martinica,749,species,Lesser Antillean Swift,Martinet chiquesol,Apodiformes,Apodidae,Chaeturinae,Chaetura,Chaetura martinica,Monotypic.,,,,,,
Chaetura pelagica,741,species,Chimney Swift,Martinet ramoneur,Apodiformes,Apodidae,Chaeturinae,Chaetura,Chaetura pelagica,Monotypic.,,,,,,
Chaetura vauxi,742,species,Vaux's Swift,Martinet de Vaux,Apodiformes,Apodidae,Chaeturinae,Chaetura,Chaetura vauxi,,,,,,,
Chaetura chapmani,743,species,Chapman's Swift,Martinet de Chapman,Apodiformes,Apodidae,Chaeturinae,Chaetura,Chaetura chapmani,,A,,,,,
Chaetura meridionalis,745,species,Sick's Swift,Martinet de Sick,Apodiformes,Apodidae,Chaeturinae,Chaetura,Chaetura meridionalis,Monotypic.,A,,,,,
Chaetura brachyura,744,species,Short-tailed Swift,Martinet polioure,Apodiformes,Apodidae,Chaeturinae,Chaetura,Chaetura brachyura,,,,,,,
Hirundapus caudacutus,750,species,White-throated Needletail,Martinet épineux,Apodiformes,Apodidae,Chaeturinae,Hirundapus,Hirundapus caudacutus,,A,,,,,
Aerodramus bartschi,751,species,Mariana Swiftlet,Salangane de Guam,Apodiformes,Apodidae,Chaeturinae,Aerodramus,Aerodramus bartschi,,,H,I,,,
Apus apus,752,species,Common Swift,Martinet noir,Apodiformes,Apodidae,Apodinae,Apus,Apus apus,,A,,,,,
Apus pacificus,753,species,Fork-tailed Swift,Martinet de Sibérie,Apodiformes,Apodidae,Apodinae,Apus,Apus pacificus,,A,,,,,
Apus melba,754,species,Alpine Swift,Martinet à ventre blanc,Apodiformes,Apodidae,Apodinae,Apus,Apus melba,,A,,,,,
Aeronautes saxatalis,755,species,White-throated Swift,Martinet à gorge blanche,Apodiformes,Apodidae,Apodinae,Aeronautes,Aeronautes saxatalis,,,,,,,
Panyptila cayennensis,756,species,Lesser Swallow-tailed Swift,Martinet de Cayenne,Apodiformes,Apodidae,Apodinae,Panyptila,Panyptila cayennensis,,,,,,,
Panyptila sanctihieronymi,757,species,Great Swallow-tailed Swift,Martinet de San Geronimo,Apodiformes,Apodidae,Apodinae,Panyptila,Panyptila sanctihieronymi,Monotypic.,,,,,,
Tachornis phoenicobia,758,species,Antillean Palm-Swift,Martinet petit-rollé,Apodiformes,Apodidae,Apodinae,Tachornis,Tachornis phoenicobia,,,,,,,
Florisuga mellivora,774,species,White-necked Jacobin,Colibri jacobin,Apodiformes,Trochilidae,Florisuginae,Florisuga,Florisuga mellivora,,,,,,,
Eutoxeres aquila,766,species,White-tipped Sicklebill,Bec-en-faucille aigle,Apodiformes,Trochilidae,Phaethornithinae,Eutoxeres,Eutoxeres aquila,,,,,,,
Glaucis aeneus,759,species,Bronzy Hermit,Ermite bronzé,Apodiformes,Trochilidae,Phaethornithinae,Glaucis,Glaucis aeneus,Monotypic.,,,,,,
Glaucis hirsutus,760,species,Rufous-breasted Hermit,Ermite hirsute,Apodiformes,Trochilidae,Phaethornithinae,Glaucis,Glaucis hirsutus,,,,,,,
Threnetes ruckeri,761,species,Band-tailed Barbthroat,Ermite de Rucker,Apodiformes,Trochilidae,Phaethornithinae,Threnetes,Threnetes ruckeri,,,,,,,
Phaethornis guy,762,species,Green Hermit,Ermite vert,Apodiformes,Trochilidae,Phaethornithinae,Phaethornis,Phaethornis guy,,,,,,,
Phaethornis mexicanus,11511,species,Mexican Hermit,Ermite de Hartert,Apodiformes,Trochilidae,Phaethornithinae,Phaethornis,Phaethornis mexicanus,Formerly considered conspecific with Phaethornis longirostris.,,,,,,
Phaethornis longirostris,763,species,Long-billed Hermit,Ermite à longue queue,Apodiformes,Trochilidae,Phaethornithinae,Phaethornis,Phaethornis longirostris,,,,,,,
Phaethornis anthophilus,764,species,Pale-bellied Hermit,Ermite anthophile,Apodiformes,Trochilidae,Phaethornithinae,Phaethornis,Phaethornis anthophilus,,,,,,,
Phaethornis striigularis,765,species,Stripe-throated Hermit,Ermite à gorge rayée,Apodiformes,Trochilidae,Phaethornithinae,Phaethornis,Phaethornis striigularis,,,,,,,
Doryfera ludovicae,768,species,Green-fronted Lancebill,Porte-lance de Louise,Apodiformes,Trochilidae,Trochilinae,Doryfera,Doryfera ludovicae,,,,,,,
Colibri delphinae,775,species,Brown Violetear,Colibri de Delphine,Apodiformes,Trochilidae,Trochilinae,Colibri,Colibri delphinae,Monotypic.,,,,,,
Colibri thalassinus,776,species,Mexican Violetear,Colibri thalassin,Apodiformes,Trochilidae,Trochilinae,Colibri,Colibri thalassinus,,,,,,,
Colibri cyanotus,11951,species,Lesser Violetear,Colibri cyanote,Apodiformes,Trochilidae,Trochilinae,Colibri,Colibri cyanotus,,,,,,,
Androdon aequatorialis,767,species,Tooth-billed Hummingbird,Colibri d'Équateur,Apodiformes,Trochilidae,Trochilinae,Androdon,Androdon aequatorialis,Monotypic.,,,,,,
Heliothryx barroti,853,species,Purple-crowned Fairy,Colibri féérique,Apodiformes,Trochilidae,Trochilinae,Heliothryx,Heliothryx barroti,Monotypic.,,,,,,
Chrysolampis mosquitus,785,species,Ruby-topaz Hummingbird,Colibri rubis-topaze,Apodiformes,Trochilidae,Trochilinae,Chrysolampis,Chrysolampis mosquitus,Monotypic.,A,,,,,
Anthracothorax prevostii,777,species,Green-breasted Mango,Mango de Prévost,Apodiformes,Trochilidae,Trochilinae,Anthracothorax,Anthracothorax prevostii,,,,,,,
Anthracothorax nigricollis,778,species,Black-throated Mango,Mango à cravate noire,Apodiformes,Trochilidae,Trochilinae,Anthracothorax,Anthracothorax nigricollis,Monotypic.,,,,,,
Anthracothorax veraguensis,779,species,Veraguan Mango,Mango de Veraguas,Apodiformes,Trochilidae,Trochilinae,Anthracothorax,Anthracothorax veraguensis,Monotypic.,,,,,,
Anthracothorax dominicus,780,species,Hispaniolan Mango,Mango doré,Apodiformes,Trochilidae,Trochilinae,Anthracothorax,Anthracothorax dominicus,Formerly considered conspecific with Anthracothorax aurulentus and known as Antillean Mango.,,,,,,
Anthracothorax aurulentus,15002,species,Puerto Rican Mango,Mango de Porto Rico,Apodiformes,Trochilidae,Trochilinae,Anthracothorax,Anthracothorax aurulentus,Formerly considered conspecific with Anthracothorax dominicus.,,,,,,
Anthracothorax viridis,781,species,Green Mango,Mango vert,Apodiformes,Trochilidae,Trochilinae,Anthracothorax,Anthracothorax viridis,Monotypic.,,,,,,
Anthracothorax mango,782,species,Jamaican Mango,Mango de Jamaïque,Apodiformes,Trochilidae,Trochilinae,Anthracothorax,Anthracothorax mango,Monotypic.,,,,,,
Eulampis jugularis,783,species,Purple-throated Carib,Colibri madère,Apodiformes,Trochilidae,Trochilinae,Eulampis,Eulampis jugularis,Monotypic.,,,,,,
Eulampis holosericeus,784,species,Green-throated Carib,Colibri falle-vert,Apodiformes,Trochilidae,Trochilinae,Eulampis,Eulampis holosericeus,,,,,,,
Discosura conversii,793,species,Green Thorntail,Coquette à queue fine,Apodiformes,Trochilidae,Trochilinae,Discosura,Discosura conversii,Monotypic.,,,,,,
Lophornis brachylophus,789,species,Short-crested Coquette,Coquette du Guerrero,Apodiformes,Trochilidae,Trochilinae,Lophornis,Lophornis brachylophus,Monotypic.,,,,,,
Lophornis delattrei,790,species,Rufous-crested Coquette,Coquette de Delattre,Apodiformes,Trochilidae,Trochilinae,Lophornis,Lophornis delattrei,,,,,,,
Lophornis helenae,791,species,Black-crested Coquette,Coquette d'Hélène,Apodiformes,Trochilidae,Trochilinae,Lophornis,Lophornis helenae,Monotypic.,,,,,,
Lophornis adorabilis,792,species,White-crested Coquette,Coquette adorable,Apodiformes,Trochilidae,Trochilinae,Lophornis,Lophornis adorabilis,Monotypic.,,,,,,
Haplophaedia aureliae,852,species,Greenish Puffleg,Érione d'Aurélie,Apodiformes,Trochilidae,Trochilinae,Haplophaedia,Haplophaedia aureliae,,,,,,,
Heliodoxa jacula,850,species,Green-crowned Brilliant,Brillant fer-de-lance,Apodiformes,Trochilidae,Trochilinae,Heliodoxa,Heliodoxa jacula,,,,,,,
Eugenes fulgens,851,species,Rivoli's Hummingbird,Colibri de Rivoli,Apodiformes,Trochilidae,Trochilinae,Eugenes,Eugenes fulgens,Formerly considered conspecific with Eugenes spectabilis.,,,,,,
Eugenes spectabilis,12831,species,Talamanca Hummingbird,Colibri de la Talamanca,Apodiformes,Trochilidae,Trochilinae,Eugenes,Eugenes spectabilis,Formerly considered conspecific with Eugenes fulgens.,,,,,,
Panterpe insignis,808,species,Fiery-throated Hummingbird,Colibri insigne,Apodiformes,Trochilidae,Trochilinae,Panterpe,Panterpe insignis,,,,,,,
Heliomaster longirostris,854,species,Long-billed Starthroat,Colibri corinne,Apodiformes,Trochilidae,Trochilinae,Heliomaster,Heliomaster longirostris,,,,,,,
Heliomaster constantii,855,species,Plain-capped Starthroat,Colibri de Constant,Apodiformes,Trochilidae,Trochilinae,Heliomaster,Heliomaster constantii,,,,,,,
Lampornis viridipallens,842,species,Green-throated Mountain-gem,Colibri vert-d'eau,Apodiformes,Trochilidae,Trochilinae,Lampornis,Lampornis viridipallens,,,,,,,
Lampornis sybillae,843,species,Green-breasted Mountain-gem,Colibri de Sybil,Apodiformes,Trochilidae,Trochilinae,Lampornis,Lampornis sybillae,Monotypic.,,,,,,
Lampornis amethystinus,844,species,Amethyst-throated Mountain-gem,Colibri à gorge améthyste,Apodiformes,Trochilidae,Trochilinae,Lampornis,Lampornis amethystinus,,,,,,,
Lampornis clemenciae,845,species,Blue-throated Mountain-gem,Colibri à gorge bleue,Apodiformes,Trochilidae,Trochilinae,Lampornis,Lampornis clemenciae,,,,,,,
Lampornis hemileucus,846,species,White-bellied Mountain-gem,Colibri à gorge lilas,Apodiformes,Trochilidae,Trochilinae,Lampornis,Lampornis hemileucus,Monotypic.,,,,,,
Lampornis calolaemus,847,species,Purple-throated Mountain-gem,Colibri à gorge pourprée,Apodiformes,Trochilidae,Trochilinae,Lampornis,Lampornis calolaemus,,,,,,,
Lampornis castaneoventris,848,species,White-throated Mountain-gem,Colibri à ventre châtain,Apodiformes,Trochilidae,Trochilinae,Lampornis,Lampornis castaneoventris,,,,,,,
Lamprolaima rhami,849,species,Garnet-throated Hummingbird,Colibri à gorge grenat,Apodiformes,Trochilidae,Trochilinae,Lamprolaima,Lamprolaima rhami,Monotypic.,,,,,,
Philodice bryantae,14671,species,Magenta-throated Woodstar,Colibri magenta,Apodiformes,Trochilidae,Trochilinae,Philodice,Philodice bryantae,Monotypic. Formerly placed in the genus Calliphlox.,,,,,,
Philodice mitchellii,14681,species,Purple-throated Woodstar,Colibri de Mitchell,Apodiformes,Trochilidae,Trochilinae,Philodice,Philodice mitchellii,Monotypic. Formerly placed in the genus Calliphlox.,,,,,,
Doricha enicura,859,species,Slender Sheartail,Colibri à queue singulière,Apodiformes,Trochilidae,Trochilinae,Doricha,Doricha enicura,Monotypic.,,,,,,
Doricha eliza,860,species,Mexican Sheartail,Colibri d’Eliza,Apodiformes,Trochilidae,Trochilinae,Doricha,Doricha eliza,Monotypic.,,,,,,
Tilmatura dupontii,861,species,Sparkling-tailed Hummingbird,Colibri zémès,Apodiformes,Trochilidae,Trochilinae,Tilmatura,Tilmatura dupontii,Monotypic.,,,,,,
Calothorax lucifer,862,species,Lucifer Hummingbird,Colibri lucifer,Apodiformes,Trochilidae,Trochilinae,Calothorax,Calothorax lucifer,Monotypic.,,,,,,
Calothorax pulcher,863,species,Beautiful Hummingbird,Colibri charmant,Apodiformes,Trochilidae,Trochilinae,Calothorax,Calothorax pulcher,Monotypic.,,,,,,
Archilochus colubris,864,species,Ruby-throated Hummingbird,Colibri à gorge rubis,Apodiformes,Trochilidae,Trochilinae,Archilochus,Archilochus colubris,Monotypic.,,,,,,
Archilochus alexandri,865,species,Black-chinned Hummingbird,Colibri à gorge noire,Apodiformes,Trochilidae,Trochilinae,Archilochus,Archilochus alexandri,Monotypic.,,,,,,
Mellisuga minima,866,species,Vervain Hummingbird,Colibri nain,Apodiformes,Trochilidae,Trochilinae,Mellisuga,Mellisuga minima,,,,,,,
Mellisuga helenae,867,species,Bee Hummingbird,Colibri d’Elena,Apodiformes,Trochilidae,Trochilinae,Mellisuga,Mellisuga helenae,Monotypic.,,,,,,
Nesophlox evelynae,13461,species,Bahama Woodstar,Colibri des Bahamas,Apodiformes,Trochilidae,Trochilinae,Nesophlox,Nesophlox evelynae,Formerly placed in the genus Calliphlox.,,,,,,
Nesophlox lyrura,13471,species,Inagua Woodstar,Colibri d'Inagua,Apodiformes,Trochilidae,Trochilinae,Nesophlox,Nesophlox lyrura,Formerly placed in the genus Calliphlox.,,,,,,
Calypte anna,868,species,Anna's Hummingbird,Colibri d'Anna,Apodiformes,Trochilidae,Trochilinae,Calypte,Calypte anna,Monotypic.,,,,,,
Calypte costae,869,species,Costa's Hummingbird,Colibri de Costa,Apodiformes,Trochilidae,Trochilinae,Calypte,Calypte costae,Monotypic.,,,,,,
Selasphorus calliope,870,species,Calliope Hummingbird,Colibri calliope,Apodiformes,Trochilidae,Trochilinae,Selasphorus,Selasphorus calliope,Monotypic.,,,,,,
Selasphorus rufus,874,species,Rufous Hummingbird,Colibri roux,Apodiformes,Trochilidae,Trochilinae,Selasphorus,Selasphorus rufus,Monotypic.,,,,,,
Selasphorus sasin,875,species,Allen's Hummingbird,Colibri d'Allen,Apodiformes,Trochilidae,Trochilinae,Selasphorus,Selasphorus sasin,,,,,,,
Selasphorus platycercus,873,species,Broad-tailed Hummingbird,Colibri à queue large,Apodiformes,Trochilidae,Trochilinae,Selasphorus,Selasphorus platycercus,Monotypic.,,,,,,
Selasphorus heloisa,13991,species,Bumblebee Hummingbird,Colibri héloïse,Apodiformes,Trochilidae,Trochilinae,Selasphorus,Selasphorus heloisa,Formerly placed in the genus Atthis.,,,,,,
Selasphorus ellioti,14001,species,Wine-throated Hummingbird,Colibri d’Elliot,Apodiformes,Trochilidae,Trochilinae,Selasphorus,Selasphorus ellioti,Formerly placed in the genus Atthis.,,,,,,
Selasphorus flammula,876,species,Volcano Hummingbird,Colibri flammule,Apodiformes,Trochilidae,Trochilinae,Selasphorus,Selasphorus flammula,,,,,,,
Selasphorus scintilla,878,species,Scintillant Hummingbird,Colibri scintillant,Apodiformes,Trochilidae,Trochilinae,Selasphorus,Selasphorus scintilla,Monotypic.,,,,,,
Selasphorus ardens,877,species,Glow-throated Hummingbird,Colibri ardent,Apodiformes,Trochilidae,Trochilinae,Selasphorus,Selasphorus ardens,Monotypic.,,,,,,
Phaeoptila sordida,14021,species,Dusky Hummingbird,Colibri sombre,Apodiformes,Trochilidae,Trochilinae,Phaeoptila,Phaeoptila sordida,Formerly placed in the genus Cynanthus. Monotypic.,,,,,,
Riccordia ricordii,14041,species,Cuban Emerald,Émeraude de Ricord,Apodiformes,Trochilidae,Trochilinae,Riccordia,Riccordia ricordii,Formerly placed in the genus Chlorostilbon. Monotypic.,,,,,,
Riccordia bracei,14051,species,Brace's Emerald,Émeraude de New Providence,Apodiformes,Trochilidae,Trochilinae,Riccordia,Riccordia bracei,Formerly placed in the genus Chlorostilbon. Monotypic.,,,,,†,
Riccordia swainsonii,14061,species,Hispaniolan Emerald,Émeraude d’Hispaniola,Apodiformes,Trochilidae,Trochilinae,Riccordia,Riccordia swainsonii,Formerly placed in the genus Chlorostilbon. Monotypic.,,,,,,
Riccordia maugaeus,14071,species,Puerto Rican Emerald,Émeraude de Porto Rico,Apodiformes,Trochilidae,Trochilinae,Riccordia,Riccordia maugaeus,Formerly placed in the genus Chlorostilbon. Monotypic.,,,,,,
Riccordia bicolor,14081,species,Blue-headed Hummingbird,Colibri à tête bleue,Apodiformes,Trochilidae,Trochilinae,Riccordia,Riccordia bicolor,Formerly placed in the genus Cyanophaia. Monotypic.,,,,,,
Cynanthus latirostris,803,species,Broad-billed Hummingbird,Colibri circé,Apodiformes,Trochilidae,Trochilinae,Cynanthus,Cynanthus latirostris,,,,,,,
Cynanthus lawrencei,15003,species,Tres Marias Hummingbird,Colibri des Marias,Apodiformes,Trochilidae,Trochilinae,Cynanthus,Cynanthus lawrencei,Formerly considered conspecific with Cynanthus latirostris and C. doubledayi.,,,,,,
Cynanthus doubledayi,15004,species,Turquoise-crowned Hummingbird,Colibri de Doubleday,Apodiformes,Trochilidae,Trochilinae,Cynanthus,Cynanthus doubledayi,Formerly considered conspecific with Cynanthus latirostris and C. lawrencei.,,,,,,
Cynanthus auriceps,14121,species,Golden-crowned Emerald,Émeraude couronnée,Apodiformes,Trochilidae,Trochilinae,Cynanthus,Cynanthus auriceps,Formerly placed in the genus Chlorostilbon. Monotypic.,,,,,,
Cynanthus forficatus,14131,species,Cozumel Emerald,Émeraude de Cozumel,Apodiformes,Trochilidae,Trochilinae,Cynanthus,Cynanthus forficatus,Formerly placed in the genus Chlorostilbon. Monotypic.,,,,,,
Cynanthus canivetii,14141,species,Canivet's Emerald,Émeraude de Canivet,Apodiformes,Trochilidae,Trochilinae,Cynanthus,Cynanthus canivetii,Formerly placed in the genus Chlorostilbon.,,,,,,
Chlorostilbon assimilis,797,species,Garden Emerald,Émeraude du Panama,Apodiformes,Trochilidae,Trochilinae,Chlorostilbon,Chlorostilbon assimilis,Monotypic.,,,,,,
Basilinna leucotis,14101,species,White-eared Hummingbird,Colibri à oreilles blanches,Apodiformes,Trochilidae,Trochilinae,Basilinna,Basilinna leucotis,Formerly placed in the genus Hylocharis.,,,,,,
Basilinna xantusii,14111,species,Xantus's Hummingbird,Colibri de Xantus,Apodiformes,Trochilidae,Trochilinae,Basilinna,Basilinna xantusii,Formerly placed in the genus Hylocharis. Monotypic.,,,,,,
Pampa curvipennis,14161,species,Wedge-tailed Sabrewing,Campyloptère pampa,Apodiformes,Trochilidae,Trochilinae,Pampa,Pampa curvipennis,Formerly placed in the genus Campylopterus.,,,,,,
Pampa rufa,14181,species,Rufous Sabrewing,Campyloptère roux,Apodiformes,Trochilidae,Trochilinae,Pampa,Pampa rufa,Formerly placed in the genus Campylopterus. Monotypic.,,,,,,
Abeillia abeillei,788,species,Emerald-chinned Hummingbird,Colibri d'Abeillé,Apodiformes,Trochilidae,Trochilinae,Abeillia,Abeillia abeillei,,,,,,,
Klais guimeti,787,species,Violet-headed Hummingbird,Colibri à tête violette,Apodiformes,Trochilidae,Trochilinae,Klais,Klais guimeti,,,,,,,
Orthorhyncus cristatus,786,species,Antillean Crested Hummingbird,Colibri huppé,Apodiformes,Trochilidae,Trochilinae,Orthorhyncus,Orthorhyncus cristatus,,,,,,,
Campylopterus hemileucurus,773,species,Violet Sabrewing,Campyloptère violet,Apodiformes,Trochilidae,Trochilinae,Campylopterus,Campylopterus hemileucurus,,,,,,,
Chalybura urochrysia,841,species,Bronze-tailed Plumeleteer,Colibri à queue bronzée,Apodiformes,Trochilidae,Trochilinae,Chalybura,Chalybura urochrysia,,,,,,,
Chalybura buffonii,840,species,White-vented Plumeleteer,Colibri de Buffon,Apodiformes,Trochilidae,Trochilinae,Chalybura,Chalybura buffonii,,,,,,,
Thalurania colombica,806,species,Crowned Woodnymph,Dryade couronnée,Apodiformes,Trochilidae,Trochilinae,Thalurania,Thalurania colombica,,,,,,,
Microchera albocoronata,839,species,Snowcap,Colibri à coiffe blanche,Apodiformes,Trochilidae,Trochilinae,Microchera,Microchera albocoronata,,,,,,,
Microchera cupreiceps,14281,species,Coppery-headed Emerald,Colibri à tête cuivrée,Apodiformes,Trochilidae,Trochilinae,Microchera,Microchera cupreiceps,Formerly placed in the genus Elvira. Monotypic.,,,,,,
Microchera chionura,14271,species,White-tailed Emerald,Colibri elvire,Apodiformes,Trochilidae,Trochilinae,Microchera,Microchera chionura,Formerly placed in the genus Elvira. Monotypic.,,,,,,
Goldmania violiceps,815,species,Violet-capped Hummingbird,Colibri à calotte violette,Apodiformes,Trochilidae,Trochilinae,Goldmania,Goldmania violiceps,,,,,,,
Goldmania bella,14301,species,Pirre Hummingbird,Colibri du Pirré,Apodiformes,Trochilidae,Trochilinae,Goldmania,Goldmania bella,Formerly placed in the genus Goethalsia. Monotypic.,,,,,,
Eupherusa ridgwayi,14291,species,Mexican Woodnymph,Dryade du Mexique,Apodiformes,Trochilidae,Trochilinae,Eupherusa,Eupherusa ridgwayi,Formerly placed in the genus Thalurania. Monotypic.,,,,,,
Eupherusa poliocerca,835,species,White-tailed Hummingbird,Colibri du Guerrero,Apodiformes,Trochilidae,Trochilinae,Eupherusa,Eupherusa poliocerca,Monotypic.,,,,,,
Eupherusa cyanophrys,834,species,Blue-capped Hummingbird,Colibri d'Oaxaca,Apodiformes,Trochilidae,Trochilinae,Eupherusa,Eupherusa cyanophrys,Monotypic.,,,,,,
Eupherusa eximia,833,species,Stripe-tailed Hummingbird,Colibri à épaulettes,Apodiformes,Trochilidae,Trochilinae,Eupherusa,Eupherusa eximia,,,,,,,
Eupherusa nigriventris,836,species,Black-bellied Hummingbird,Colibri à ventre noir,Apodiformes,Trochilidae,Trochilinae,Eupherusa,Eupherusa nigriventris,Monotypic.,,,,,,
Phaeochroa cuvierii,769,species,Scaly-breasted Hummingbird,Colibri de Cuvier,Apodiformes,Trochilidae,Trochilinae,Phaeochroa,Phaeochroa cuvierii,,,,,,,
Trochilus polytmus,817,species,Red-billed Streamertail,Colibri à tête noire,Apodiformes,Trochilidae,Trochilinae,Trochilus,Trochilus polytmus,Previously considered conspecific with Trochilus scitulus.,,,,,,
Trochilus scitulus,15005,species,Black-billed Streamertail,Colibri à bec noir,Apodiformes,Trochilidae,Trochilinae,Trochilus,Trochilus scitulus,Formerly considered conspecific with Trochilus polytmus.,,,,,,
Ramosomyia violiceps,15007,species,Violet-crowned Hummingbird,Ariane à couronne violette,Apodiformes,Trochilidae,Trochilinae,Ramosomyia,Ramosomyia violiceps,Formerly placed in the genus Leucolia.,,,,,,
Ramosomyia viridifrons,15008,species,Green-fronted Hummingbird,Ariane à front vert,Apodiformes,Trochilidae,Trochilinae,Ramosomyia,Ramosomyia viridifrons,Formerly placed in the genus Leucolia.,,,,,,
Saucerottia cyanocephala,14231,species,Azure-crowned Hummingbird,Ariane à couronne azur,Apodiformes,Trochilidae,Trochilinae,Saucerottia,Saucerottia cyanocephala,Formerly placed in the genus Amazilia.,,,,,,
Saucerottia hoffmanni,14241,species,Blue-vented Hummingbird,Ariane de Hoffmann,Apodiformes,Trochilidae,Trochilinae,Saucerottia,Saucerottia hoffmanni,Formerly placed in the genus Amazilia and considered conspecific with Saucerottia saucerottei.,,,,,,
Saucerottia beryllina,14311,species,Berylline Hummingbird,Ariane béryl,Apodiformes,Trochilidae,Trochilinae,Saucerottia,Saucerottia beryllina,Formerly placed in the genus Amazilia. ,,,,,,
Saucerottia cyanura,14321,species,Blue-tailed Hummingbird,Ariane à queue bleue,Apodiformes,Trochilidae,Trochilinae,Saucerottia,Saucerottia cyanura,Formerly placed in the genus Amazilia. ,,,,,,
Saucerottia edward,14331,species,Snowy-bellied Hummingbird,Ariane d’Edward,Apodiformes,Trochilidae,Trochilinae,Saucerottia,Saucerottia edward,Formerly placed in the genus Amazilia.,,,,,,
Amazilia rutila,830,species,Cinnamon Hummingbird,Ariane cannelle,Apodiformes,Trochilidae,Trochilinae,Amazilia,Amazilia rutila,,,,,,,
Amazilia yucatanensis,829,species,Buff-bellied Hummingbird,Ariane du Yucatan,Apodiformes,Trochilidae,Trochilinae,Amazilia,Amazilia yucatanensis,,,,,,,
Amazilia tzacatl,828,species,Rufous-tailed Hummingbird,Ariane à ventre gris,Apodiformes,Trochilidae,Trochilinae,Amazilia,Amazilia tzacatl,,,,,,,
Amazilia luciae,819,species,Honduran Emerald,Ariane de Lucy,Apodiformes,Trochilidae,Trochilinae,Amazilia,Amazilia luciae,Monotypic.,,,,,,*
Amazilis amazilia,14701,species,Amazilia Hummingbird,Ariane de Lesson,Apodiformes,Trochilidae,Trochilinae,Amazilis,Amazilis amazilia,,A,,,,,
Chrysuronia boucardi,15088,species,Mangrove Hummingbird,Ariane de Boucard,Apodiformes,Trochilidae,Trochilinae,Chrysuronia,Chrysuronia boucardi,Formerly placed in the genus Amazilia. Monotypic.,,,,,,
Chrysuronia coeruleogularis,14361,species,Sapphire-throated Hummingbird,Colibri faux-saphir,Apodiformes,Trochilidae,Trochilinae,Chrysuronia,Chrysuronia coeruleogularis,Formerly placed in the genus Lepidopyga.,,,,,,
Chrysuronia humboldtii,14351,species,Humboldt's Sapphire,Ariane de Humboldt,Apodiformes,Trochilidae,Trochilinae,Chrysuronia,Chrysuronia humboldtii,Formerly placed in the genus Hylocharis. Monotypic.,,,,,,
Polyerata amabilis,14381,species,Blue-chested Hummingbird,Ariane aimable,Apodiformes,Trochilidae,Trochilinae,Polyerata,Polyerata amabilis,Formerly placed in the genus Amazilia. Monotypic.,,,,,,
Polyerata decora,14391,species,Charming Hummingbird,Ariane charmante,Apodiformes,Trochilidae,Trochilinae,Polyerata,Polyerata decora,Formerly placed in the genus Amazilia. Monotypic.,,,,,,
Chlorestes candida,14411,species,White-bellied Emerald,Ariane candide,Apodiformes,Trochilidae,Trochilinae,Chlorestes,Chlorestes candida,Formerly placed in the genus Amazilia. ,,,,,,
Chlorestes eliciae,14421,species,Blue-throated Goldentail,Colibri d'Élicia,Apodiformes,Trochilidae,Trochilinae,Chlorestes,Chlorestes eliciae,Formerly placed in the genus Hylocharis.,,,,,,
Chlorestes julie,14431,species,Violet-bellied Hummingbird,Colibri de Julie,Apodiformes,Trochilidae,Trochilinae,Chlorestes,Chlorestes julie,Formerly placed in the genus Juliamyia.,,,,,,
Pardirallus maculatus,354,species,Spotted Rail,Râle tacheté,Gruiformes,Rallidae,,Pardirallus,Pardirallus maculatus,,,,,,,
Mustelirallus cerverai,15048,species,Zapata Rail,Râle de Zapata,Gruiformes,Rallidae,,Mustelirallus,Mustelirallus cerverai,Formerly placed in the genus Cyanolimnas. Monotypic.,,,,,,
Mustelirallus colombianus,15049,species,Colombian Crake,Râle de Colombie,Gruiformes,Rallidae,,Mustelirallus,Mustelirallus colombianus,Formerly placed in the genus Neocrex.,,,,,,
Mustelirallus erythrops,15050,species,Paint-billed Crake,Râle à bec peint,Gruiformes,Rallidae,,Mustelirallus,Mustelirallus erythrops,Formerly placed in the genus Neocrex.,,,,,,
Amaurolimnas concolor,345,species,Uniform Crake,Râle concolore,Gruiformes,Rallidae,,Amaurolimnas,Amaurolimnas concolor,,,,,,,
Aramides axillaris,343,species,Rufous-necked Wood-Rail,Râle à cou roux,Gruiformes,Rallidae,,Aramides,Aramides axillaris,Monotypic.,,,,,,
Aramides albiventris,11991,species,Russet-naped Wood-Rail,Râle à ventre blanc,Gruiformes,Rallidae,,Aramides,Aramides albiventris,Formerly included in Aramides cajaneus.,,,,,,
Aramides cajaneus,9851,species,Gray-cowled Wood-Rail,Râle de Cayenne,Gruiformes,Rallidae,,Aramides,Aramides cajaneus,Formerly Aramides cajanea.,,,,,,
Rallus obsoletus,11191,species,Ridgway's Rail,Râle de Californie,Gruiformes,Rallidae,,Rallus,Rallus obsoletus,Formerly considered conspecific with Rallus longirostris.,,,,,,
Rallus tenuirostris,11201,species,Aztec Rail,Râle du Mexique,Gruiformes,Rallidae,,Rallus,Rallus tenuirostris,Formerly considered conspecific with Rallus elegans.,,,,,,
Rallus longirostris,12391,species,Mangrove Rail,Râle gris,Gruiformes,Rallidae,,Rallus,Rallus longirostris,,,,,,,
Rallus elegans,341,species,King Rail,Râle élégant,Gruiformes,Rallidae,,Rallus,Rallus elegans,,,,,,,
Rallus crepitans,11211,species,Clapper Rail,Râle tapageur,Gruiformes,Rallidae,,Rallus,Rallus crepitans,Formerly considered conspecific with Rallus longirostris.,,,,,,
Rallus limicola,342,species,Virginia Rail,Râle de Virginie,Gruiformes,Rallidae,,Rallus,Rallus limicola,,,,,,,
Rallus aquaticus,12301,species,Western Water-Rail,Râle d'eau,Gruiformes,Rallidae,,Rallus,Rallus aquaticus,,A,,,,,
Crex crex,339,species,Corn Crake,Râle des genêts,Gruiformes,Rallidae,,Crex,Crex crex,Monotypic.,A,,,,,
Porzana carolina,348,species,Sora,Marouette de Caroline,Gruiformes,Rallidae,,Porzana,Porzana carolina,Monotypic.,,,,,,
Porzana porzana,347,species,Spotted Crake,Marouette ponctuée,Gruiformes,Rallidae,,Porzana,Porzana porzana,Monotypic.,A,,,,,
Gallinula galeata,357,species,Common Gallinule,Gallinule d'Amérique,Gruiformes,Rallidae,,Gallinula,Gallinula galeata,,,,,,,
Gallinula chloropus,10631,species,Common Moorhen,Gallinule poule-d’eau,Gruiformes,Rallidae,,Gallinula,Gallinula chloropus,,A,,,,,
Fulica atra,358,species,Eurasian Coot,Foulque macroule,Gruiformes,Rallidae,,Fulica,Fulica atra,,A,,,,,
Fulica alai,359,species,Hawaiian Coot,Foulque des Hawaï,Gruiformes,Rallidae,,Fulica,Fulica alai,Monotypic.,,H,,,,
Fulica americana,360,species,American Coot,Foulque d'Amérique,Gruiformes,Rallidae,,Fulica,Fulica americana,,,,,,,
Porphyrio martinica,9871,species,Purple Gallinule,Talève violacée,Gruiformes,Rallidae,,Porphyrio,Porphyrio martinicus,Monotypic.,,,,,,
Porphyrio flavirostris,356,species,Azure Gallinule,Talève favorite,Gruiformes,Rallidae,,Porphyrio,Porphyrio flavirostris,Monotypic.,A,,,,,
Porphyrio porphyrio,12021,species,Purple Swamphen,Talève sultane,Gruiformes,Rallidae,,Porphyrio,Porphyrio porphyrio,,A,,I,,,
Rufirallus schomburgkii,15052,species,Ocellated Crake,Râle ocellé,Gruiformes,Rallidae,,Rufirallus,Rufirallus schomburgkii,Formerly placed in the genus Micropygia.,,,,,,
Coturnicops noveboracensis,333,species,Yellow Rail,Râle jaune,Gruiformes,Rallidae,,Coturnicops,Coturnicops noveboracensis,,,,,,,
Hapalocrex flaviventer,350,species,Yellow-breasted Crake,Marouette à sourcils blancs,Gruiformes,Rallidae,,Hapalocrex,Hapalocrex flaviventer,,,,,,,
Laterallus ruber,335,species,Ruddy Crake,Râle roux,Gruiformes,Rallidae,,Laterallus,Laterallus ruber,Monotypic.,,,,,,
Laterallus albigularis,336,species,White-throated Crake,Râle à menton blanc,Gruiformes,Rallidae,,Laterallus,Laterallus albigularis,,,,,,,
Laterallus exilis,337,species,Gray-breasted Crake,Râle grêle,Gruiformes,Rallidae,,Laterallus,Laterallus exilis,Monotypic.,,,,,,
Laterallus jamaicensis,338,species,Black Rail,Râle noir,Gruiformes,Rallidae,,Laterallus,Laterallus jamaicensis,,,,,,,
Zapornia palmeri,346,species,Laysan Rail,Marouette de Laysan,Gruiformes,Rallidae,,Zapornia,Zapornia palmeri,Monotypic.,,H,,,†,
Zapornia sandwichensis,349,species,Hawaiian Rail,Marouette des Hawaï,Gruiformes,Rallidae,,Zapornia,Zapornia sandwichensis,Monotypic.,,H,,,†,
Heliornis fulica,362,species,Sungrebe,Grébifoulque d'Amérique,Gruiformes,Heliornithidae,,Heliornis,Heliornis fulica,Monotypic.,,,,,,
Aramus guarauna,364,species,Limpkin,Courlan brun,Gruiformes,Aramidae,,Aramus,Aramus guarauna,,,,,,,
Antigone canadensis,365,species,Sandhill Crane,Grue du Canada,Gruiformes,Gruidae,Gruinae,Antigone,Antigone canadensis,,,,,,,
Grus grus,366,species,Common Crane,Grue cendrée,Gruiformes,Gruidae,Gruinae,Grus,Grus grus,,A,,,,,
Grus monacha,15012,species,Hooded Crane,Grue moine,Gruiformes,Gruidae,Gruinae,Grus,Grus monacha,,A,,,,,
Grus americana,367,species,Whooping Crane,Grue blanche,Gruiformes,Gruidae,Gruinae,Grus,Grus americana,Monotypic.,,,,,,
Hesperoburhinus bistriatus,15083,species,Double-striped Thick-knee,Oedicnème bistrié,Charadriiformes,Burhinidae,,Hesperoburhinus,Hesperoburhinus bistriatus,Formerly placed in the genus Burhhinus.,,,,,,
Himantopus himantopus,390,species,Black-winged Stilt,Échasse blanche,Charadriiformes,Recurvirostridae,,Himantopus,Himantopus himantopus,,A,,,,,
Himantopus mexicanus,391,species,Black-necked Stilt,Échasse d'Amérique,Charadriiformes,Recurvirostridae,,Himantopus,Himantopus mexicanus,,,,,,,
Recurvirostra americana,392,species,American Avocet,Avocette d'Amérique,Charadriiformes,Recurvirostridae,,Recurvirostra,Recurvirostra americana,Monotypic.,,,,,,
Haematopus ostralegus,387,species,Eurasian Oystercatcher,Huîtrier pie,Charadriiformes,Haematopodidae,,Haematopus,Haematopus ostralegus,,A,,,,,
Haematopus palliatus,388,species,American Oystercatcher,Huîtrier d'Amérique,Charadriiformes,Haematopodidae,,Haematopus,Haematopus palliatus,,,,,,,
Haematopus bachmani,389,species,Black Oystercatcher,Huîtrier de Bachman,Charadriiformes,Haematopodidae,,Haematopus,Haematopus bachmani,Monotypic.,,,,,,
Pluvialis squatarola,371,species,Black-bellied Plover,Pluvier argenté,Charadriiformes,Charadriidae,Pluvialinae,Pluvialis,Pluvialis squatarola,Monotypic.,,,,,,
Pluvialis apricaria,372,species,European Golden-Plover,Pluvier doré,Charadriiformes,Charadriidae,Pluvialinae,Pluvialis,Pluvialis apricaria,,,,,,,
Pluvialis dominica,373,species,American Golden-Plover,Pluvier bronzé,Charadriiformes,Charadriidae,Pluvialinae,Pluvialis,Pluvialis dominica,Monotypic.,,,,,,
Pluvialis fulva,374,species,Pacific Golden-Plover,Pluvier fauve,Charadriiformes,Charadriidae,Pluvialinae,Pluvialis,Pluvialis fulva,Monotypic.,,,,,,
Eudromias morinellus,386,species,Eurasian Dotterel,Pluvier guignard,Charadriiformes,Charadriidae,Charadriinae,Eudromias,Eudromias morinellus,Monotypic. Formerly placed in the genus Charadrius.,,,,,,
Charadrius vociferus,384,species,Killdeer,Pluvier kildir,Charadriiformes,Charadriidae,Charadriinae,Charadrius,Charadrius vociferus,,,,,,,
Charadrius hiaticula,380,species,Common Ringed Plover,Pluvier grand-gravelot,Charadriiformes,Charadriidae,Charadriinae,Charadrius,Charadrius hiaticula,,,,,,,
Charadrius semipalmatus,381,species,Semipalmated Plover,Pluvier semipalmé,Charadriiformes,Charadriidae,Charadriinae,Charadrius,Charadrius semipalmatus,Monotypic.,,,,,,
Charadrius melodus,382,species,Piping Plover,Pluvier siffleur,Charadriiformes,Charadriidae,Charadriinae,Charadrius,Charadrius melodus,Monotypic.,,,,,,
Charadrius dubius,383,species,Little Ringed Plover,Pluvier petit-gravelot,Charadriiformes,Charadriidae,Charadriinae,Charadrius,Charadrius dubius,,A,,,,,
Vanellus vanellus,369,species,Northern Lapwing,Vanneau huppé,Charadriiformes,Charadriidae,Charadriinae,Vanellus,Vanellus vanellus,Monotypic.,A,,,,,
Vanellus chilensis,370,species,Southern Lapwing,Vanneau téro,Charadriiformes,Charadriidae,Charadriinae,Vanellus,Vanellus chilensis,,,,,N,,
Anarhynchus mongolus,375,species,Siberian Sand-Plover,Pluvier de Mongolie,Charadriiformes,Charadriidae,Charadriinae,Anarhynchus,Anarhynchus mongolus,Formerly placed in the genus Charadrius.,,,,N,,
Anarhynchus leschenaultii,376,species,Greater Sand-Plover,Pluvier de Leschenault,Charadriiformes,Charadriidae,Charadriinae,Anarhynchus,Anarhynchus leschenaultii,Formerly placed in the genus Charadrius.,A,,,,,
Anarhynchus veredus,12311,species,Oriental Plover,Pluvier oriental,Charadriiformes,Charadriidae,Charadriinae,Anarhynchus,Anarhynchus veredus,Formerly placed in the genus Charadrius.,A,,,,,
Charadrius wilsonia,379,species,Wilson's Plover,Pluvier de Wilson,Charadriiformes,Charadriidae,Charadriinae,Anarhynchus,Anarhynchus wilsonia,Formerly placed in the genus Charadrius.,,,,,,
Anarhynchus collaris,377,species,Collared Plover,Pluvier d'Azara,Charadriiformes,Charadriidae,Charadriinae,Anarhynchus,Anarhynchus collaris,Monotypic. Formerly placed in the genus Charadrius.,,,,,,
Charadrius montanus,385,species,Mountain Plover,Pluvier montagnard,Charadriiformes,Charadriidae,Charadriinae,Anarhynchus,Anarhynchus montanus,Monotypic. Formerly placed in the genus Charadrius.,,,,,,
Charadrius nivosus,378,species,Snowy Plover,Pluvier neigeux,Charadriiformes,Charadriidae,Charadriinae,Anarhynchus,Anarhynchus nivosus,Formerly placed in the genus Charadrius.,,,,,,
Jacana spinosa,393,species,Northern Jacana,Jacana du Mexique,Charadriiformes,Jacanidae,,Jacana,Jacana spinosa,,,,,,,
Jacana jacana,394,species,Wattled Jacana,Jacana noir,Charadriiformes,Jacanidae,,Jacana,Jacana jacana,,,,,,,
Bartramia longicauda,410,species,Upland Sandpiper,Maubèche des champs,Charadriiformes,Scolopacidae,Numeniinae,Bartramia,Bartramia longicauda,Monotypic.,,,,,,
Numenius tahitiensis,414,species,Bristle-thighed Curlew,Courlis d'Alaska,Charadriiformes,Scolopacidae,Numeniinae,Numenius,Numenius tahitiensis,Monotypic.,,,,,,
Numenius phaeopus,413,species,Whimbrel,Courlis corlieu,Charadriiformes,Scolopacidae,Numeniinae,Numenius,Numenius phaeopus,,,,,,,
Numenius minutus,411,species,Little Curlew,Courlis nain,Charadriiformes,Scolopacidae,Numeniinae,Numenius,Numenius minutus,Monotypic.,A,,,,,
Numenius borealis,412,species,Eskimo Curlew,Courlis esquimau,Charadriiformes,Scolopacidae,Numeniinae,Numenius,Numenius borealis,Monotypic.,,,,,,
Numenius americanus,418,species,Long-billed Curlew,Courlis à long bec,Charadriiformes,Scolopacidae,Numeniinae,Numenius,Numenius americanus,,,,,,,
Numenius madagascariensis,415,species,Far Eastern Curlew,Courlis de Sibérie,Charadriiformes,Scolopacidae,Numeniinae,Numenius,Numenius madagascariensis,Monotypic.,,,,N,,
Numenius tenuirostris,416,species,Slender-billed Curlew,Courlis à bec grêle,Charadriiformes,Scolopacidae,Numeniinae,Numenius,Numenius tenuirostris,Monotypic.,A,,,,,
Numenius arquata,417,species,Eurasian Curlew,Courlis cendré,Charadriiformes,Scolopacidae,Numeniinae,Numenius,Numenius arquata,,A,,,,,
Limosa lapponica,421,species,Bar-tailed Godwit,Barge rousse,Charadriiformes,Scolopacidae,Limosinae,Limosa,Limosa lapponica,,,,,,,
Limosa limosa,419,species,Black-tailed Godwit,Barge à queue noire,Charadriiformes,Scolopacidae,Limosinae,Limosa,Limosa limosa,,,,,N,,
Limosa haemastica,420,species,Hudsonian Godwit,Barge hudsonienne,Charadriiformes,Scolopacidae,Limosinae,Limosa,Limosa haemastica,Monotypic.,,,,,,
Limosa fedoa,422,species,Marbled Godwit,Barge marbrée,Charadriiformes,Scolopacidae,Limosinae,Limosa,Limosa fedoa,,,,,,,
Arenaria interpres,423,species,Ruddy Turnstone,Tournepierre à collier,Charadriiformes,Scolopacidae,Arenariinae,Arenaria,Arenaria interpres,,,,,,,
Arenaria melanocephala,424,species,Black Turnstone,Tournepierre noir,Charadriiformes,Scolopacidae,Arenariinae,Arenaria,Arenaria melanocephala,Monotypic.,,,,,,
Calidris tenuirostris,426,species,Great Knot,Bécasseau de l'Anadyr,Charadriiformes,Scolopacidae,Arenariinae,Calidris,Calidris tenuirostris,Monotypic.,A,,,,,
Calidris canutus,427,species,Red Knot,Bécasseau maubèche,Charadriiformes,Scolopacidae,Arenariinae,Calidris,Calidris canutus,,,,,,,
Calidris virgata,10411,species,Surfbird,Bécasseau du ressac,Charadriiformes,Scolopacidae,Arenariinae,Calidris,Calidris virgata,Formerly placed in the genus Aphriza. Monotypic.,,,,,,
Calidris pugnax,10421,species,Ruff,Combattant varié,Charadriiformes,Scolopacidae,Arenariinae,Calidris,Calidris pugnax,Formerly placed in the genus Philomachus. Monotypic.,,,,,,
Calidris falcinellus,10431,species,Broad-billed Sandpiper,Bécasseau falcinelle,Charadriiformes,Scolopacidae,Arenariinae,Calidris,Calidris falcinellus,Formerly placed in the genus Limicola.,A,,,,,
Calidris acuminata,439,species,Sharp-tailed Sandpiper,Bécasseau à queue pointue,Charadriiformes,Scolopacidae,Arenariinae,Calidris,Calidris acuminata,Monotypic.,,,,N,,
Calidris himantopus,444,species,Stilt Sandpiper,Bécasseau à échasses,Charadriiformes,Scolopacidae,Arenariinae,Calidris,Calidris himantopus,Monotypic.,,,,,,
Calidris ferruginea,443,species,Curlew Sandpiper,Bécasseau cocorli,Charadriiformes,Scolopacidae,Arenariinae,Calidris,Calidris ferruginea,Monotypic.,,,,,,
Calidris temminckii,433,species,Temminck's Stint,Bécasseau de Temminck,Charadriiformes,Scolopacidae,Arenariinae,Calidris,Calidris temminckii,Monotypic.,A,,,,,
Calidris subminuta,434,species,Long-toed Stint,Bécasseau à longs doigts,Charadriiformes,Scolopacidae,Arenariinae,Calidris,Calidris subminuta,Monotypic.,,,,N,,
Calidris pygmea,10461,species,Spoon-billed Sandpiper,Bécasseau spatule,Charadriiformes,Scolopacidae,Arenariinae,Calidris,Calidris pygmea,Formerly placed in the genus Eurynorhynchus. Monotypic.,A,,,,,
Calidris ruficollis,431,species,Red-necked Stint,Bécasseau à col roux,Charadriiformes,Scolopacidae,Arenariinae,Calidris,Calidris ruficollis,Monotypic.,,,,,,
Calidris alba,428,species,Sanderling,Bécasseau sanderling,Charadriiformes,Scolopacidae,Arenariinae,Calidris,Calidris alba,Recognized as monotypic by del Hoyo et al. (1992) and Clements (2000) and BNA. Howard and Moore recognized 2 subspecies: <i></> C.a. alba and C.a. rubida.</>,,,,,,
Calidris alpina,442,species,Dunlin,Bécasseau variable,Charadriiformes,Scolopacidae,Arenariinae,Calidris,Calidris alpina,,,,,,,
Calidris ptilocnemis,441,species,Rock Sandpiper,Bécasseau des Aléoutiennes,Charadriiformes,Scolopacidae,Arenariinae,Calidris,Calidris ptilocnemis,,,,,,,
Calidris maritima,440,species,Purple Sandpiper,Bécasseau violet,Charadriiformes,Scolopacidae,Arenariinae,Calidris,Calidris maritima,"Recognized as monotypic by del Hoyo et al. (1992), Clements (2000) and BNA. Howard and Moore (2003) recognizes 3 subspecies: <i></>C.m. belcheri, C.m....",,,,,,
Calidris bairdii,437,species,Baird's Sandpiper,Bécasseau de Baird,Charadriiformes,Scolopacidae,Arenariinae,Calidris,Calidris bairdii,Monotypic.,,,,,,
Calidris minuta,432,species,Little Stint,Bécasseau minute,Charadriiformes,Scolopacidae,Arenariinae,Calidris,Calidris minuta,Monotypic.,,,,N,,
Calidris minutilla,435,species,Least Sandpiper,Bécasseau minuscule,Charadriiformes,Scolopacidae,Arenariinae,Calidris,Calidris minutilla,Monotypic.,,,,,,
Calidris fuscicollis,436,species,White-rumped Sandpiper,Bécasseau à croupion blanc,Charadriiformes,Scolopacidae,Arenariinae,Calidris,Calidris fuscicollis,Monotypic.,,,,,,
Calidris subruficollis,10471,species,Buff-breasted Sandpiper,Bécasseau roussâtre,Charadriiformes,Scolopacidae,Arenariinae,Calidris,Calidris subruficollis,Formerly placed in the genus Tryngites. Monotypic.,,,,,,
Calidris melanotos,438,species,Pectoral Sandpiper,Bécasseau à poitrine cendrée,Charadriiformes,Scolopacidae,Arenariinae,Calidris,Calidris melanotos,Monotypic.,,,,,,
Calidris pusilla,429,species,Semipalmated Sandpiper,Bécasseau semipalmé,Charadriiformes,Scolopacidae,Arenariinae,Calidris,Calidris pusilla,Monotypic.,,,,,,
Calidris mauri,430,species,Western Sandpiper,Bécasseau d'Alaska,Charadriiformes,Scolopacidae,Arenariinae,Calidris,Calidris mauri,Monotypic.,,,,,,
Limnodromus griseus,449,species,Short-billed Dowitcher,Bécassin roux,Charadriiformes,Scolopacidae,Scolopacinae,Limnodromus,Limnodromus griseus,,,,,,,
Limnodromus scolopaceus,450,species,Long-billed Dowitcher,Bécassin à long bec,Charadriiformes,Scolopacidae,Scolopacinae,Limnodromus,Limnodromus scolopaceus,Monotypic.,,,,,,
Lymnocryptes minimus,451,species,Jack Snipe,Bécassine sourde,Charadriiformes,Scolopacidae,Scolopacinae,Lymnocryptes,Lymnocryptes minimus,Monotypic.,A,,,,,
Scolopax rusticola,455,species,Eurasian Woodcock,Bécasse des bois,Charadriiformes,Scolopacidae,Scolopacinae,Scolopax,Scolopax rusticola,Monotypic.,A,,,,,
Scolopax minor,456,species,American Woodcock,Bécasse d'Amérique,Charadriiformes,Scolopacidae,Scolopacinae,Scolopax,Scolopax minor,Monotypic.,,,,,,
Gallinago solitaria,2075,species,Solitary Snipe,Bécassine solitaire,Charadriiformes,Scolopacidae,Scolopacinae,Gallinago,Gallinago solitaria,,A,,,,,
Gallinago stenura,454,species,Pin-tailed Snipe,Bécassine à queue pointue,Charadriiformes,Scolopacidae,Scolopacinae,Gallinago,Gallinago stenura,Monotypic.,A,,,,,
Gallinago gallinago,453,species,Common Snipe,Bécassine des marais,Charadriiformes,Scolopacidae,Scolopacinae,Gallinago,Gallinago gallinago,,,,,,,
Gallinago delicata,452,species,Wilson's Snipe,Bécassine de Wilson,Charadriiformes,Scolopacidae,Scolopacinae,Gallinago,Gallinago delicata,Monotypic.,,,,,,
Xenus cinereus,395,species,Terek Sandpiper,Chevalier bargette,Charadriiformes,Scolopacidae,Tringinae,Xenus,Xenus cinereus,Monotypic.,,,,N,,
Actitis hypoleucos,396,species,Common Sandpiper,Chevalier guignette,Charadriiformes,Scolopacidae,Tringinae,Actitis,Actitis hypoleucos,Monotypic.,,,,N,,
Actitis macularius,397,species,Spotted Sandpiper,Chevalier grivelé,Charadriiformes,Scolopacidae,Tringinae,Actitis,Actitis macularius,Monotypic.,,,,,,
Tringa ochropus,398,species,Green Sandpiper,Chevalier cul-blanc,Charadriiformes,Scolopacidae,Tringinae,Tringa,Tringa ochropus,Monotypic,A,,,,,
Tringa solitaria,399,species,Solitary Sandpiper,Chevalier solitaire,Charadriiformes,Scolopacidae,Tringinae,Tringa,Tringa solitaria,,,,,,,
Tringa brevipes,400,species,Gray-tailed Tattler,Chevalier de Sibérie,Charadriiformes,Scolopacidae,Tringinae,Tringa,Tringa brevipes,Monotypic. Referred to as <i>Heterscelus brevipes</i> by Clements (2000) and Howard and Moore (2003).,,,,N,,
Tringa incana,401,species,Wandering Tattler,Chevalier errant,Charadriiformes,Scolopacidae,Tringinae,Tringa,Tringa incana,Monotypic. Referred to as <i> Heterosceles incanus</i> by Clements (2000) and Howard and Moore (2003).,,,,,,
Tringa flavipes,406,species,Lesser Yellowlegs,Petit Chevalier,Charadriiformes,Scolopacidae,Tringinae,Tringa,Tringa flavipes,Monotypic.,,,,,,
Tringa semipalmata,405,species,Willet,Chevalier semipalmé,Charadriiformes,Scolopacidae,Tringinae,Tringa,Tringa semipalmata,,,,,,,
Tringa erythropus,402,species,Spotted Redshank,Chevalier arlequin,Charadriiformes,Scolopacidae,Tringinae,Tringa,Tringa erythropus,Monotypic.,,,,N,,
Tringa nebularia,404,species,Common Greenshank,Chevalier aboyeur,Charadriiformes,Scolopacidae,Tringinae,Tringa,Tringa nebularia,Monotypic.,,,,N,,
Tringa melanoleuca,403,species,Greater Yellowlegs,Grand Chevalier,Charadriiformes,Scolopacidae,Tringinae,Tringa,Tringa melanoleuca,Monotypic.,,,,,,
Tringa totanus,409,species,Common Redshank,Chevalier gambette,Charadriiformes,Scolopacidae,Tringinae,Tringa,Tringa totanus,,A,,,,,
Tringa glareola,408,species,Wood Sandpiper,Chevalier sylvain,Charadriiformes,Scolopacidae,Tringinae,Tringa,Tringa glareola,"Monotypic.
",,,,,,
Tringa stagnatilis,407,species,Marsh Sandpiper,Chevalier stagnatile,Charadriiformes,Scolopacidae,Tringinae,Tringa,Tringa stagnatilis,Monotypic.,A,,,,,
Phalaropus tricolor,457,species,Wilson's Phalarope,Phalarope de Wilson,Charadriiformes,Scolopacidae,Tringinae,Phalaropus,Phalaropus tricolor,Monotypic.,,,,,,
Phalaropus lobatus,458,species,Red-necked Phalarope,Phalarope à bec étroit,Charadriiformes,Scolopacidae,Tringinae,Phalaropus,Phalaropus lobatus,Monotypic.,,,,,,
Phalaropus fulicarius,459,species,Red Phalarope,Phalarope à bec large,Charadriiformes,Scolopacidae,Tringinae,Phalaropus,Phalaropus fulicarius,Monotypic.,,,,,,
Glareola pratincola,2060,species,Collared Pratincole,Glaréole à collier,Charadriiformes,Glareolidae,Glareolinae,Glareola,Glareola pratincola,,A,,,,,
Glareola maldivarum,460,species,Oriental Pratincole,Glaréole orientale,Charadriiformes,Glareolidae,Glareolinae,Glareola,Glareola maldivarum,Monotypic.,A,,,,,
Stercorarius skua,508,species,Great Skua,Grand Labbe,Charadriiformes,Stercorariidae,,Stercorarius,Stercorarius skua,Monotypic.,,,,N,,
Stercorarius maccormicki,509,species,South Polar Skua,Labbe de McCormick,Charadriiformes,Stercorariidae,,Stercorarius,Stercorarius maccormicki,Monotypic.,,,,N,,
Stercorarius pomarinus,510,species,Pomarine Jaeger,Labbe pomarin,Charadriiformes,Stercorariidae,,Stercorarius,Stercorarius pomarinus,Monotypic.,,,,,,
Stercorarius parasiticus,511,species,Parasitic Jaeger,Labbe parasite,Charadriiformes,Stercorariidae,,Stercorarius,Stercorarius parasiticus,Monotypic.,,,,,,
Stercorarius longicaudus,512,species,Long-tailed Jaeger,Labbe à longue queue,Charadriiformes,Stercorariidae,,Stercorarius,Stercorarius longicaudus,,,,,,,
Alle alle,513,species,Dovekie,Mergule nain,Charadriiformes,Alcidae,,Alle,Alle alle,,,,,,,
Uria aalge,514,species,Common Murre,Guillemot marmette,Charadriiformes,Alcidae,,Uria,Uria aalge,,,,,,,
Uria lomvia,515,species,Thick-billed Murre,Guillemot de Brünnich,Charadriiformes,Alcidae,,Uria,Uria lomvia,,,,,,,
Alca torda,516,species,Razorbill,Petit Pingouin,Charadriiformes,Alcidae,,Alca,Alca torda,,,,,,,
Pinguinus impennis,517,species,Great Auk,Grand Pingouin,Charadriiformes,Alcidae,,Pinguinus,Pinguinus impennis,Monotypic.,,,,,†,
Cepphus grylle,518,species,Black Guillemot,Guillemot à miroir,Charadriiformes,Alcidae,,Cepphus,Cepphus grylle,,,,,,,
Cepphus columba,519,species,Pigeon Guillemot,Guillemot colombin,Charadriiformes,Alcidae,,Cepphus,Cepphus columba,,,,,,,
Brachyramphus perdix,520,species,Long-billed Murrelet,Guillemot à long bec,Charadriiformes,Alcidae,,Brachyramphus,Brachyramphus perdix,Monotypic. Considered subspecies of <i>B. marmoratus</i> by Peters (1934).,A,,,,,
Brachyramphus marmoratus,521,species,Marbled Murrelet,Guillemot marbré,Charadriiformes,Alcidae,,Brachyramphus,Brachyramphus marmoratus,,,,,,,
Brachyramphus brevirostris,522,species,Kittlitz's Murrelet,Guillemot de Kittlitz,Charadriiformes,Alcidae,,Brachyramphus,Brachyramphus brevirostris,Monotypic.,,,,,,
Synthliboramphus scrippsi,9891,species,Scripps's Murrelet,Guillemot de Scripps,Charadriiformes,Alcidae,,Synthliboramphus,Synthliboramphus scrippsi,"Formerly treated as conspecific with Synthliboramphus hypoleucus, which together were known as Xantus's Murrelet.",,,,,,
Synthliboramphus hypoleucus,523,species,Guadalupe Murrelet,Guillemot de Xantus,Charadriiformes,Alcidae,,Synthliboramphus,Synthliboramphus hypoleucus,"Monotypic. Formerly considered conspecific with Synthliboramphus scrippsi, which together were known as Xantus's Murrelet.",,,,,,
Synthliboramphus craveri,524,species,Craveri's Murrelet,Guillemot de Craveri,Charadriiformes,Alcidae,,Synthliboramphus,Synthliboramphus craveri,Monotypic.,,,,,,
Synthliboramphus antiquus,525,species,Ancient Murrelet,Guillemot à cou blanc,Charadriiformes,Alcidae,,Synthliboramphus,Synthliboramphus antiquus,,,,,,,
Ptychoramphus aleuticus,526,species,Cassin's Auklet,Starique de Cassin,Charadriiformes,Alcidae,,Ptychoramphus,Ptychoramphus aleuticus,,,,,,,
Aethia psittacula,527,species,Parakeet Auklet,Starique perroquet,Charadriiformes,Alcidae,,Aethia,Aethia psittacula,Monotypic.,,,,,,
Aethia pusilla,528,species,Least Auklet,Starique minuscule,Charadriiformes,Alcidae,,Aethia,Aethia pusilla,Monotypic.,,,,,,
Aethia pygmaea,529,species,Whiskered Auklet,Starique pygmée,Charadriiformes,Alcidae,,Aethia,Aethia pygmaea,Monotypic.,,,,,,
Aethia cristatella,530,species,Crested Auklet,Starique cristatelle,Charadriiformes,Alcidae,,Aethia,Aethia cristatella,Monotypic.,,,,,,
Cerorhinca monocerata,531,species,Rhinoceros Auklet,Macareux rhinocéros,Charadriiformes,Alcidae,,Cerorhinca,Cerorhinca monocerata,Monotypic.,,,,,,
Fratercula arctica,532,species,Atlantic Puffin,Macareux moine,Charadriiformes,Alcidae,,Fratercula,Fratercula arctica,,,,,,,
Fratercula corniculata,533,species,Horned Puffin,Macareux cornu,Charadriiformes,Alcidae,,Fratercula,Fratercula corniculata,Monotypic.,,,,,,
Fratercula cirrhata,534,species,Tufted Puffin,Macareux huppé,Charadriiformes,Alcidae,,Fratercula,Fratercula cirrhata,Monotypic.,,,,,,
Creagrus furcatus,290,species,Swallow-tailed Gull,Mouette à queue fourchue,Charadriiformes,Laridae,Larinae,Creagrus,Creagrus furcatus,Monotypic.,A,,,,,
Rissa tridactyla,1925,species,Black-legged Kittiwake,Mouette tridactyle,Charadriiformes,Laridae,Larinae,Rissa,Rissa tridactyla,,,,,,,
Rissa brevirostris,1982,species,Red-legged Kittiwake,Mouette des brumes,Charadriiformes,Laridae,Larinae,Rissa,Rissa brevirostris,Monotypic.,,,,,,
Pagophila eburnea,480,species,Ivory Gull,Mouette blanche,Charadriiformes,Laridae,Larinae,Pagophila,Pagophila eburnea,Monotypic.,,,,,,
Xema sabini,1988,species,Sabine's Gull,Mouette de Sabine,Charadriiformes,Laridae,Larinae,Xema,Xema sabini,,,,,,,
Chroicocephalus philadelphia,1993,species,Bonaparte's Gull,Mouette de Bonaparte,Charadriiformes,Laridae,Larinae,Chroicocephalus,Chroicocephalus philadelphia,Monotypic.,,,,,,
Chroicocephalus cirrocephalus,1926,species,Gray-hooded Gull,Mouette à tête grise,Charadriiformes,Laridae,Larinae,Chroicocephalus,Chroicocephalus cirrocephalus,,A,,,,,
Chroicocephalus ridibundus,1994,species,Black-headed Gull,Mouette rieuse,Charadriiformes,Laridae,Larinae,Chroicocephalus,Chroicocephalus ridibundus,Monotypic.,,,,,,
Hydrocoloeus minutus,461,species,Little Gull,Mouette pygmée,Charadriiformes,Laridae,Larinae,Hydrocoloeus,Hydrocoloeus minutus,Monotypic.,,,,,,
Rhodostethia rosea,1989,species,Ross's Gull,Mouette rosée,Charadriiformes,Laridae,Larinae,Rhodostethia,Rhodostethia rosea,Monotypic.,,,,,,
Leucophaeus modestus,481,species,Gray Gull,Goéland gris,Charadriiformes,Laridae,Larinae,Leucophaeus,Leucophaeus modestus,Monotypic.,A,,,,,
Leucophaeus atricilla,1990,species,Laughing Gull,Mouette atricille,Charadriiformes,Laridae,Larinae,Leucophaeus,Leucophaeus atricilla,,,,,,,
Leucophaeus pipixcan,479,species,Franklin's Gull,Mouette de Franklin,Charadriiformes,Laridae,Larinae,Leucophaeus,Leucophaeus pipixcan,Monotypic.,,,,,,
Ichthyaetus ichthyaetus,14721,species,Pallas's Gull,Goéland ichthyaète,Charadriiformes,Laridae,Larinae,Ichthyaetus,Ichthyaetus ichthyaetus,,A,,,,,
Larus belcheri,1991,species,Belcher's Gull,Goéland siméon,Charadriiformes,Laridae,Larinae,Larus,Larus belcheri,Monotypic.,A,,,,,
Larus crassirostris,463,species,Black-tailed Gull,Goéland à queue noire,Charadriiformes,Laridae,Larinae,Larus,Larus crassirostris,Monotypic.,A,,,,,
Larus heermanni,462,species,Heermann's Gull,Goéland de Heermann,Charadriiformes,Laridae,Larinae,Larus,Larus heermanni,Monotypic.,,,,,,
Larus canus,464,species,Common Gull,Goéland cendré,Charadriiformes,Laridae,Larinae,Larus,Larus canus,Formerly known as Mew Gull.,,,,,,
Larus brachyrhynchus,14731,species,Short-billed Gull,Goéland à bec court,Charadriiformes,Laridae,Larinae,Larus,Larus brachyrhynchus,Formerly considered conspecific with Larus canus.,,,,,,
Larus delawarensis,465,species,Ring-billed Gull,Goéland à bec cerclé,Charadriiformes,Laridae,Larinae,Larus,Larus delawarensis,Monotypic.,,,,,,
Larus occidentalis,1992,species,Western Gull,Goéland d'Audubon,Charadriiformes,Laridae,Larinae,Larus,Larus occidentalis,Monotypic.,,,,,,
Larus livens,474,species,Yellow-footed Gull,Goéland de Cortez,Charadriiformes,Laridae,Larinae,Larus,Larus livens,Monotypic.,,,,,,
Larus californicus,466,species,California Gull,Goéland de Californie,Charadriiformes,Laridae,Larinae,Larus,Larus californicus,,,,,,,
Larus argentatus,467,species,Herring Gull,Goéland argenté,Charadriiformes,Laridae,Larinae,Larus,Larus argentatus,,,,,,,
Larus michahellis,468,species,Yellow-legged Gull,Goéland leucophée,Charadriiformes,Laridae,Larinae,Larus,Larus michahellis,,A,,,,,
Larus glaucoides,470,species,Iceland Gull,Goéland arctique,Charadriiformes,Laridae,Larinae,Larus,Larus glaucoides,,,,,,,
Larus fuscus,471,species,Lesser Black-backed Gull,Goéland brun,Charadriiformes,Laridae,Larinae,Larus,Larus fuscus,,,,,,,
Larus schistisagus,472,species,Slaty-backed Gull,Goéland à manteau ardoisé,Charadriiformes,Laridae,Larinae,Larus,Larus schistisagus,Monotypic.,,,,,,
Larus glaucescens,475,species,Glaucous-winged Gull,Goéland à ailes grises,Charadriiformes,Laridae,Larinae,Larus,Larus glaucescens,Monotypic.,,,,,,
Larus hyperboreus,476,species,Glaucous Gull,Goéland bourgmestre,Charadriiformes,Laridae,Larinae,Larus,Larus hyperboreus,,,,,,,
Larus marinus,477,species,Great Black-backed Gull,Goéland marin,Charadriiformes,Laridae,Larinae,Larus,Larus marinus,Monotypic.,,,,,,
Larus dominicanus,478,species,Kelp Gull,Goéland dominicain,Charadriiformes,Laridae,Larinae,Larus,Larus dominicanus,Monotypic.,,,,,,
Anous stolidus,482,species,Brown Noddy,Noddi brun,Charadriiformes,Laridae,Sterninae,Anous,Anous stolidus,,,,,,,
Anous minutus,483,species,Black Noddy,Noddi noir,Charadriiformes,Laridae,Sterninae,Anous,Anous minutus,,,,,,,
Anous ceruleus,12861,species,Blue-gray Noddy,Noddi bleu,Charadriiformes,Laridae,Sterninae,Anous,Anous ceruleus,Formerly placed in the genus Procelsterna (P. cerulea).,,H,,,,
Gygis alba,485,species,White Tern,Gygis blanche,Charadriiformes,Laridae,Sterninae,Gygis,Gygis alba,,,,,,,
Onychoprion fuscatus,486,species,Sooty Tern,Sterne fuligineuse,Charadriiformes,Laridae,Sterninae,Onychoprion,Onychoprion fuscatus,,,,,,,
Onychoprion lunatus,487,species,Gray-backed Tern,Sterne à dos gris,Charadriiformes,Laridae,Sterninae,Onychoprion,Onychoprion lunatus,Monotypic.,A,H,,,,
Onychoprion anaethetus,488,species,Bridled Tern,Sterne bridée,Charadriiformes,Laridae,Sterninae,Onychoprion,Onychoprion anaethetus,,,,,,,
Onychoprion aleuticus,489,species,Aleutian Tern,Sterne des Aléoutiennes,Charadriiformes,Laridae,Sterninae,Onychoprion,Onychoprion aleuticus,Monotypic.,,,,,,
Sternula albifrons,490,species,Little Tern,Sterne naine,Charadriiformes,Laridae,Sterninae,Sternula,Sternula albifrons,,A,H,,,,
Sternula antillarum,491,species,Least Tern,Petite Sterne,Charadriiformes,Laridae,Sterninae,Sternula,Sternula antillarum,,,,,,,
Sternula superciliaris,492,species,Yellow-billed Tern,Sterne argentée,Charadriiformes,Laridae,Sterninae,Sternula,Sternula superciliaris,Monotypic.,A,,,,,
Phaetusa simplex,493,species,Large-billed Tern,Sterne à gros bec,Charadriiformes,Laridae,Sterninae,Phaetusa,Phaetusa simplex,,A,,,,,
Gelochelidon nilotica,494,species,Gull-billed Tern,Sterne hansel,Charadriiformes,Laridae,Sterninae,Gelochelidon,Gelochelidon nilotica,,,,,,,
Hydroprogne caspia,495,species,Caspian Tern,Sterne caspienne,Charadriiformes,Laridae,Sterninae,Hydroprogne,Hydroprogne caspia,Monotypic.,,,,,,
Larosterna inca,496,species,Inca Tern,Sterne inca,Charadriiformes,Laridae,Sterninae,Larosterna,Larosterna inca,Monotypic.,A,,,,,
Chlidonias niger,497,species,Black Tern,Guifette noire,Charadriiformes,Laridae,Sterninae,Chlidonias,Chlidonias niger,,,,,,,
Chlidonias leucopterus,498,species,White-winged Tern,Guifette leucoptère,Charadriiformes,Laridae,Sterninae,Chlidonias,Chlidonias leucopterus,Monotypic.,A,,,,,
Chlidonias hybrida,499,species,Whiskered Tern,Guifette moustac,Charadriiformes,Laridae,Sterninae,Chlidonias,Chlidonias hybrida,,A,,,,,
Sterna dougallii,500,species,Roseate Tern,Sterne de Dougall,Charadriiformes,Laridae,Sterninae,Sterna,Sterna dougallii,,,,,,,
Sterna hirundo,501,species,Common Tern,Sterne pierregarin,Charadriiformes,Laridae,Sterninae,Sterna,Sterna hirundo,,,,,,,
Sterna paradisaea,502,species,Arctic Tern,Sterne arctique,Charadriiformes,Laridae,Sterninae,Sterna,Sterna paradisaea,Monotypic.,,,,,,
Sterna forsteri,503,species,Forster's Tern,Sterne de Forster,Charadriiformes,Laridae,Sterninae,Sterna,Sterna forsteri,Monotypic.,,,,,,
Thalasseus maximus,504,species,Royal Tern,Sterne royale,Charadriiformes,Laridae,Sterninae,Thalasseus,Thalasseus maximus,,,,,,,
Thalasseus bergii,505,species,Great Crested Tern,Sterne huppée,Charadriiformes,Laridae,Sterninae,Thalasseus,Thalasseus bergii,,A,H,,,,
Thalasseus sandvicensis,506,species,Sandwich Tern,Sterne caugek,Charadriiformes,Laridae,Sterninae,Thalasseus,Thalasseus sandvicensis,,,,,,,
Thalasseus elegans,507,species,Elegant Tern,Sterne élégante,Charadriiformes,Laridae,Sterninae,Thalasseus,Thalasseus elegans,Monotypic.,,,,,,
Rynchops niger,1937,species,Black Skimmer,Bec-en-ciseaux noir,Charadriiformes,Laridae,Rynchopinae,Rynchops,Rynchops niger,,,,,,,
Eurypyga helias,363,species,Sunbittern,Caurale soleil,Eurypygiformes,Eurypygidae,,Eurypyga,Eurypyga helias,,,,,,,
Phaethon lepturus,195,species,White-tailed Tropicbird,Phaéton à bec jaune,Phaethontiformes,Phaethontidae,,Phaethon,Phaethon lepturus,,,,,,,
Phaethon aethereus,196,species,Red-billed Tropicbird,Phaéton à bec rouge,Phaethontiformes,Phaethontidae,,Phaethon,Phaethon aethereus,,,,,,,
Phaethon rubricauda,197,species,Red-tailed Tropicbird,Phaéton à brins rouges,Phaethontiformes,Phaethontidae,,Phaethon,Phaethon rubricauda,,,,,,,
Gavia stellata,134,species,Red-throated Loon,Plongeon catmarin,Gaviiformes,Gaviidae,,Gavia,Gavia stellata,Monotypic.,,,,,,
Gavia arctica,2000,species,Arctic Loon,Plongeon arctique,Gaviiformes,Gaviidae,,Gavia,Gavia arctica,,,,,,,
Gavia pacifica,135,species,Pacific Loon,Plongeon du Pacifique,Gaviiformes,Gaviidae,,Gavia,Gavia pacifica,"Monotypic. Considered subspecies of <i>G. arctica</i> by AOU (1957), Peters (1979), and del Hoyo, et al. (1992).",,,,,,
Gavia immer,136,species,Common Loon,Plongeon huard,Gaviiformes,Gaviidae,,Gavia,Gavia immer,"Monotypic.
",,,,,,
Gavia adamsii,137,species,Yellow-billed Loon,Plongeon à bec blanc,Gaviiformes,Gaviidae,,Gavia,Gavia adamsii,Monotypic.,,,,,,
Thalassarche chlororhynchos,142,species,Yellow-nosed Albatross,Albatros à nez jaune,Procellariiformes,Diomedeidae,,Thalassarche,Thalassarche chlororhynchos,,A,,,,,
Thalassarche cauta,143,species,White-capped Albatross,Albatros à cape blanche,Procellariiformes,Diomedeidae,,Thalassarche,Thalassarche cauta,,A,,,,,
Thalassarche eremita,12401,species,Chatham Albatross,Albatros des Chatham,Procellariiformes,Diomedeidae,,Thalassarche,Thalassarche eremita,,A,,,,,
Thalassarche salvini,10861,species,Salvin's Albatross,Albatros de Salvin,Procellariiformes,Diomedeidae,,Thalassarche,Thalassarche salvini,,A,,,,,
Thalassarche melanophris,2004,species,Black-browed Albatross,Albatros à sourcils noirs,Procellariiformes,Diomedeidae,,Thalassarche,Thalassarche melanophris,,A,,,,,
Phoebetria palpebrata,144,species,Light-mantled Albatross,Albatros fuligineux,Procellariiformes,Diomedeidae,,Phoebetria,Phoebetria palpebrata,Monotypic.,A,,,,,
Diomedea exulans,145,species,Wandering Albatross,Albatros hurleur,Procellariiformes,Diomedeidae,,Diomedea,Diomedea exulans,,A,,,,,
Phoebastria immutabilis,146,species,Laysan Albatross,Albatros de Laysan,Procellariiformes,Diomedeidae,,Phoebastria,Phoebastria immutabilis,Monotypic.,,,,,,
Phoebastria nigripes,147,species,Black-footed Albatross,Albatros à pieds noirs,Procellariiformes,Diomedeidae,,Phoebastria,Phoebastria nigripes,Monotypic.,,,,,,
Phoebastria irrorata,11251,species,Waved Albatross,Albatros des Galapagos,Procellariiformes,Diomedeidae,,Phoebastria,Phoebastria irrorata,,A,,,,,
Phoebastria albatrus,148,species,Short-tailed Albatross,Albatros à queue courte,Procellariiformes,Diomedeidae,,Phoebastria,Phoebastria albatrus,Monotypic.,,,,N,,
Oceanites oceanicus,181,species,Wilson's Storm-Petrel,Océanite de Wilson,Procellariiformes,Oceanitidae,,Oceanites,Oceanites oceanicus,,,,,N,,
Pelagodroma marina,1995,species,White-faced Storm-Petrel,Océanite frégate,Procellariiformes,Oceanitidae,,Pelagodroma,Pelagodroma marina,,,,,,,
Fregetta tropica,183,species,Black-bellied Storm-Petrel,Océanite à ventre noir,Procellariiformes,Oceanitidae,,Fregetta,Fregetta tropica,,A,,,,,
Hydrobates pelagicus,182,species,European Storm-Petrel,Océanite tempête,Procellariiformes,Hydrobatidae,,Hydrobates,Hydrobates pelagicus,Monotypic.,A,,,,,
Hydrobates furcatus,13491,species,Fork-tailed Storm-Petrel,Océanite à queue fourchue,Procellariiformes,Hydrobatidae,,Hydrobates,Hydrobates furcatus,Formerly placed in the genus Oceanodroma.,,,,,,
Hydrobates hornbyi,13501,species,Ringed Storm-Petrel,Océanite de Hornby,Procellariiformes,Hydrobatidae,,Hydrobates,Hydrobates hornbyi,Formerly placed in the genus Oceanodroma. Monotypic.,A,,,,,
Hydrobates monorhis,13511,species,Swinhoe's Storm-Petrel,Océanite de Swinhoe,Procellariiformes,Hydrobatidae,,Hydrobates,Hydrobates monorhis,Formerly placed in the genus Oceanodroma. Monotypic.,A,,,,,
Hydrobates leucorhous,13521,species,Leach's Storm-Petrel,Océanite cul-blanc,Procellariiformes,Hydrobatidae,,Hydrobates,Hydrobates leucorhous,Formerly placed in the genus Oceanodroma.,,,,,,
Hydrobates socorroensis,13531,species,Townsend's Storm-Petrel,Océanite de Townsend,Procellariiformes,Hydrobatidae,,Hydrobates,Hydrobates socorroensis,Formerly placed in the genus Oceanodroma and considered conspecific with Hydrobates leucorhoa and H. cheimomnestes.,,,,,,
Hydrobates cheimomnestes,13541,species,Ainley's Storm-Petrel,Océanite d’Ainley,Procellariiformes,Hydrobatidae,,Hydrobates,Hydrobates cheimomnestes,Formerly placed in the genus Oceanodroma and considered conspecific with Hydrobates leucorhoa and H. socorroensis.,,,,,,
Hydrobates homochroa,13551,species,Ashy Storm-Petrel,Océanite cendré,Procellariiformes,Hydrobatidae,,Hydrobates,Hydrobates homochroa,Formerly placed in the genus Oceanodroma. Monotypic.,,,,,,
Hydrobates castro,13561,species,Band-rumped Storm-Petrel,Océanite de Castro,Procellariiformes,Hydrobatidae,,Hydrobates,Hydrobates castro,Formerly placed in the genus Oceanodroma. Monotypic.,,,,N,,
Hydrobates tethys,13571,species,Wedge-rumped Storm-Petrel,Océanite téthys,Procellariiformes,Hydrobatidae,,Hydrobates,Hydrobates tethys,Formerly placed in the genus Oceanodroma.,,,,N,,
Hydrobates melania,13581,species,Black Storm-Petrel,Océanite noir,Procellariiformes,Hydrobatidae,,Hydrobates,Hydrobates melania,Formerly placed in the genus Oceanodroma. Monotypic.,,,,,,
Hydrobates macrodactylus,13591,species,Guadalupe Storm-Petrel,Océanite de Guadalupe,Procellariiformes,Hydrobatidae,,Hydrobates,Hydrobates macrodactylus,Formerly placed in the genus Oceanodroma.,,,,,†,
Hydrobates markhami,13601,species,Markham's Storm-Petrel,Océanite de Markham,Procellariiformes,Hydrobatidae,,Hydrobates,Hydrobates markhami,Formerly placed in the genus Oceanodroma. Monotypic.,A,,,,,
Hydrobates tristrami,13611,species,Tristram's Storm-Petrel,Océanite de Tristram,Procellariiformes,Hydrobatidae,,Hydrobates,Hydrobates tristrami,Formerly placed in the genus Oceanodroma. Monotypic.,,,,,,
Hydrobates microsoma,13621,species,Least Storm-Petrel,Océanite minute,Procellariiformes,Hydrobatidae,,Hydrobates,Hydrobates microsoma,Formerly placed in the genus Oceanodroma. Monotypic.,,,,,,
Macronectes halli,15014,species,Northern Giant-Petrel,Pétrel de Hall,Procellariiformes,Procellariidae,,Macronectes,Macronectes halli,,A,,,,,
Fulmarus glacialis,1983,species,Northern Fulmar,Fulmar boréal,Procellariiformes,Procellariidae,,Fulmarus,Fulmarus glacialis,,,,,,,
Pterodroma gouldi,13631,species,Gray-faced Petrel,Pétrel à face grise,Procellariiformes,Procellariidae,,Pterodroma,Pterodroma gouldi,Formerly considered conspecific with P. macroptera.,A,,,,,
Pterodroma solandri,10601,species,Providence Petrel,Pétrel de Solander,Procellariiformes,Procellariidae,,Pterodroma,Pterodroma solandri,Also known as Solander’s Petrel.,A,,,,,
Pterodroma neglecta,150,species,Kermadec Petrel,Pétrel des Kermadec,Procellariiformes,Procellariidae,,Pterodroma,Pterodroma neglecta,,A,,,,,
Pterodroma arminjoniana,151,species,Trindade Petrel,Pétrel de Trindade,Procellariiformes,Procellariidae,,Pterodroma,Pterodroma arminjoniana,,,,,N,,
Pterodroma heraldica,11491,species,Herald Petrel,Pétrel du Herald,Procellariiformes,Procellariidae,,Pterodroma,Pterodroma heraldica,,A,,,,,
Pterodroma ultima,152,species,Murphy's Petrel,Pétrel de Murphy,Procellariiformes,Procellariidae,,Pterodroma,Pterodroma ultima,Monotypic.,,,,N,,
Pterodroma inexpectata,153,species,Mottled Petrel,Pétrel maculé,Procellariiformes,Procellariidae,,Pterodroma,Pterodroma inexpectata,Monotypic.,,,,N,,
Pterodroma cahow,154,species,Bermuda Petrel,Pétrel des Bermudes,Procellariiformes,Procellariidae,,Pterodroma,Pterodroma cahow,Monotypic.,,,,,,
Pterodroma caribbaea,15089,species,Jamaican Petrel,Pétrel de Jamaïque,Procellariiformes,Procellariidae,,Pterodroma,Pterodroma caribbaea,Formerly considered conspecific with Pterodroma hasitata.,,,,,,
Pterodroma hasitata,1981,species,Black-capped Petrel,Pétrel diablotin,Procellariiformes,Procellariidae,,Pterodroma,Pterodroma hasitata,,,,,,,
Pterodroma externa,155,species,Juan Fernandez Petrel,Pétrel de Juan Fernandez,Procellariiformes,Procellariidae,,Pterodroma,Pterodroma externa,Monotypic.,,,,N,,
Pterodroma phaeopygia,156,species,Galapagos Petrel,Pétrel des Galapagos,Procellariiformes,Procellariidae,,Pterodroma,Pterodroma phaeopygia,,,,,N,,
Pterodroma sandwichensis,157,species,Hawaiian Petrel,Pétrel des Hawaï,Procellariiformes,Procellariidae,,Pterodroma,Pterodroma sandwichensis,,,,,,,
Pterodroma cervicalis,158,species,White-necked Petrel,Pétrel à col blanc,Procellariiformes,Procellariidae,,Pterodroma,Pterodroma cervicalis,Monotypic.,,H,,N,,
Pterodroma hypoleuca,159,species,Bonin Petrel,Pétrel des Bonin,Procellariiformes,Procellariidae,,Pterodroma,Pterodroma hypoleuca,Monotypic.,,H,,,,
Pterodroma nigripennis,160,species,Black-winged Petrel,Pétrel à ailes noires,Procellariiformes,Procellariidae,,Pterodroma,Pterodroma nigripennis,Monotypic.,A,H,,,,
Pterodroma feae,10611,species,Fea's Petrel,Pétrel gongon,Procellariiformes,Procellariidae,,Pterodroma,Pterodroma feae,Also known as Cape Verde Petrel.,,,,N,,
Pterodroma madeira,11481,species,Zino's Petrel,Pétrel de Madère,Procellariiformes,Procellariidae,,Pterodroma,Pterodroma madeira,,A,,,,,
Pterodroma cookii,161,species,Cook's Petrel,Pétrel de Cook,Procellariiformes,Procellariidae,,Pterodroma,Pterodroma cookii,Monotypic.,,,,N,,
Pterodroma longirostris,162,species,Stejneger's Petrel,Pétrel de Stejneger,Procellariiformes,Procellariidae,,Pterodroma,Pterodroma longirostris,Monotypic.,A,,,,,
Pseudobulweria rostrata,13181,species,Tahiti Petrel,Pétrel de Tahiti,Procellariiformes,Procellariidae,,Pseudobulweria,Pseudobulweria rostrata,Formerly included in the genus Pterodroma.,A,,,,,
Bulweria bulwerii,163,species,Bulwer's Petrel,Pétrel de Bulwer,Procellariiformes,Procellariidae,,Bulweria,Bulweria bulwerii,Monotypic.,,,,,,
Bulweria fallax,164,species,Jouanin's Petrel,Pétrel de Jouanin,Procellariiformes,Procellariidae,,Bulweria,Bulweria fallax,Monotypic.,A,H,,,,
Procellaria aequinoctialis,2072,species,White-chinned Petrel,Puffin à menton blanc,Procellariiformes,Procellariidae,,Procellaria,Procellaria aequinoctialis,,A,,,,,
Procellaria parkinsoni,165,species,Parkinson's Petrel,Puffin de Parkinson,Procellariiformes,Procellariidae,,Procellaria,Procellaria parkinsoni,Monotypic.,,,,N,,
Calonectris leucomelas,166,species,Streaked Shearwater,Puffin leucomèle,Procellariiformes,Procellariidae,,Calonectris,Calonectris leucomelas,Monotypic.,A,,,,,
Calonectris borealis,15081,species,Cory's Shearwater,Puffin cendré,Procellariiformes,Procellariidae,,Calonectris,Calonectris borealis,Formerly considered conspecific with Calonectris diomedea.,,,,N,,
Calonectris diomedea,167,species,Scopoli's Shearwater,Puffin de Scopoli,Procellariiformes,Procellariidae,,Calonectris,Calonectris diomedea,,,,,N,,
Calonectris edwardsii,168,species,Cape Verde Shearwater,Puffin du Cap-Vert,Procellariiformes,Procellariidae,,Calonectris,Calonectris edwardsii,Monotypic.,A,,,,,
Ardenna pacifica,172,species,Wedge-tailed Shearwater,Puffin fouquet,Procellariiformes,Procellariidae,,Ardenna,Ardenna pacifica,Monotypic.,,,,,,
Ardenna bulleri,173,species,Buller's Shearwater,Puffin de Buller,Procellariiformes,Procellariidae,,Ardenna,Ardenna bulleri,Monotypic.,,,,N,,
Ardenna tenuirostris,175,species,Short-tailed Shearwater,Puffin à bec grêle,Procellariiformes,Procellariidae,,Ardenna,Ardenna tenuirostris,Monotypic.,,,,N,,
Ardenna grisea,174,species,Sooty Shearwater,Puffin fuligineux,Procellariiformes,Procellariidae,,Ardenna,Ardenna grisea,Monotypic.,,,,N,,
Ardenna gravis,171,species,Great Shearwater,Puffin majeur,Procellariiformes,Procellariidae,,Ardenna,Ardenna gravis,Monotypic.,,,,N,,
Ardenna creatopus,169,species,Pink-footed Shearwater,Puffin à pieds roses,Procellariiformes,Procellariidae,,Ardenna,Ardenna creatopus,Monotypic.,,,,N,,
Ardenna carneipes,170,species,Flesh-footed Shearwater,Puffin à pieds pâles,Procellariiformes,Procellariidae,,Ardenna,Ardenna carneipes,Monotypic.,,,,N,,
Puffinus nativitatis,176,species,Christmas Shearwater,Puffin de la Nativité,Procellariiformes,Procellariidae,,Puffinus,Puffinus nativitatis,Monotypic.,,,,,,
Puffinus subalaris,9641,species,Galapagos Shearwater,Puffin des Galapagos,Procellariiformes,Procellariidae,,Puffinus,Puffinus subalaris,,,,,N,,
Puffinus puffinus,177,species,Manx Shearwater,Puffin des Anglais,Procellariiformes,Procellariidae,,Puffinus,Puffinus puffinus,Monotypic.,,,,,,
Puffinus auricularis,178,species,Townsend's Shearwater,Puffin de Townsend,Procellariiformes,Procellariidae,,Puffinus,Puffinus auricularis,,,,,,,
Puffinus newelli,11501,species,Newell's Shearwater,Puffin de Newell,Procellariiformes,Procellariidae,,Puffinus,Puffinus newelli,Formerly considered conspecific with Puffinus auricularis.,,,,,,
Puffinus bryani,9631,species,Bryan's Shearwater,Puffin de Bryan,Procellariiformes,Procellariidae,,Puffinus,Puffinus bryani,,A,H,,,,
Puffinus opisthomelas,179,species,Black-vented Shearwater,Puffin cul-noir,Procellariiformes,Procellariidae,,Puffinus,Puffinus opisthomelas,Monotypic.,,,,,,
Puffinus lherminieri,180,species,Sargasso Shearwater,Puffin d'Audubon,Procellariiformes,Procellariidae,,Puffinus,Puffinus lherminieri,,,,,,,
Puffinus baroli,10621,species,Barolo Shearwater,Puffin de Macaronésie,Procellariiformes,Procellariidae,,Puffinus,Puffinus baroli,"Formerly considered conspecific
with Puffinus assimilis. Monotypic.",A,,,,,
Ciconia maguari,10881,species,Maguari Stork,Cigogne maguari,Ciconiiformes,Ciconiidae,,Ciconia,Ciconia maguari,,A,,,,,
Jabiru mycteria,252,species,Jabiru,Jabiru d'Amérique,Ciconiiformes,Ciconiidae,,Jabiru,Jabiru mycteria,Monotypic.,,,,,,
Mycteria americana,253,species,Wood Stork,Tantale d'Amérique,Ciconiiformes,Ciconiidae,,Mycteria,Mycteria americana,Monotypic.,,,,,,
Fregata ariel,216,species,Lesser Frigatebird,Frégate ariel,Suliformes,Fregatidae,,Fregata,Fregata ariel,,A,,,,,
Fregata magnificens,214,species,Magnificent Frigatebird,Frégate superbe,Suliformes,Fregatidae,,Fregata,Fregata magnificens,Monotypic.,,,,,,
Fregata minor,215,species,Great Frigatebird,Frégate du Pacifique,Suliformes,Fregatidae,,Fregata,Fregata minor,,,,,,,
Sula dactylatra,198,species,Masked Booby,Fou masqué,Suliformes,Sulidae,,Sula,Sula dactylatra,,,,,,,
Sula granti,199,species,Nazca Booby,Fou de Grant,Suliformes,Sulidae,,Sula,Sula granti,Monotypic.,,,,,,
Sula nebouxii,200,species,Blue-footed Booby,Fou à pieds bleus,Suliformes,Sulidae,,Sula,Sula nebouxii,,,,,,,
Sula variegata,201,species,Peruvian Booby,Fou varié,Suliformes,Sulidae,,Sula,Sula variegata,Monotypic.,A,,,,,
Sula leucogaster,202,species,Brown Booby,Fou brun,Suliformes,Sulidae,,Sula,Sula leucogaster,,,,,,,
Sula brewsteri,15090,species,Cocos Booby,Fou de Brewster,Suliformes,Sulidae,,Sula,Sula brewsteri,Formerly considered conspecific with Sula leucogaster.,,,,,,
Sula sula,203,species,Red-footed Booby,Fou à pieds rouges,Suliformes,Sulidae,,Sula,Sula sula,,,,,,,
Morus bassanus,204,species,Northern Gannet,Fou de Bassan,Suliformes,Sulidae,,Morus,Morus bassanus,Monotypic.,,,,,,
Anhinga anhinga,213,species,Anhinga,Anhinga d'Amérique,Suliformes,Anhingidae,,Anhinga,Anhinga anhinga,,,,,,,
Urile penicillatus,14751,species,Brandt's Cormorant,Cormoran de Brandt,Suliformes,Phalacrocoracidae,,Urile,Urile penicillatus,Monotypic. Formerly placed in the genus Phalacrocorax.,,,,,,
Urile urile,14761,species,Red-faced Cormorant,Cormoran à face rouge,Suliformes,Phalacrocoracidae,,Urile,Urile urile,Monotypic. Formerly placed in the genus Phalacrocorax.,,,,,,
Urile pelagicus,14771,species,Pelagic Cormorant,Cormoran pélagique,Suliformes,Phalacrocoracidae,,Urile,Urile pelagicus,Formerly placed in the genus Phalacrocorax.,,,,,,
Phalacrocorax carbo,210,species,Great Cormorant,Grand Cormoran,Suliformes,Phalacrocoracidae,,Phalacrocorax,Phalacrocorax carbo,,,,,,,
Nannopterum auritum,14791,species,Double-crested Cormorant,Cormoran à aigrettes,Suliformes,Phalacrocoracidae,,Nannopterum,Nannopterum auritum,Formerly placed in the genus Phalacrocorax.,,,,,,
Nannopterum brasilianum,14801,species,Neotropic Cormorant,Cormoran vigua,Suliformes,Phalacrocoracidae,,Nannopterum,Nannopterum brasilianum,Formerly placed in the genus Phalacrocorax.,,,,,,
Pelecanus erythrorhynchos,205,species,American White Pelican,Pélican d'Amérique,Pelecaniformes,Pelecanidae,,Pelecanus,Pelecanus erythrorhynchos,Monotypic.,,,,,,
Pelecanus occidentalis,206,species,Brown Pelican,Pélican brun,Pelecaniformes,Pelecanidae,,Pelecanus,Pelecanus occidentalis,,,,,,,
Tigrisoma lineatum,221,species,Rufescent Tiger-Heron,Onoré rayé,Pelecaniformes,Ardeidae,Tigriornithinae,Tigrisoma,Tigrisoma lineatum,,,,,,,
Tigrisoma mexicanum,223,species,Bare-throated Tiger-Heron,Onoré du Mexique,Pelecaniformes,Ardeidae,Tigriornithinae,Tigrisoma,Tigrisoma mexicanum,Monotypic.,,,,,,
Tigrisoma fasciatum,222,species,Fasciated Tiger-Heron,Onoré fascié,Pelecaniformes,Ardeidae,Tigriornithinae,Tigrisoma,Tigrisoma fasciatum,,,,,,,
Cochlearius cochlearius,244,species,Boat-billed Heron,Savacou huppé,Pelecaniformes,Ardeidae,Cochleariinae,Cochlearius,Cochlearius cochlearius,,,,,,,
Agamia agami,240,species,Agami Heron,Héron agami,Pelecaniformes,Ardeidae,Agamiinae,Agamia,Agamia agami,Monotypic.,,,,,,
Ixobrychus exilis,220,species,Least Bittern,Petit Blongios,Pelecaniformes,Ardeidae,Botaurinae,Botaurus,Botaurus exilis,Formerly placed in the genus Ixobrychus.,,,,,,
Botaurus lentiginosus,218,species,American Bittern,Butor d'Amérique,Pelecaniformes,Ardeidae,Botaurinae,Botaurus,Botaurus lentiginosus,Monotypic.,,,,,,
Botaurus pinnatus,217,species,Pinnated Bittern,Butor mirasol,Pelecaniformes,Ardeidae,Botaurinae,Botaurus,Botaurus pinnatus,,,,,,,
Botaurus minutus,2057,species,Little Bittern,Blongios nain,Pelecaniformes,Ardeidae,Botaurinae,Botaurus,Botaurus minutus,,A,,,,,
Botaurus sinensis,219,species,Yellow Bittern,Blongios de Chine,Pelecaniformes,Ardeidae,Botaurinae,Botaurus,Botaurus sinensis,Monotypic.,A,,,,,
Pilherodius pileatus,241,species,Capped Heron,Héron coiffé,Pelecaniformes,Ardeidae,Ardeinae,Pilherodius,Pilherodius pileatus,Monotypic.,,,,,,
Syrigma sibilatrix,11271,species,Whistling Heron,Héron flûte-du-soleil,Pelecaniformes,Ardeidae,Ardeinae,Syrigma,Syrigma sibilatrix,,A,,,,,
Egretta caerulea,233,species,Little Blue Heron,Aigrette bleue,Pelecaniformes,Ardeidae,Ardeinae,Egretta,Egretta caerulea,Monotypic.,,,,,,
Egretta tricolor,234,species,Tricolored Heron,Aigrette tricolore,Pelecaniformes,Ardeidae,Ardeinae,Egretta,Egretta tricolor,,,,,,,
Egretta rufescens,235,species,Reddish Egret,Aigrette roussâtre,Pelecaniformes,Ardeidae,Ardeinae,Egretta,Egretta rufescens,,,,,,,
Egretta eulophotes,229,species,Chinese Egret,Aigrette de Chine,Pelecaniformes,Ardeidae,Ardeinae,Egretta,Egretta eulophotes,Monotypic.,A,,,,,
Egretta thula,232,species,Snowy Egret,Aigrette neigeuse,Pelecaniformes,Ardeidae,Ardeinae,Egretta,Egretta thula,,,,,,,
Egretta garzetta,230,species,Little Egret,Aigrette garzette,Pelecaniformes,Ardeidae,Ardeinae,Egretta,Egretta garzetta,,,,,,,
Egretta gularis,231,species,Western Reef-Heron,Aigrette à gorge blanche,Pelecaniformes,Ardeidae,Ardeinae,Egretta,Egretta gularis,,A,,,,,
Nyctanassa violacea,243,species,Yellow-crowned Night Heron,Bihoreau violacé,Pelecaniformes,Ardeidae,Ardeinae,Nyctanassa,Nyctanassa violacea,,,,,,,
Nycticorax nycticorax,242,species,Black-crowned Night Heron,Bihoreau gris,Pelecaniformes,Ardeidae,Ardeinae,Nycticorax,Nycticorax nycticorax,,,,,,,
Butorides striata,239,species,Striated Heron,Héron strié,Pelecaniformes,Ardeidae,Ardeinae,Butorides,Butorides striata,,,,,,,
Butorides virescens,238,species,Green Heron,Héron vert,Pelecaniformes,Ardeidae,Ardeinae,Butorides,Butorides virescens,,,,,,,
Ardeola bacchus,237,species,Chinese Pond-Heron,Crabier chinois,Pelecaniformes,Ardeidae,Ardeinae,Ardeola,Ardeola bacchus,Monotypic.,A,,,,,
Ardea alba,227,species,Great Egret,Grande Aigrette,Pelecaniformes,Ardeidae,Ardeinae,Ardea,Ardea alba,,,,,,,
Ardea intermedia,12871,species,Medium Egret,Héron intermédiaire,Pelecaniformes,Ardeidae,Ardeinae,Ardea,Ardea intermedia,Formerly placed in the genus Mesophoyx.,A,,,,,
Ardea ibis,236,species,Western Cattle-Egret,Héron garde-boeufs,Pelecaniformes,Ardeidae,Ardeinae,Ardea,Ardea ibis,Formerly placed in the genus Bubulcus.,,,,,,
Bubulcus ibis,15080,species,Eastern Cattle-Egret,Héron de Coromandel,Pelecaniformes,Ardeidae,Ardeinae,Ardea,Ardea coromanda,Formerly considered conspecific with Ardea ibis.,A,,,,,
Ardea cinerea,225,species,Gray Heron,Héron cendré,Pelecaniformes,Ardeidae,Ardeinae,Ardea,Ardea cinerea,,A,,,,,
Ardea herodias,224,species,Great Blue Heron,Grand Héron,Pelecaniformes,Ardeidae,Ardeinae,Ardea,Ardea herodias,,,,,,,
Ardea cocoi,226,species,Cocoi Heron,Héron cocoi,Pelecaniformes,Ardeidae,Ardeinae,Ardea,Ardea cocoi,Monotypic.,,,,,,
Ardea purpurea,2058,species,Purple Heron,Héron pourpré,Pelecaniformes,Ardeidae,Ardeinae,Ardea,Ardea purpurea,Monotypic.,A,,,,,
Eudocimus albus,245,species,White Ibis,Ibis blanc,Pelecaniformes,Threskiornithidae,Threskiornithinae,Eudocimus,Eudocimus albus,Monotypic.,,,,,,
Eudocimus ruber,246,species,Scarlet Ibis,Ibis rouge,Pelecaniformes,Threskiornithidae,Threskiornithinae,Eudocimus,Eudocimus ruber,Monotypic.,A,,,,,
Plegadis falcinellus,247,species,Glossy Ibis,Ibis falcinelle,Pelecaniformes,Threskiornithidae,Threskiornithinae,Plegadis,Plegadis falcinellus,"Formerly three subspecies recognized (Peters 1931), but now recognized as monotypic.",,,,,,
Plegadis chihi,248,species,White-faced Ibis,Ibis à face blanche,Pelecaniformes,Threskiornithidae,Threskiornithinae,Plegadis,Plegadis chihi,Monotypic.,,,,,,
Mesembrinibis cayennensis,249,species,Green Ibis,Ibis vert,Pelecaniformes,Threskiornithidae,Threskiornithinae,Mesembrinibis,Mesembrinibis cayennensis,Monotypic.,,,,,,
Theristicus caudatus,250,species,Buff-necked Ibis,Ibis mandore,Pelecaniformes,Threskiornithidae,Threskiornithinae,Theristicus,Theristicus caudatus,,A,,,,,
Platalea leucorodia,2059,species,Eurasian Spoonbill,Spatule blanche,Pelecaniformes,Threskiornithidae,Plataleinae,Platalea,Platalea leucorodia,Monotypic.,A,,,,,
Platalea ajaja,251,species,Roseate Spoonbill,Spatule rosée,Pelecaniformes,Threskiornithidae,Plataleinae,Platalea,Platalea ajaja,Monotypic.,,,,,,
Gymnogyps californianus,258,species,California Condor,Condor de Californie,Cathartiformes,Cathartidae,,Gymnogyps,Gymnogyps californianus,Monotypic.,,,,,,
Sarcoramphus papa,259,species,King Vulture,Sarcoramphe roi,Cathartiformes,Cathartidae,,Sarcoramphus,Sarcoramphus papa,Monotypic.,,,,,,
Coragyps atratus,255,species,Black Vulture,Urubu noir,Cathartiformes,Cathartidae,,Coragyps,Coragyps atratus,,,,,,,
Cathartes aura,256,species,Turkey Vulture,Urubu à tête rouge,Cathartiformes,Cathartidae,,Cathartes,Cathartes aura,,,,,,,
Cathartes burrovianus,257,species,Lesser Yellow-headed Vulture,Urubu à tête jaune,Cathartiformes,Cathartidae,,Cathartes,Cathartes burrovianus,,,,,,,
Pandion haliaetus,2005,species,Osprey,Balbuzard pêcheur,Accipitriformes,Pandionidae,,Pandion,Pandion haliaetus,,,,,,,
Gampsonyx swainsonii,263,species,Pearl Kite,Élanion perle,Accipitriformes,Accipitridae,Elaninae,Gampsonyx,Gampsonyx swainsonii,,,,,,,
Elanus leucurus,264,species,White-tailed Kite,Élanion à queue blanche,Accipitriformes,Accipitridae,Elaninae,Elanus,Elanus leucurus,,,,,,,
Chondrohierax uncinatus,261,species,Hook-billed Kite,Bec-en-croc de Temminck,Accipitriformes,Accipitridae,Gypaetinae,Chondrohierax,Chondrohierax uncinatus,,,,,,,
Chondrohierax wilsonii,15015,species,Cuban Kite,Bec-en-croc de Cuba,Accipitriformes,Accipitridae,Gypaetinae,Chondrohierax,Chondrohierax wilsonii,Formerly considered conspecific with Chondrohierax uncinatus.,,,,,,
Leptodon cayanensis,260,species,Gray-headed Kite,Bec-en-croc de Cayenne,Accipitriformes,Accipitridae,Gypaetinae,Leptodon,Leptodon cayanensis,,,,,,,
Elanoides forficatus,262,species,Swallow-tailed Kite,Naucler à queue fourchue,Accipitriformes,Accipitridae,Gypaetinae,Elanoides,Elanoides forficatus,,,,,,,
Morphnus guianensis,308,species,Crested Eagle,Harpie huppée,Accipitriformes,Accipitridae,Accipitrinae,Morphnus,Morphnus guianensis,Monotypic.,,,,,,
Harpia harpyja,309,species,Harpy Eagle,Harpie féroce,Accipitriformes,Accipitridae,Accipitrinae,Harpia,Harpia harpyja,Monotypic.,,,,,,
Aquila chrysaetos,310,species,Golden Eagle,Aigle royal,Accipitriformes,Accipitridae,Accipitrinae,Aquila,Aquila chrysaetos,,,,,,,
Spizaetus tyrannus,311,species,Black Hawk-Eagle,Aigle tyran,Accipitriformes,Accipitridae,Accipitrinae,Spizaetus,Spizaetus tyrannus,,,,,,,
Spizaetus melanoleucus,313,species,Black-and-white Hawk-Eagle,Aigle noir et blanc,Accipitriformes,Accipitridae,Accipitrinae,Spizaetus,Spizaetus melanoleucus,Monotypic.,,,,,,
Spizaetus ornatus,312,species,Ornate Hawk-Eagle,Aigle orné,Accipitriformes,Accipitridae,Accipitrinae,Spizaetus,Spizaetus ornatus,,,,,,,
Harpagus bidentatus,267,species,Double-toothed Kite,Harpage bidenté,Accipitriformes,Accipitridae,Accipitrinae,Harpagus,Harpagus bidentatus,,,,,,,
Microspizias superciliosus,15054,species,Tiny Hawk,Épervier nain,Accipitriformes,Accipitridae,Accipitrinae,Microspizias,Microspizias superciliosus,Formerly placed in the genus Accipiter.,,,,,,
Circus hudsonius,274,species,Northern Harrier,Busard des marais,Accipitriformes,Accipitridae,Accipitrinae,Circus,Circus hudsonius,,,,,,,
Circus buffoni,2073,species,Long-winged Harrier,Busard de Buffon,Accipitriformes,Accipitridae,Accipitrinae,Circus,Circus buffoni,,A,,,,,
Circus aeruginosus,275,species,Western Marsh Harrier,Busard des roseaux,Accipitriformes,Accipitridae,Accipitrinae,Circus,Circus aeruginosus,,A,,,,,
Accipiter poliogaster,2074,species,Gray-bellied Hawk,Autour à ventre gris,Accipitriformes,Accipitridae,Accipitrinae,Accipiter,Accipiter poliogaster,,A,,,,,
Accipiter soloensis,276,species,Chinese Sparrowhawk,Épervier de Horsfield,Accipitriformes,Accipitridae,Accipitrinae,Accipiter,Accipiter soloensis,Monotypic. Formerly known as Gray Frog-Hawk.,A,H,,,,
Accipiter striatus,278,species,Sharp-shinned Hawk,Épervier brun,Accipitriformes,Accipitridae,Accipitrinae,Accipiter,Accipiter striatus,,,,,,,
Accipiter cooperii,279,species,Cooper's Hawk,Épervier de Cooper,Accipitriformes,Accipitridae,Accipitrinae,Accipiter,Accipiter cooperii,Monotypic.,,,,,,
Accipiter gundlachi,280,species,Gundlach's Hawk,Épervier de Cuba,Accipitriformes,Accipitridae,Accipitrinae,Accipiter,Accipiter gundlachi,,,,,,,
Accipiter bicolor,281,species,Bicolored Hawk,Épervier bicolore,Accipitriformes,Accipitridae,Accipitrinae,Accipiter,Accipiter bicolor,,,,,,,
Accipiter gentilis,282,species,Eurasian Goshawk,Autour des palombes,Accipitriformes,Accipitridae,Accipitrinae,Accipiter,Accipiter gentilis,Formerly considered conspecific with Accipiter atricapillus.,A,,,,,
Accipiter atricapillus,15055,species,American Goshawk,Autour d’Amérique,Accipitriformes,Accipitridae,Accipitrinae,Accipiter,Accipiter atricapillus,Formerly considered conspecific with Accipiter gentilis.,,,,,,
Milvus migrans,269,species,Black Kite,Milan noir,Accipitriformes,Accipitridae,Accipitrinae,Milvus,Milvus migrans,,A,H,,,,
Haliaeetus leucocephalus,270,species,Bald Eagle,Pygargue à tête blanche,Accipitriformes,Accipitridae,Accipitrinae,Haliaeetus,Haliaeetus leucocephalus,,,,,,,
Haliaeetus albicilla,271,species,White-tailed Eagle,Pygargue à queue blanche,Accipitriformes,Accipitridae,Accipitrinae,Haliaeetus,Haliaeetus albicilla,,,,,,,
Haliaeetus pelagicus,272,species,Steller's Sea-Eagle,Pygargue empereur,Accipitriformes,Accipitridae,Accipitrinae,Haliaeetus,Haliaeetus pelagicus,,A,,,,,
Ictinia mississippiensis,2038,species,Mississippi Kite,Milan du Mississippi,Accipitriformes,Accipitridae,Accipitrinae,Ictinia,Ictinia mississippiensis,Monotypic.,,,,,,
Ictinia plumbea,268,species,Plumbeous Kite,Milan bleuâtre,Accipitriformes,Accipitridae,Accipitrinae,Ictinia,Ictinia plumbea,Monotypic.,,,,,,
Busarellus nigricollis,273,species,Black-collared Hawk,Buse à tête blanche,Accipitriformes,Accipitridae,Accipitrinae,Busarellus,Busarellus nigricollis,,,,,,,
Geranospiza caerulescens,283,species,Crane Hawk,Buse échasse,Accipitriformes,Accipitridae,Accipitrinae,Geranospiza,Geranospiza caerulescens,,,,,,,
Rostrhamus sociabilis,265,species,Snail Kite,Milan des marais,Accipitriformes,Accipitridae,Accipitrinae,Rostrhamus,Rostrhamus sociabilis,,,,,,,
Helicolestes hamatus,266,species,Slender-billed Kite,Milan à long bec,Accipitriformes,Accipitridae,Accipitrinae,Helicolestes,Helicolestes hamatus,Monotypic.,,,,,,
Cryptoleucopteryx plumbea,10381,species,Plumbeous Hawk,Buse plombée,Accipitriformes,Accipitridae,Accipitrinae,Cryptoleucopteryx,Cryptoleucopteryx plumbea,Monotypic.,,,,,,
Buteogallus anthracinus,288,species,Common Black Hawk,Buse noire,Accipitriformes,Accipitridae,Accipitrinae,Buteogallus,Buteogallus anthracinus,,,,,,,
Buteogallus gundlachii,289,species,Cuban Black Hawk,Buse de Gundlach,Accipitriformes,Accipitridae,Accipitrinae,Buteogallus,Buteogallus gundlachii,"Considered subspecies of <i>B.anthracinus</i> by Peters (1979), del Hoyo, et al. (1992), Clements (2000), and Howard and Moore (2003).",,,,,,
Buteogallus meridionalis,292,species,Savanna Hawk,Buse roussâtre,Accipitriformes,Accipitridae,Accipitrinae,Buteogallus,Buteogallus meridionalis,Monotypic.,,,,,,
Buteogallus urubitinga,291,species,Great Black Hawk,Buse urubu,Accipitriformes,Accipitridae,Accipitrinae,Buteogallus,Buteogallus urubitinga,,,,,,,
Buteogallus solitarius,294,species,Solitary Eagle,Buse solitaire,Accipitriformes,Accipitridae,Accipitrinae,Buteogallus,Buteogallus solitarius,,,,,,,
Morphnarchus princeps,9681,species,Barred Hawk,Buse barrée,Accipitriformes,Accipitridae,Accipitrinae,Morphnarchus,Morphnarchus princeps,Monotypic.,,,,,,
Rupornis magnirostris,11291,species,Roadside Hawk,Buse à gros bec,Accipitriformes,Accipitridae,Accipitrinae,Rupornis,Rupornis magnirostris,Formerly placed in the genus Buteo.,,,,,,
Parabuteo unicinctus,293,species,Harris's Hawk,Buse de Harris,Accipitriformes,Accipitridae,Accipitrinae,Parabuteo,Parabuteo unicinctus,,,,,,,
Geranoaetus albicaudatus,11641,species,White-tailed Hawk,Buse à queue blanche,Accipitriformes,Accipitridae,Accipitrinae,Geranoaetus,Geranoaetus albicaudatus,Formerly placed in the genus Buteo.,,,,,,
Pseudastur albicollis,9701,species,White Hawk,Buse blanche,Accipitriformes,Accipitridae,Accipitrinae,Pseudastur,Pseudastur albicollis,,,,,,,
Leucopternis semiplumbeus,286,species,Semiplumbeous Hawk,Buse semiplombée,Accipitriformes,Accipitridae,Accipitrinae,Leucopternis,Leucopternis semiplumbeus,Monotypic.,,,,,,
Buteo plagiatus,9711,species,Gray Hawk,Buse grise,Accipitriformes,Accipitridae,Accipitrinae,Buteo,Buteo plagiatus,,,,,,,
Buteo nitidus,299,species,Gray-lined Hawk,Buse cendrée,Accipitriformes,Accipitridae,Accipitrinae,Buteo,Buteo nitidus,Formerly known as Gray Hawk.,,,,,,
Buteo lineatus,296,species,Red-shouldered Hawk,Buse à épaulettes,Accipitriformes,Accipitridae,Accipitrinae,Buteo,Buteo lineatus,,,,,,,
Buteo ridgwayi,297,species,Ridgway's Hawk,Buse de Ridgway,Accipitriformes,Accipitridae,Accipitrinae,Buteo,Buteo ridgwayi,Monotypic.,,,,,,
Buteo platypterus,298,species,Broad-winged Hawk,Petite Buse,Accipitriformes,Accipitridae,Accipitrinae,Buteo,Buteo platypterus,,,,,,,
Buteo solitarius,304,species,Hawaiian Hawk,Buse d'Hawaï,Accipitriformes,Accipitridae,Accipitrinae,Buteo,Buteo solitarius,Monotypic.,,H,,,,
Buteo brachyurus,300,species,Short-tailed Hawk,Buse à queue courte,Accipitriformes,Accipitridae,Accipitrinae,Buteo,Buteo brachyurus,,,,,,,
Buteo swainsoni,301,species,Swainson's Hawk,Buse de Swainson,Accipitriformes,Accipitridae,Accipitrinae,Buteo,Buteo swainsoni,Monotypic.,,,,,,
Buteo albonotatus,303,species,Zone-tailed Hawk,Buse à queue barrée,Accipitriformes,Accipitridae,Accipitrinae,Buteo,Buteo albonotatus,Monotypic.,,,,,,
Buteo jamaicensis,305,species,Red-tailed Hawk,Buse à queue rousse,Accipitriformes,Accipitridae,Accipitrinae,Buteo,Buteo jamaicensis,,,,,,,
Buteo lagopus,307,species,Rough-legged Hawk,Buse pattue,Accipitriformes,Accipitridae,Accipitrinae,Buteo,Buteo lagopus,,,,,,,
Buteo regalis,306,species,Ferruginous Hawk,Buse rouilleuse,Accipitriformes,Accipitridae,Accipitrinae,Buteo,Buteo regalis,Monotypic.,,,,,,
Buteo rufinus,14441,species,Long-legged Buzzard,Buse féroce,Accipitriformes,Accipitridae,Accipitrinae,Buteo,Buteo rufinus,,A,,,,,
Tyto alba,15092,species,American Barn Owl,Effraie d’Amérique,Strigiformes,Tytonidae,,Tyto,Tyto furcata,Formerly considered conspecific with Tyto alba and T. javanica.,,,,,,
Tyto glaucops,665,species,Ashy-faced Owl,Effraie d'Hispaniola,Strigiformes,Tytonidae,,Tyto,Tyto glaucops,,,,,,,
Otus sunia,667,species,Oriental Scops-Owl,Petit-duc d'Orient,Strigiformes,Strigidae,,Otus,Otus sunia,,A,,,,,
Psiloscops flammeolus,10491,species,Flammulated Owl,Petit-duc nain,Strigiformes,Strigidae,,Psiloscops,Psiloscops flammeolus,Formerly placed in the genus Otus. Monotypic.,,,,,,
Gymnasio nudipes,13981,species,Puerto Rican Owl,Petit-duc de Porto Rico,Strigiformes,Strigidae,,Gymnasio,Gymnasio nudipes,Formerly placed in the genus Megascops.,,,,,,
Megascops trichopsis,672,species,Whiskered Screech-Owl,Petit-duc à moustaches,Strigiformes,Strigidae,,Megascops,Megascops trichopsis,,,,,,,
Megascops clarkii,676,species,Bare-shanked Screech-Owl,Petit-duc de Clark,Strigiformes,Strigidae,,Megascops,Megascops clarkii,Monotypic.,,,,,,
Megascops choliba,673,species,Tropical Screech-Owl,Petit-duc choliba,Strigiformes,Strigidae,,Megascops,Megascops choliba,,,,,,,
Megascops barbarus,674,species,Bearded Screech-Owl,Petit-duc bridé,Strigiformes,Strigidae,,Megascops,Megascops barbarus,Monotypic.,,,,,,
Megascops cooperi,671,species,Pacific Screech-Owl,Petit-duc de Cooper,Strigiformes,Strigidae,,Megascops,Megascops cooperi,,,,,,,
Megascops kennicottii,668,species,Western Screech-Owl,Petit-duc des montagnes,Strigiformes,Strigidae,,Megascops,Megascops kennicottii,,,,,,,
Megascops asio,669,species,Eastern Screech-Owl,Petit-duc maculé,Strigiformes,Strigidae,,Megascops,Megascops asio,,,,,,,
Megascops seductus,670,species,Balsas Screech-Owl,Petit-duc du Balsas,Strigiformes,Strigidae,,Megascops,Megascops seductus,Monotypic.,,,,,,
Megascops guatemalae,675,species,Middle American Screech-Owl,Petit-duc guatémaltèque,Strigiformes,Strigidae,,Megascops,Megascops guatemalae,Formerly called Vermiculated Screech-Owl and also known as Guatemalan Screech-Owl. Previously considered conspecific with M. centralis and M. roraimae. The name Vermiculated Screech-Owl (M. vermiculatus) is sometimes used for populations in Costa Rica and,,,,,,
Megascops centralis,13691,species,Choco Screech-Owl,Petit-duc du Choco,Strigiformes,Strigidae,,Megascops,Megascops centralis,Formerly considered conspecific with M. guatemalae.,,,,,,
Margarobyas lawrencii,10651,species,Bare-legged Owl,Petit-duc de Cuba,Strigiformes,Strigidae,,Margarobyas,Margarobyas lawrencii,,,,,,,
Lophostrix cristata,679,species,Crested Owl,Duc à aigrettes,Strigiformes,Strigidae,,Lophostrix,Lophostrix cristata,,,,,,,
Pulsatrix perspicillata,680,species,Spectacled Owl,Chouette à lunettes,Strigiformes,Strigidae,,Pulsatrix,Pulsatrix perspicillata,,,,,,,
Bubo virginianus,681,species,Great Horned Owl,Grand-duc d'Amérique,Strigiformes,Strigidae,,Bubo,Bubo virginianus,,,,,,,
Bubo scandiacus,682,species,Snowy Owl,Harfang des neiges,Strigiformes,Strigidae,,Bubo,Bubo scandiacus,Monotypic.,,,,,,
Surnia ulula,683,species,Northern Hawk Owl,Chouette épervière,Strigiformes,Strigidae,,Surnia,Surnia ulula,,,,,,,
Glaucidium gnoma,684,species,Northern Pygmy-Owl,Chevêchette naine,Strigiformes,Strigidae,,Glaucidium,Glaucidium gnoma,,,,,,,
Glaucidium costaricanum,685,species,Costa Rican Pygmy-Owl,Chevêchette du Costa Rica,Strigiformes,Strigidae,,Glaucidium,Glaucidium costaricanum,Monotypic.,,,,,,
Glaucidium griseiceps,686,species,Central American Pygmy-Owl,Chevêchette à tête grise,Strigiformes,Strigidae,,Glaucidium,Glaucidium griseiceps,,,,,,,
Glaucidium sanchezi,687,species,Tamaulipas Pygmy-Owl,Chevêchette du Tamaulipas,Strigiformes,Strigidae,,Glaucidium,Glaucidium sanchezi,Monotypic.,,,,,,
Glaucidium palmarum,688,species,Colima Pygmy-Owl,Chevêchette du Colima,Strigiformes,Strigidae,,Glaucidium,Glaucidium palmarum,,,,,,,
Glaucidium brasilianum,689,species,Ferruginous Pygmy-Owl,Chevêchette brune,Strigiformes,Strigidae,,Glaucidium,Glaucidium brasilianum,,,,,,,
Glaucidium siju,690,species,Cuban Pygmy-Owl,Chevêchette de Cuba,Strigiformes,Strigidae,,Glaucidium,Glaucidium siju,,,,,,,
Micrathene whitneyi,691,species,Elf Owl,Chevêchette des saguaros,Strigiformes,Strigidae,,Micrathene,Micrathene whitneyi,,,,,,,
Athene cunicularia,692,species,Burrowing Owl,Chevêche des terriers,Strigiformes,Strigidae,,Athene,Athene cunicularia,,,,,,,
Strix occidentalis,695,species,Spotted Owl,Chouette tachetée,Strigiformes,Strigidae,,Strix,Strix occidentalis,,,,,,,
Strix varia,696,species,Barred Owl,Chouette rayée,Strigiformes,Strigidae,,Strix,Strix varia,,,,,,,
Strix sartorii,14811,species,Cinereous Owl,Chouette du Mexique,Strigiformes,Strigidae,,Strix,Strix sartorii,Formerly considered conspecific with Strix varia.,,,,,,
Strix fulvescens,697,species,Fulvous Owl,Chouette fauve,Strigiformes,Strigidae,,Strix,Strix fulvescens,Monotypic.,,,,,,
Strix virgata,15010,species,Mottled Owl,Chouette mouchetée,Strigiformes,Strigidae,,Strix,Strix virgata,Formerly placed in the genus Ciccaba.,,,,,,
Strix nigrolineata,15011,species,Black-and-white Owl,Chouette à lignes noires,Strigiformes,Strigidae,,Strix,Strix nigrolineata,Formerly placed in the genus Ciccaba.,,,,,,
Strix nebulosa,698,species,Great Gray Owl,Chouette lapone,Strigiformes,Strigidae,,Strix,Strix nebulosa,,,,,,,
Asio otus,699,species,Long-eared Owl,Hibou moyen-duc,Strigiformes,Strigidae,,Asio,Asio otus,,,,,,,
Asio stygius,700,species,Stygian Owl,Hibou maître-bois,Strigiformes,Strigidae,,Asio,Asio stygius,,,,,,,
Asio flammeus,701,species,Short-eared Owl,Hibou des marais,Strigiformes,Strigidae,,Asio,Asio flammeus,,,,,,,
Asio clamator,14821,species,Striped Owl,Hibou strié,Strigiformes,Strigidae,,Asio,Asio clamator,Formerly placed in the genus Pseudoscops.,,,,,,
Asio grammicus,14831,species,Jamaican Owl,Hibou de Jamaïque,Strigiformes,Strigidae,,Asio,Asio grammicus,Monotypic. Formerly placed in the genus Pseudoscops.,,,,,,
Aegolius funereus,704,species,Boreal Owl,Nyctale de Tengmalm,Strigiformes,Strigidae,,Aegolius,Aegolius funereus,,,,,,,
Aegolius acadicus,705,species,Northern Saw-whet Owl,Petite Nyctale,Strigiformes,Strigidae,,Aegolius,Aegolius acadicus,,,,,,,
Aegolius ridgwayi,706,species,Unspotted Saw-whet Owl,Nyctale immaculée,Strigiformes,Strigidae,,Aegolius,Aegolius ridgwayi,,,,,,,
Ninox japonica,10891,species,Northern Boobook,Ninoxe boréale,Strigiformes,Strigidae,,Ninox,Ninox japonica,,A,,,,,
Priotelus temnurus,879,species,Cuban Trogon,Trogon de Cuba,Trogoniformes,Trogonidae,Trogoninae,Priotelus,Priotelus temnurus,,,,,,,
Priotelus roseigaster,880,species,Hispaniolan Trogon,Trogon damoiseau,Trogoniformes,Trogonidae,Trogoninae,Priotelus,Priotelus roseigaster,Monotypic.,,,,,,
Trogon clathratus,893,species,Lattice-tailed Trogon,Trogon échelette,Trogoniformes,Trogonidae,Trogoninae,Trogon,Trogon clathratus,Monotypic.,,,,,,
Trogon massena,892,species,Slaty-tailed Trogon,Trogon de Masséna,Trogoniformes,Trogonidae,Trogoninae,Trogon,Trogon massena,,,,,,,
Trogon melanurus,891,species,Black-tailed Trogon,Trogon à queue noire,Trogoniformes,Trogonidae,Trogoninae,Trogon,Trogon melanurus,,,,,,,
Trogon melanocephalus,881,species,Black-headed Trogon,Trogon à tête noire,Trogoniformes,Trogonidae,Trogoninae,Trogon,Trogon melanocephalus,,,,,,,
Trogon citreolus,882,species,Citreoline Trogon,Trogon citrin,Trogoniformes,Trogonidae,Trogoninae,Trogon,Trogon citreolus,,,,,,,
Trogon chionurus,883,species,White-tailed Trogon,Trogon de Sclater,Trogoniformes,Trogonidae,Trogoninae,Trogon,Trogon chionurus,,,,,,,
Trogon bairdii,884,species,Baird's Trogon,Trogon de Baird,Trogoniformes,Trogonidae,Trogoninae,Trogon,Trogon bairdii,Monotypic.,,,,,,
Trogon caligatus,885,species,Gartered Trogon,Trogon pattu,Trogoniformes,Trogonidae,Trogoninae,Trogon,Trogon caligatus,,,,,,,
Trogon rufus,890,species,Black-throated Trogon,Trogon aurore,Trogoniformes,Trogonidae,Trogoninae,Trogon,Trogon rufus,,,,,,,
Trogon elegans,887,species,Elegant Trogon,Trogon élégant,Trogoniformes,Trogonidae,Trogoninae,Trogon,Trogon elegans,,,,,,,
Trogon mexicanus,886,species,Mountain Trogon,Trogon montagnard,Trogoniformes,Trogonidae,Trogoninae,Trogon,Trogon mexicanus,,,,,,,
Trogon collaris,888,species,Collared Trogon,Trogon rosalba,Trogoniformes,Trogonidae,Trogoninae,Trogon,Trogon collaris,,,,,,,
Euptilotis neoxenus,894,species,Eared Quetzal,Quetzal oreillard,Trogoniformes,Trogonidae,Trogoninae,Euptilotis,Euptilotis neoxenus,Monotypic.,,,,,,
Pharomachrus auriceps,895,species,Golden-headed Quetzal,Quetzal doré,Trogoniformes,Trogonidae,Trogoninae,Pharomachrus,Pharomachrus auriceps,,,,,,,
Pharomachrus mocinno,896,species,Resplendent Quetzal,Quetzal resplendissant,Trogoniformes,Trogonidae,Trogoninae,Pharomachrus,Pharomachrus mocinno,,,,,,,
Upupa epops,897,species,Eurasian Hoopoe,Huppe fasciée,Upupiformes,Upupidae,,Upupa,Upupa epops,,A,,,,,
Todus multicolor,898,species,Cuban Tody,Todier de Cuba,Coraciiformes,Todidae,,Todus,Todus multicolor,Monotypic.,,,,,,
Todus subulatus,899,species,Broad-billed Tody,Todier à bec large,Coraciiformes,Todidae,,Todus,Todus subulatus,Monotypic.,,,,,,
Todus angustirostris,900,species,Narrow-billed Tody,Todier à bec étroit,Coraciiformes,Todidae,,Todus,Todus angustirostris,Monotypic.,,,,,,
Todus todus,901,species,Jamaican Tody,Todier de Jamaïque,Coraciiformes,Todidae,,Todus,Todus todus,Monotypic.,,,,,,
Todus mexicanus,902,species,Puerto Rican Tody,Todier de Porto Rico,Coraciiformes,Todidae,,Todus,Todus mexicanus,Monotypic.,,,,,,
Hylomanes momotula,903,species,Tody Motmot,Motmot nain,Coraciiformes,Momotidae,,Hylomanes,Hylomanes momotula,,,,,,,
Aspatha gularis,904,species,Blue-throated Motmot,Motmot à gorge bleue,Coraciiformes,Momotidae,,Aspatha,Aspatha gularis,Monotypic.,,,,,,
Momotus mexicanus,905,species,Russet-crowned Motmot,Motmot à tête rousse,Coraciiformes,Momotidae,,Momotus,Momotus mexicanus,,,,,,,
Momotus coeruliceps,12121,species,Blue-capped Motmot,Motmot à tête bleue,Coraciiformes,Momotidae,,Momotus,Momotus coeruliceps,"Formerly considered conspecific with Momotus momota, M. lessonii, and M. subrufescens.",,,,,,
Momotus lessonii,12131,species,Lesson's Motmot,Motmot de Lesson,Coraciiformes,Momotidae,,Momotus,Momotus lessonii,"Formerly considered conspecific with Momotus momota, M. coeruliceps, and M. subrufescens.",,,,,,
Momotus subrufescens,12141,species,Whooping Motmot,Motmot caraïbe,Coraciiformes,Momotidae,,Momotus,Momotus subrufescens,"Formerly considered conspecific with Momotus momotus, M. coeruliceps, and M. lessonii.",,,,,,
Baryphthengus martii,907,species,Rufous Motmot,Motmot roux,Coraciiformes,Momotidae,,Baryphthengus,Baryphthengus martii,,,,,,,
Electron carinatum,908,species,Keel-billed Motmot,Motmot à bec caréné,Coraciiformes,Momotidae,,Electron,Electron carinatum,Monotypic.,,,,,,
Electron platyrhynchum,909,species,Broad-billed Motmot,Motmot à bec large,Coraciiformes,Momotidae,,Electron,Electron platyrhynchum,,,,,,,
Eumomota superciliosa,910,species,Turquoise-browed Motmot,Motmot à sourcils bleus,Coraciiformes,Momotidae,,Eumomota,Eumomota superciliosa,,,,,,,
Megaceryle torquata,911,species,Ringed Kingfisher,Martin-pêcheur à ventre roux,Coraciiformes,Alcedinidae,Cerylinae,Megaceryle,Megaceryle torquata,,,,,,,
Megaceryle alcyon,912,species,Belted Kingfisher,Martin-pêcheur d'Amérique,Coraciiformes,Alcedinidae,Cerylinae,Megaceryle,Megaceryle alcyon,,,,,,,
Chloroceryle amazona,913,species,Amazon Kingfisher,Martin-pêcheur d'Amazonie,Coraciiformes,Alcedinidae,Cerylinae,Chloroceryle,Chloroceryle amazona,,,,,,,
Chloroceryle aenea,916,species,American Pygmy Kingfisher,Martin-pêcheur nain,Coraciiformes,Alcedinidae,Cerylinae,Chloroceryle,Chloroceryle aenea,,,,,,,
Chloroceryle americana,914,species,Green Kingfisher,Martin-pêcheur vert,Coraciiformes,Alcedinidae,Cerylinae,Chloroceryle,Chloroceryle americana,,,,,,,
Chloroceryle inda,915,species,Green-and-rufous Kingfisher,Martin-pêcheur bicolore,Coraciiformes,Alcedinidae,Cerylinae,Chloroceryle,Chloroceryle inda,,,,,,,
Nystalus radiatus,917,species,Barred Puffbird,Tamatia barré,Piciformes,Bucconidae,,Nystalus,Nystalus radiatus,Monotypic.,,,,,,
Notharchus hyperrhynchus,918,species,White-necked Puffbird,Tamatia à front blanc,Piciformes,Bucconidae,,Notharchus,Notharchus hyperrhynchus,,,,,,,
Notharchus pectoralis,919,species,Black-breasted Puffbird,Tamatia à plastron,Piciformes,Bucconidae,,Notharchus,Notharchus pectoralis,Monotypic.,,,,,,
Notharchus tectus,920,species,Pied Puffbird,Tamatia pie,Piciformes,Bucconidae,,Notharchus,Notharchus tectus,,,,,,,
Malacoptila panamensis,921,species,White-whiskered Puffbird,Tamatia de Lafresnaye,Piciformes,Bucconidae,,Malacoptila,Malacoptila panamensis,,,,,,,
Micromonacha lanceolata,922,species,Lanceolated Monklet,Barbacou lancéolé,Piciformes,Bucconidae,,Micromonacha,Micromonacha lanceolata,,,,,,,
Nonnula frontalis,923,species,Gray-cheeked Nunlet,Barbacou à joues grises,Piciformes,Bucconidae,,Nonnula,Nonnula frontalis,,,,,,,
Monasa morphoeus,924,species,White-fronted Nunbird,Barbacou à front blanc,Piciformes,Bucconidae,,Monasa,Monasa morphoeus,,,,,,,
Brachygalba salmoni,925,species,Dusky-backed Jacamar,Jacamar sombre,Piciformes,Galbulidae,,Brachygalba,Brachygalba salmoni,Monotypic.,,,,,,
Galbula ruficauda,926,species,Rufous-tailed Jacamar,Jacamar à queue rousse,Piciformes,Galbulidae,,Galbula,Galbula ruficauda,,,,,,,
Jacamerops aureus,927,species,Great Jacamar,Grand Jacamar,Piciformes,Galbulidae,,Jacamerops,Jacamerops aureus,,,,,,,
Capito maculicoronatus,1979,species,Spot-crowned Barbet,Cabézon à calotte tachetée,Piciformes,Capitonidae,,Capito,Capito maculicoronatus,,,,,,,
Eubucco bourcierii,2006,species,Red-headed Barbet,Cabézon à tête rouge,Piciformes,Capitonidae,,Eubucco,Eubucco bourcierii,,,,,,,
Semnornis frantzii,2007,species,Prong-billed Barbet,Cabézon de Frantzius,Piciformes,Semnornithidae,,Semnornis,Semnornis frantzii,Monotypic.,,,,,,
Aulacorhynchus prasinus,928,species,Northern Emerald-Toucanet,Toucanet émeraude,Piciformes,Ramphastidae,,Aulacorhynchus,Aulacorhynchus prasinus,,,,,,,
Pteroglossus torquatus,929,species,Collared Aracari,Araçari à collier,Piciformes,Ramphastidae,,Pteroglossus,Pteroglossus torquatus,,,,,,,
Pteroglossus frantzii,930,species,Fiery-billed Aracari,Araçari de Frantzius,Piciformes,Ramphastidae,,Pteroglossus,Pteroglossus frantzii,Monotypic.,,,,,,
Selenidera spectabilis,931,species,Yellow-eared Toucanet,Toucanet à oreilles d'or,Piciformes,Ramphastidae,,Selenidera,Selenidera spectabilis,Monotypic.,,,,,,
Ramphastos sulfuratus,932,species,Keel-billed Toucan,Toucan à carène,Piciformes,Ramphastidae,,Ramphastos,Ramphastos sulfuratus,,,,,,,
Ramphastos ambiguus,933,species,Yellow-throated Toucan,Toucan tocard,Piciformes,Ramphastidae,,Ramphastos,Ramphastos ambiguus,,,,,,,
Jynx torquilla,934,species,Eurasian Wryneck,Torcol fourmilier,Piciformes,Picidae,Jynginae,Jynx,Jynx torquilla,,A,,,,,
Picumnus olivaceus,935,species,Olivaceous Piculet,Picumne olivâtre,Piciformes,Picidae,Picumninae,Picumnus,Picumnus olivaceus,,,,,,,
Nesoctites micromegas,936,species,Antillean Piculet,Piculet des Antilles,Piciformes,Picidae,Picinae,Nesoctites,Nesoctites micromegas,,,,,,,
Melanerpes lewis,937,species,Lewis's Woodpecker,Pic de Lewis,Piciformes,Picidae,Picinae,Melanerpes,Melanerpes lewis,Monotypic.,,,,,,
Melanerpes herminieri,938,species,Guadeloupe Woodpecker,Pic de Guadeloupe,Piciformes,Picidae,Picinae,Melanerpes,Melanerpes herminieri,Monotypic.,,,,,,
Melanerpes portoricensis,939,species,Puerto Rican Woodpecker,Pic de Porto Rico,Piciformes,Picidae,Picinae,Melanerpes,Melanerpes portoricensis,Monotypic.,,,,,,
Melanerpes erythrocephalus,940,species,Red-headed Woodpecker,Pic à tête rouge,Piciformes,Picidae,Picinae,Melanerpes,Melanerpes erythrocephalus,Monotypic.,,,,,,
Melanerpes formicivorus,941,species,Acorn Woodpecker,Pic glandivore,Piciformes,Picidae,Picinae,Melanerpes,Melanerpes formicivorus,,,,,,,
Melanerpes chrysauchen,942,species,Golden-naped Woodpecker,Pic masqué,Piciformes,Picidae,Picinae,Melanerpes,Melanerpes chrysauchen,,,,,,,
Melanerpes pucherani,943,species,Black-cheeked Woodpecker,Pic de Pucheran,Piciformes,Picidae,Picinae,Melanerpes,Melanerpes pucherani,Monotypic.,,,,,,
Melanerpes striatus,944,species,Hispaniolan Woodpecker,Pic d'Hispaniola,Piciformes,Picidae,Picinae,Melanerpes,Melanerpes striatus,Monotypic.,,,,,,
Melanerpes radiolatus,945,species,Jamaican Woodpecker,Pic de Jamaïque,Piciformes,Picidae,Picinae,Melanerpes,Melanerpes radiolatus,Monotypic.,,,,,,
Melanerpes chrysogenys,946,species,Golden-cheeked Woodpecker,Pic élégant,Piciformes,Picidae,Picinae,Melanerpes,Melanerpes chrysogenys,,,,,,,
Melanerpes hypopolius,947,species,Gray-breasted Woodpecker,Pic alezan,Piciformes,Picidae,Picinae,Melanerpes,Melanerpes hypopolius,Monotypic.,,,,,,
Melanerpes pygmaeus,948,species,Yucatan Woodpecker,Pic du Yucatan,Piciformes,Picidae,Picinae,Melanerpes,Melanerpes pygmaeus,,,,,,,
Melanerpes rubricapillus,949,species,Red-crowned Woodpecker,Pic à couronne rouge,Piciformes,Picidae,Picinae,Melanerpes,Melanerpes rubricapillus,,,,,,,
Melanerpes uropygialis,950,species,Gila Woodpecker,Pic des saguaros,Piciformes,Picidae,Picinae,Melanerpes,Melanerpes uropygialis,,,,,,,
Melanerpes hoffmannii,951,species,Hoffmann's Woodpecker,Pic de Hoffmann,Piciformes,Picidae,Picinae,Melanerpes,Melanerpes hoffmannii,Monotypic.,,,,,,
Melanerpes aurifrons,952,species,Golden-fronted Woodpecker,Pic à front doré,Piciformes,Picidae,Picinae,Melanerpes,Melanerpes aurifrons,,,,,,,
Melanerpes carolinus,953,species,Red-bellied Woodpecker,Pic à ventre roux,Piciformes,Picidae,Picinae,Melanerpes,Melanerpes carolinus,Monotypic.,,,,,,
Melanerpes superciliaris,954,species,West Indian Woodpecker,Pic à sourcils noirs,Piciformes,Picidae,Picinae,Melanerpes,Melanerpes superciliaris,,,,,,,
Sphyrapicus thyroideus,955,species,Williamson's Sapsucker,Pic de Williamson,Piciformes,Picidae,Picinae,Sphyrapicus,Sphyrapicus thyroideus,,,,,,,
Sphyrapicus varius,956,species,Yellow-bellied Sapsucker,Pic maculé,Piciformes,Picidae,Picinae,Sphyrapicus,Sphyrapicus varius,Monotypic.,,,,,,
Sphyrapicus nuchalis,957,species,Red-naped Sapsucker,Pic à nuque rouge,Piciformes,Picidae,Picinae,Sphyrapicus,Sphyrapicus nuchalis,Monotypic.,,,,,,
Sphyrapicus ruber,958,species,Red-breasted Sapsucker,Pic à poitrine rouge,Piciformes,Picidae,Picinae,Sphyrapicus,Sphyrapicus ruber,,,,,,,
Xiphidiopicus percussus,959,species,Cuban Green Woodpecker,Pic poignardé,Piciformes,Picidae,Picinae,Xiphidiopicus,Xiphidiopicus percussus,,,,,,,
Picoides dorsalis,969,species,American Three-toed Woodpecker,Pic à dos rayé,Piciformes,Picidae,Picinae,Picoides,Picoides dorsalis,,,,,,,
Picoides arcticus,970,species,Black-backed Woodpecker,Pic à dos noir,Piciformes,Picidae,Picinae,Picoides,Picoides arcticus,Monotypic.,,,,,,
Dendrocopos major,960,species,Great Spotted Woodpecker,Pic épeiche,Piciformes,Picidae,Picinae,Dendrocopos,Dendrocopos major,,A,,,,,
Dryobates pubescens,963,species,Downy Woodpecker,Pic mineur,Piciformes,Picidae,Picinae,Dryobates,Dryobates pubescens,Formerly included in the genus Picoides.,,,,,,
Dryobates nuttallii,12981,species,Nuttall's Woodpecker,Pic de Nuttall,Piciformes,Picidae,Picinae,Dryobates,Dryobates nuttallii,Monotypic. Formerly included in the genus Picoides.,,,,,,
Dryobates scalaris,12991,species,Ladder-backed Woodpecker,Pic arlequin,Piciformes,Picidae,Picinae,Dryobates,Dryobates scalaris,Formerly included in the genus Picoides.,,,,,,
Dryobates borealis,13001,species,Red-cockaded Woodpecker,Pic à face blanche,Piciformes,Picidae,Picinae,Dryobates,Dryobates borealis,Monotypic. Formerly included in the genus Picoides.,,,,,,
Dryobates villosus,13031,species,Hairy Woodpecker,Pic chevelu,Piciformes,Picidae,Picinae,Dryobates,Dryobates villosus,Formerly included in the genus Picoides.,,,,,,
Dryobates albolarvatus,13011,species,White-headed Woodpecker,Pic à tête blanche,Piciformes,Picidae,Picinae,Dryobates,Dryobates albolarvatus,Formerly included in the genus Picoides.,,,,,,
Dryobates fumigatus,13041,species,Smoky-brown Woodpecker,Pic enfumé,Piciformes,Picidae,Picinae,Dryobates,Dryobates fumigatus,Formerly included in the genus Picoides.,,,,,,
Dryobates arizonae,13051,species,Arizona Woodpecker,Pic d'Arizona,Piciformes,Picidae,Picinae,Dryobates,Dryobates arizonae,Formerly included in the genus Picoides.,,,,,,
Dryobates stricklandi,13021,species,Strickland's Woodpecker,Pic de Strickland,Piciformes,Picidae,Picinae,Dryobates,Dryobates stricklandi,Monotypic. Formerly included in the genus Picoides.,,,,,,
Dryobates kirkii,13061,species,Red-rumped Woodpecker,Pic à croupion rouge,Piciformes,Picidae,Picinae,Dryobates,Dryobates kirkii,Formerly included in the genus Veniliornis.,,,,,,
Piculus simplex,973,species,Rufous-winged Woodpecker,Pic à ailes rousses,Piciformes,Picidae,Picinae,Piculus,Piculus simplex,Monotypic.,,,,,,
Piculus callopterus,974,species,Stripe-cheeked Woodpecker,Pic bridé,Piciformes,Picidae,Picinae,Piculus,Piculus callopterus,Monotypic.,,,,,,
Piculus chrysochloros,975,species,Golden-green Woodpecker,Pic vert-doré,Piciformes,Picidae,Picinae,Piculus,Piculus chrysochloros,,,,,,,
Colaptes rubiginosus,976,species,Golden-olive Woodpecker,Pic or-olive,Piciformes,Picidae,Picinae,Colaptes,Colaptes rubiginosus,,,,,,,
Colaptes auricularis,977,species,Gray-crowned Woodpecker,Pic à tête grise,Piciformes,Picidae,Picinae,Colaptes,Colaptes auricularis,Monotypic.,,,,,,
Colaptes punctigula,978,species,Spot-breasted Woodpecker,Pic de Cayenne,Piciformes,Picidae,Picinae,Colaptes,Colaptes punctigula,,,,,,,
Colaptes auratus,979,species,Northern Flicker,Pic flamboyant,Piciformes,Picidae,Picinae,Colaptes,Colaptes auratus,,,,,,,
Colaptes mexicanoides,15093,species,Guatemalan Flicker,Pic du Guatemala,Piciformes,Picidae,Picinae,Colaptes,Colaptes mexicanoides,Formerly considered conspecific with Colaptes auratus.,,,,,,
Colaptes chrysoides,980,species,Gilded Flicker,Pic chrysoïde,Piciformes,Picidae,Picinae,Colaptes,Colaptes chrysoides,,,,,,,
Colaptes fernandinae,981,species,Fernandina's Flicker,Pic de Fernandina,Piciformes,Picidae,Picinae,Colaptes,Colaptes fernandinae,Monotypic.,,,,,,
Celeus loricatus,982,species,Cinnamon Woodpecker,Pic cannelle,Piciformes,Picidae,Picinae,Celeus,Celeus loricatus,,,,,,,
Celeus castaneus,983,species,Chestnut-colored Woodpecker,Pic roux,Piciformes,Picidae,Picinae,Celeus,Celeus castaneus,Monotypic.,,,,,,
Dryocopus lineatus,984,species,Lineated Woodpecker,Pic ouentou,Piciformes,Picidae,Picinae,Dryocopus,Dryocopus lineatus,,,,,,,
Dryocopus pileatus,985,species,Pileated Woodpecker,Grand Pic,Piciformes,Picidae,Picinae,Dryocopus,Dryocopus pileatus,,,,,,,
Campephilus haematogaster,986,species,Crimson-bellied Woodpecker,Pic superbe,Piciformes,Picidae,Picinae,Campephilus,Campephilus haematogaster,,,,,,,
Campephilus melanoleucos,987,species,Crimson-crested Woodpecker,Pic de Malherbe,Piciformes,Picidae,Picinae,Campephilus,Campephilus melanoleucos,,,,,,,
Campephilus guatemalensis,988,species,Pale-billed Woodpecker,Pic à bec clair,Piciformes,Picidae,Picinae,Campephilus,Campephilus guatemalensis,,,,,,,
Campephilus principalis,989,species,Ivory-billed Woodpecker,Pic à bec ivoire,Piciformes,Picidae,Picinae,Campephilus,Campephilus principalis,,,,,,,
Campephilus imperialis,990,species,Imperial Woodpecker,Pic impérial,Piciformes,Picidae,Picinae,Campephilus,Campephilus imperialis,Monotypic.,,,,,,
Herpetotheres cachinnans,321,species,Laughing Falcon,Macagua rieur,Falconiformes,Falconidae,Herpetotherinae,Herpetotheres,Herpetotheres cachinnans,,,,,,,
Micrastur ruficollis,314,species,Barred Forest-Falcon,Carnifex barré,Falconiformes,Falconidae,Herpetotherinae,Micrastur,Micrastur ruficollis,,,,,,,
Micrastur mirandollei,315,species,Slaty-backed Forest-Falcon,Carnifex ardoisé,Falconiformes,Falconidae,Herpetotherinae,Micrastur,Micrastur mirandollei,Monotypic.,,,,,,
Micrastur semitorquatus,316,species,Collared Forest-Falcon,Carnifex à collier,Falconiformes,Falconidae,Herpetotherinae,Micrastur,Micrastur semitorquatus,,,,,,,
Ibycter americanus,317,species,Red-throated Caracara,Caracara à gorge rouge,Falconiformes,Falconidae,Falconinae,Ibycter,Ibycter americanus,Monotypic.,,,,,,
Caracara plancus,14841,species,Crested Caracara,Caracara huppé,Falconiformes,Falconidae,Falconinae,Caracara,Caracara plancus,,,,,,,
Caracara lutosa,319,species,Guadalupe Caracara,Caracara de Guadalupe,Falconiformes,Falconidae,Falconinae,Caracara,Caracara lutosa,Monotypic.,,,,,†,
Milvago chimachima,320,species,Yellow-headed Caracara,Caracara à tête jaune,Falconiformes,Falconidae,Falconinae,Milvago,Milvago chimachima,,,,,,,
Falco tinnunculus,322,species,Eurasian Kestrel,Faucon crécerelle,Falconiformes,Falconidae,Falconinae,Falco,Falco tinnunculus,,A,,,,,
Falco sparverius,323,species,American Kestrel,Crécerelle d'Amérique,Falconiformes,Falconidae,Falconinae,Falco,Falco sparverius,,,,,,,
Falco vespertinus,324,species,Red-footed Falcon,Faucon kobez,Falconiformes,Falconidae,Falconinae,Falco,Falco vespertinus,Monotypic.,A,,,,,
Falco columbarius,325,species,Merlin,Faucon émerillon,Falconiformes,Falconidae,Falconinae,Falco,Falco columbarius,,,,,,,
Falco subbuteo,326,species,Eurasian Hobby,Faucon hobereau,Falconiformes,Falconidae,Falconinae,Falco,Falco subbuteo,,A,,,,,
Falco femoralis,327,species,Aplomado Falcon,Faucon aplomado,Falconiformes,Falconidae,Falconinae,Falco,Falco femoralis,,,,,,,
Falco rufigularis,328,species,Bat Falcon,Faucon des chauves-souris,Falconiformes,Falconidae,Falconinae,Falco,Falco rufigularis,,,,,,,
Falco deiroleucus,329,species,Orange-breasted Falcon,Faucon orangé,Falconiformes,Falconidae,Falconinae,Falco,Falco deiroleucus,Monotypic.,,,,,,
Falco rusticolus,330,species,Gyrfalcon,Faucon gerfaut,Falconiformes,Falconidae,Falconinae,Falco,Falco rusticolus,Monotypic.,,,,,,
Falco peregrinus,331,species,Peregrine Falcon,Faucon pèlerin,Falconiformes,Falconidae,Falconinae,Falco,Falco peregrinus,,,,,,,
Falco mexicanus,332,species,Prairie Falcon,Faucon des prairies,Falconiformes,Falconidae,Falconinae,Falco,Falco mexicanus,Monotypic.,,,,,,
Pyrrhura picta,587,species,Painted Parakeet,Conure versicolore,Psittaciformes,Psittacidae,Arinae,Pyrrhura,Pyrrhura picta,,,,,,,
Pyrrhura hoffmanni,588,species,Sulphur-winged Parakeet,Conure de Hoffmann,Psittaciformes,Psittacidae,Arinae,Pyrrhura,Pyrrhura hoffmanni,,,,,,,
Myiopsitta monachus,589,species,Monk Parakeet,Conure veuve,Psittaciformes,Psittacidae,Arinae,Myiopsitta,Myiopsitta monachus,,,,I,,,
Conuropsis carolinensis,590,species,Carolina Parakeet,Conure de Caroline,Psittaciformes,Psittacidae,Arinae,Conuropsis,Conuropsis carolinensis,,,,,,†,
Eupsittula nana,10911,species,Olive-throated Parakeet,Conure naine,Psittaciformes,Psittacidae,Arinae,Eupsittula,Eupsittula nana,,,,,,,
Eupsittula canicularis,10921,species,Orange-fronted Parakeet,Conure à front rouge,Psittaciformes,Psittacidae,Arinae,Eupsittula,Eupsittula canicularis,,,,,,,
Eupsittula pertinax,10931,species,Brown-throated Parakeet,Conure cuivrée,Psittaciformes,Psittacidae,Arinae,Eupsittula,Eupsittula pertinax,,,,,,,
Aratinga nenday,10941,species,Nanday Parakeet,Conure nanday,Psittaciformes,Psittacidae,Arinae,Aratinga,Aratinga nenday,,,,I,,,
Ara ararauna,606,species,Blue-and-yellow Macaw,Ara bleu,Psittaciformes,Psittacidae,Arinae,Ara,Ara ararauna,Monotypic.,,,,,,
Ara severus,600,species,Chestnut-fronted Macaw,Ara vert,Psittaciformes,Psittacidae,Arinae,Ara,Ara severus,,,,,,,
Ara tricolor,605,species,Cuban Macaw,Ara tricolore,Psittaciformes,Psittacidae,Arinae,Ara,Ara tricolor,Monotypic.,,,,,†,
Ara macao,604,species,Scarlet Macaw,Ara rouge,Psittaciformes,Psittacidae,Arinae,Ara,Ara macao,,,,,,,
Ara chloropterus,603,species,Red-and-green Macaw,Ara chloroptère,Psittaciformes,Psittacidae,Arinae,Ara,Ara chloropterus,,,,,,,
Ara militaris,601,species,Military Macaw,Ara militaire,Psittaciformes,Psittacidae,Arinae,Ara,Ara militaris,,,,,,,
Ara ambiguus,602,species,Great Green Macaw,Ara de Buffon,Psittaciformes,Psittacidae,Arinae,Ara,Ara ambiguus,,,,,,,
Psittacara holochlorus,10961,species,Green Parakeet,Conure verte,Psittaciformes,Psittacidae,Arinae,Psittacara,Psittacara holochlorus,,,,,,,
Psittacara brevipes,13701,species,Socorro Parakeet,Conure de Socorro,Psittaciformes,Psittacidae,Arinae,Psittacara,Psittacara brevipes,Formerly considered conspecific with P. holochlorus.,,,,,,
Psittacara strenuus,10971,species,Pacific Parakeet,Conure de Ridgway,Psittaciformes,Psittacidae,Arinae,Psittacara,Psittacara strenuus,,,,,,,
Psittacara mitratus,11011,species,Mitred Parakeet,Conure mitrée,Psittaciformes,Psittacidae,Arinae,Psittacara,Psittacara mitratus,,,,I,,,
Psittacara erythrogenys,15056,species,Red-masked Parakeet,Conure à tête rouge,Psittaciformes,Psittacidae,Arinae,Psittacara,Psittacara erythrogenys,,,,I,,,
Psittacara finschi,10981,species,Crimson-fronted Parakeet,Conure de Finsch,Psittaciformes,Psittacidae,Arinae,Psittacara,Psittacara finschi,Monotypic.,,,,,,
Psittacara euops,10991,species,Cuban Parakeet,Conure de Cuba,Psittaciformes,Psittacidae,Arinae,Psittacara,Psittacara euops,,,,,,,
Psittacara maugei,12041,species,Puerto Rican Parakeet,Conure de Porto Rico,Psittaciformes,Psittacidae,Arinae,Psittacara,Psittacara maugei,Formerly considered conspecific with Psittacara chloropterus.,,,,,†,
Psittacara chloropterus,11001,species,Hispaniolan Parakeet,Conure maîtresse,Psittaciformes,Psittacidae,Arinae,Psittacara,Psittacara chloropterus,Formerly considered conspecific with Psittacara maugei.,,,,,,
Rhynchopsitta pachyrhyncha,607,species,Thick-billed Parrot,Conure à gros bec,Psittaciformes,Psittacidae,Arinae,Rhynchopsitta,Rhynchopsitta pachyrhyncha,Monotypic.,,,,,,
Rhynchopsitta terrisi,608,species,Maroon-fronted Parrot,Conure à front brun,Psittaciformes,Psittacidae,Arinae,Rhynchopsitta,Rhynchopsitta terrisi,Monotypic.,,,,,,
Bolborhynchus lineola,609,species,Barred Parakeet,Toui catherine,Psittaciformes,Psittacidae,Arinae,Bolborhynchus,Bolborhynchus lineola,,,,,,,
Forpus cyanopygius,611,species,Mexican Parrotlet,Toui du Mexique,Psittaciformes,Psittacidae,Arinae,Forpus,Forpus cyanopygius,,,,,,,
Forpus passerinus,610,species,Green-rumped Parrotlet,Toui été,Psittaciformes,Psittacidae,Arinae,Forpus,Forpus passerinus,,,,,,,
Forpus conspicillatus,612,species,Spectacled Parrotlet,Toui à lunettes,Psittaciformes,Psittacidae,Arinae,Forpus,Forpus conspicillatus,,,,,,,
Brotogeris jugularis,613,species,Orange-chinned Parakeet,Toui à menton d'or,Psittaciformes,Psittacidae,Arinae,Brotogeris,Brotogeris jugularis,,,,,,,
Brotogeris versicolurus,614,species,White-winged Parakeet,Toui à ailes variées,Psittaciformes,Psittacidae,Arinae,Brotogeris,Brotogeris versicolurus,Monotypic.,,,I,,,
Brotogeris chiriri,14451,species,Yellow-chevroned Parakeet,Toui à ailes jaunes,Psittaciformes,Psittacidae,Arinae,Brotogeris,Brotogeris chiriri,Formerly considered conspecific with B. versicolurus.,,,I,,,
Touit costaricensis,615,species,Red-fronted Parrotlet,Toui du Costa Rica,Psittaciformes,Psittacidae,Arinae,Touit,Touit costaricensis,Monotypic.,,,,,,
Touit dilectissimus,616,species,Blue-fronted Parrotlet,Toui à front bleu,Psittaciformes,Psittacidae,Arinae,Touit,Touit dilectissimus,Monotypic.,,,,,,
Pyrilia haematotis,618,species,Brown-hooded Parrot,Caïque à capuchon,Psittaciformes,Psittacidae,Arinae,Pyrilia,Pyrilia haematotis,,,,,,,
Pyrilia pyrilia,617,species,Saffron-headed Parrot,Caïque de Bonaparte,Psittaciformes,Psittacidae,Arinae,Pyrilia,Pyrilia pyrilia,Monotypic.,,,,,,
Pionus menstruus,619,species,Blue-headed Parrot,Pione à tête bleue,Psittaciformes,Psittacidae,Arinae,Pionus,Pionus menstruus,,,,,,,
Pionus senilis,620,species,White-crowned Parrot,Pione à couronne blanche,Psittaciformes,Psittacidae,Arinae,Pionus,Pionus senilis,Monotypic.,,,,,,
Amazona albifrons,621,species,White-fronted Parrot,Amazone à front blanc,Psittaciformes,Psittacidae,Arinae,Amazona,Amazona albifrons,,,,,,,
Amazona xantholora,622,species,Yellow-lored Parrot,Amazone du Yucatan,Psittaciformes,Psittacidae,Arinae,Amazona,Amazona xantholora,Monotypic.,,,,,,
Amazona leucocephala,623,species,Cuban Parrot,Amazone de Cuba,Psittaciformes,Psittacidae,Arinae,Amazona,Amazona leucocephala,,,,,,,
Amazona collaria,624,species,Yellow-billed Parrot,Amazone sasabé,Psittaciformes,Psittacidae,Arinae,Amazona,Amazona collaria,Monotypic.,,,,,,
Amazona ventralis,625,species,Hispaniolan Parrot,Amazone d'Hispaniola,Psittaciformes,Psittacidae,Arinae,Amazona,Amazona ventralis,Monotypic.,,,,,,
Amazona vittata,626,species,Puerto Rican Parrot,Amazone de Porto Rico,Psittaciformes,Psittacidae,Arinae,Amazona,Amazona vittata,,,,,,,
Amazona agilis,627,species,Black-billed Parrot,Amazone verte,Psittaciformes,Psittacidae,Arinae,Amazona,Amazona agilis,Monotypic.,,,,,,
Amazona viridigenalis,628,species,Red-crowned Parrot,Amazone à joues vertes,Psittaciformes,Psittacidae,Arinae,Amazona,Amazona viridigenalis,Monotypic.,,,,,,
Amazona finschi,629,species,Lilac-crowned Parrot,Amazone à couronne lilas,Psittaciformes,Psittacidae,Arinae,Amazona,Amazona finschi,Monotypic.,,,,,,
Amazona autumnalis,630,species,Red-lored Parrot,Amazone diadème,Psittaciformes,Psittacidae,Arinae,Amazona,Amazona autumnalis,,,,,,,
Amazona farinosa,631,species,Mealy Parrot,Amazone poudrée,Psittaciformes,Psittacidae,Arinae,Amazona,Amazona farinosa,,,,,,,
Amazona oratrix,632,species,Yellow-headed Parrot,Amazone à tête jaune,Psittaciformes,Psittacidae,Arinae,Amazona,Amazona oratrix,,,,,,,
Amazona auropalliata,633,species,Yellow-naped Parrot,Amazone à nuque d'or,Psittaciformes,Psittacidae,Arinae,Amazona,Amazona auropalliata,,,,,,,
Amazona ochrocephala,634,species,Yellow-crowned Parrot,Amazone à front jaune,Psittaciformes,Psittacidae,Arinae,Amazona,Amazona ochrocephala,,,,,,,
Amazona arausiaca,635,species,Red-necked Parrot,Amazone de Bouquet,Psittaciformes,Psittacidae,Arinae,Amazona,Amazona arausiaca,Monotypic.,,,,,,
Amazona versicolor,636,species,St. Lucia Parrot,Amazone de Sainte-Lucie,Psittaciformes,Psittacidae,Arinae,Amazona,Amazona versicolor,Monotypic.,,,,,,
Amazona guildingii,637,species,St. Vincent Parrot,Amazone de Saint-Vincent,Psittaciformes,Psittacidae,Arinae,Amazona,Amazona guildingii,Monotypic.,,,,,,
Amazona imperialis,638,species,Imperial Parrot,Amazone impériale,Psittaciformes,Psittacidae,Arinae,Amazona,Amazona imperialis,Monotypic.,,,,,,
Psittacula krameri,586,species,Rose-ringed Parakeet,Perruche à collier,Psittaciformes,Psittaculidae,Psittaculinae,Psittacula,Psittacula krameri,,,,I,,,
Agapornis roseicollis,10671,species,Rosy-faced Lovebird,Inséparable rosegorge,Psittaciformes,Psittaculidae,Agapornithinae,Agapornis,Agapornis roseicollis,,,,I,,,
Sapayoa aenigma,2002,species,Sapayoa,Sapayoa à bec large,Passeriformes,Sapayoidae,,Sapayoa,Sapayoa aenigma,,,,,,,
Chiroxiphia lanceolata,1217,species,Lance-tailed Manakin,Manakin lancéolé,Passeriformes,Pipridae,Piprinae,Chiroxiphia,Chiroxiphia lanceolata,Monotypic.,,,,,,
Chiroxiphia linearis,1218,species,Long-tailed Manakin,Manakin fastueux,Passeriformes,Pipridae,Piprinae,Chiroxiphia,Chiroxiphia linearis,,,,,,,
Corapipo altera,1216,species,White-ruffed Manakin,Manakin à fraise,Passeriformes,Pipridae,Piprinae,Corapipo,Corapipo altera,,,,,,,
Cryptopipo holochlora,11611,species,Green Manakin,Manakin vert,Passeriformes,Pipridae,Piprinae,Cryptopipo,Cryptopipo holochlora,Formerly placed in the genus Xenopipo.,,,,,,
Lepidothrix velutina,15057,species,Velvety Manakin,Manakin velouté,Passeriformes,Pipridae,Piprinae,Lepidothrix,Lepidothrix velutina,Formerly considered conspecific with Lepidothrix coronata.,,,,,,
Manacus candei,1213,species,White-collared Manakin,Manakin à col blanc,Passeriformes,Pipridae,Piprinae,Manacus,Manacus candei,Monotypic.,,,,,,
Manacus aurantiacus,1214,species,Orange-collared Manakin,Manakin à col orange,Passeriformes,Pipridae,Piprinae,Manacus,Manacus aurantiacus,,,,,,,
Manacus vitellinus,1215,species,Golden-collared Manakin,Manakin à col d'or,Passeriformes,Pipridae,Piprinae,Manacus,Manacus vitellinus,,,,,,,
Pseudopipra pipra,14581,species,White-crowned Manakin,Manakin à tête blanche,Passeriformes,Pipridae,Piprinae,Pseudopipra,Pseudopipra pipra,Formerly placed in the genus Dixiphia.,,,,,,
Ceratopipra mentalis,10581,species,Red-capped Manakin,Manakin à cuisses jaunes,Passeriformes,Pipridae,Piprinae,Ceratopipra,Ceratopipra mentalis,Formerly placed in the genus Pipra.,,,,,,
Ceratopipra erythrocephala,10591,species,Golden-headed Manakin,Manakin à tête d'or,Passeriformes,Pipridae,Piprinae,Ceratopipra,Ceratopipra erythrocephala,Formerly placed in the genus Pipra.,,,,,,
Querula purpurata,1209,species,Purple-throated Fruitcrow,Coracine noire,Passeriformes,Cotingidae,,Querula,Querula purpurata,Monotypic.,,,,,,
Cephalopterus glabricollis,1210,species,Bare-necked Umbrellabird,Coracine ombrelle,Passeriformes,Cotingidae,,Cephalopterus,Cephalopterus glabricollis,Monotypic.,,,,,,
Cotinga amabilis,1203,species,Lovely Cotinga,Cotinga céleste,Passeriformes,Cotingidae,,Cotinga,Cotinga amabilis,Monotypic.,,,,,,
Cotinga ridgwayi,1204,species,Turquoise Cotinga,Cotinga turquoise,Passeriformes,Cotingidae,,Cotinga,Cotinga ridgwayi,Monotypic.,,,,,,
Cotinga nattererii,1205,species,Blue Cotinga,Cotinga bleu,Passeriformes,Cotingidae,,Cotinga,Cotinga nattererii,Monotypic.,,,,,,
Lipaugus unirufus,1202,species,Rufous Piha,Piauhau roux,Passeriformes,Cotingidae,,Lipaugus,Lipaugus unirufus,,,,,,,
Procnias tricarunculatus,1211,species,Three-wattled Bellbird,Araponga tricaronculé,Passeriformes,Cotingidae,,Procnias,Procnias tricarunculatus,Monotypic.,,,,,,
Carpodectes hopkei,1206,species,Black-tipped Cotinga,Cotinga blanc,Passeriformes,Cotingidae,,Carpodectes,Carpodectes hopkei,Monotypic.,,,,,,
Carpodectes antoniae,1207,species,Yellow-billed Cotinga,Cotinga à bec jaune,Passeriformes,Cotingidae,,Carpodectes,Carpodectes antoniae,Monotypic.,,,,,,
Carpodectes nitidus,1208,species,Snowy Cotinga,Cotinga neigeux,Passeriformes,Cotingidae,,Carpodectes,Carpodectes nitidus,Monotypic.,,,,,,
Schiffornis veraepacis,10741,species,Northern Schiffornis,Antriade du Verapaz,Passeriformes,Tityridae,,Schiffornis,Schiffornis veraepacis,Formerly treated as conspecific with Schiffornis turdina.,,,,,,
Schiffornis stenorhyncha,10751,species,Russet-winged Schiffornis,Antriade sténorhynque,Passeriformes,Tityridae,,Schiffornis,Schiffornis stenorhyncha,Formerly treated as conspecific with Schiffornis turdina.,,,,,,
Laniocera rufescens,2022,species,Speckled Mourner,Aulia tacheté,Passeriformes,Tityridae,,Laniocera,Laniocera rufescens,,,,,,,
Tityra semifasciata,2033,species,Masked Tityra,Tityre masqué,Passeriformes,Tityridae,,Tityra,Tityra semifasciata,,,,,,,
Tityra inquisitor,2032,species,Black-crowned Tityra,Tityre à tête noire,Passeriformes,Tityridae,,Tityra,Tityra inquisitor,,,,,,,
Pachyramphus versicolor,1647,species,Barred Becard,Bécarde barrée,Passeriformes,Tityridae,,Pachyramphus,Pachyramphus versicolor,,,,,,,
Pachyramphus rufus,2023,species,Cinereous Becard,Bécarde cendrée,Passeriformes,Tityridae,,Pachyramphus,Pachyramphus rufus,,,,,,,
Pachyramphus cinnamomeus,2028,species,Cinnamon Becard,Bécarde cannelle,Passeriformes,Tityridae,,Pachyramphus,Pachyramphus cinnamomeus,,,,,,,
Pachyramphus polychopterus,2025,species,White-winged Becard,Bécarde à ailes blanches,Passeriformes,Tityridae,,Pachyramphus,Pachyramphus polychopterus,,,,,,,
Pachyramphus albogriseus,2026,species,Black-and-white Becard,Bécarde pie,Passeriformes,Tityridae,,Pachyramphus,Pachyramphus albogriseus,,,,,,,
Pachyramphus major,2027,species,Gray-collared Becard,Bécarde du Mexique,Passeriformes,Tityridae,,Pachyramphus,Pachyramphus major,,,,,,,
Pachyramphus aglaiae,2029,species,Rose-throated Becard,Bécarde à gorge rose,Passeriformes,Tityridae,,Pachyramphus,Pachyramphus aglaiae,,,,,,,
Pachyramphus homochrous,2024,species,One-colored Becard,Bécarde unicolore,Passeriformes,Tityridae,,Pachyramphus,Pachyramphus homochrous,,,,,,,
Pachyramphus niger,1934,species,Jamaican Becard,Bécarde de Jamaïque,Passeriformes,Tityridae,,Pachyramphus,Pachyramphus niger,Monotypic.,,,,,,
Oxyruncus cristatus,1223,species,Sharpbill,Oxyrhynque huppé,Passeriformes,Oxyruncidae,,Oxyruncus,Oxyruncus cristatus,,,,,,,
Onychorhynchus coronatus,1115,species,Royal Flycatcher,Port-éventail roi,Passeriformes,Onychorhynchidae,,Onychorhynchus,Onychorhynchus coronatus,,,,,,,
Terenotriccus erythrurus,1116,species,Ruddy-tailed Flycatcher,Barbichon rougequeue,Passeriformes,Onychorhynchidae,,Terenotriccus,Terenotriccus erythrurus,,,,,,,
Myiobius villosus,1117,species,Tawny-breasted Flycatcher,Barbichon hérissé,Passeriformes,Onychorhynchidae,,Myiobius,Myiobius villosus,,,,,,,
Myiobius sulphureipygius,1118,species,Sulphur-rumped Flycatcher,Barbichon à croupion jaune,Passeriformes,Onychorhynchidae,,Myiobius,Myiobius sulphureipygius,,,,,,,
Myiobius atricaudus,1119,species,Black-tailed Flycatcher,Barbichon à queue noire,Passeriformes,Onychorhynchidae,,Myiobius,Myiobius atricaudus,,,,,,,
Piprites griseiceps,2030,species,Gray-headed Piprites,Piprite à tête grise,Passeriformes,Tyrannidae,Pipritinae,Piprites,Piprites griseiceps,Monotypic.,,,,,,
Platyrinchus cancrominus,1112,species,Stub-tailed Spadebill,Platyrhynque à queue courte,Passeriformes,Tyrannidae,Platyrinchinae,Platyrinchus,Platyrinchus cancrominus,,,,,,,
Platyrinchus mystaceus,1113,species,White-throated Spadebill,Platyrhynque à moustaches,Passeriformes,Tyrannidae,Platyrinchinae,Platyrinchus,Platyrinchus mystaceus,,,,,,,
Platyrinchus coronatus,1114,species,Golden-crowned Spadebill,Platyrhynque à tête d'or,Passeriformes,Tyrannidae,Platyrinchinae,Platyrinchus,Platyrinchus coronatus,,,,,,,
Mionectes olivaceus,1088,species,Olive-striped Flycatcher,Pipromorphe olive,Passeriformes,Tyrannidae,Rhynchocyclinae,Mionectes,Mionectes olivaceus,,,,,,,
Mionectes oleagineus,1089,species,Ochre-bellied Flycatcher,Pipromorphe roussâtre,Passeriformes,Tyrannidae,Rhynchocyclinae,Mionectes,Mionectes oleagineus,,,,,,,
Leptopogon amaurocephalus,1090,species,Sepia-capped Flycatcher,Pipromorphe à tête brune,Passeriformes,Tyrannidae,Rhynchocyclinae,Leptopogon,Leptopogon amaurocephalus,,,,,,,
Leptopogon superciliaris,1091,species,Slaty-capped Flycatcher,Pipromorphe à tête grise,Passeriformes,Tyrannidae,Rhynchocyclinae,Leptopogon,Leptopogon superciliaris,,,,,,,
Phylloscartes flavovirens,1092,species,Yellow-green Tyrannulet,Tyranneau jaune-vert,Passeriformes,Tyrannidae,Rhynchocyclinae,Phylloscartes,Phylloscartes flavovirens,Monotypic.,,,,,,
Phylloscartes superciliaris,1093,species,Rufous-browed Tyrannulet,Tyranneau à sourcils roux,Passeriformes,Tyrannidae,Rhynchocyclinae,Phylloscartes,Phylloscartes superciliaris,,,,,,,
Pseudotriccus pelzelni,1098,species,Bronze-olive Pygmy-Tyrant,Tyranneau bronzé,Passeriformes,Tyrannidae,Rhynchocyclinae,Pseudotriccus,Pseudotriccus pelzelni,,,,,,,
Myiornis atricapillus,1099,species,Black-capped Pygmy-Tyrant,Microtyran à calotte noire,Passeriformes,Tyrannidae,Rhynchocyclinae,Myiornis,Myiornis atricapillus,Monotypic.,,,,,,
Lophotriccus pileatus,1100,species,Scale-crested Pygmy-Tyrant,Microtyran chevelu,Passeriformes,Tyrannidae,Rhynchocyclinae,Lophotriccus,Lophotriccus pileatus,,,,,,,
Lophotriccus pilaris,1101,species,Pale-eyed Pygmy-Tyrant,Microtyran coiffé,Passeriformes,Tyrannidae,Rhynchocyclinae,Lophotriccus,Lophotriccus pilaris,,,,,,,
Oncostoma cinereigulare,1102,species,Northern Bentbill,Bec-en-arc cendré,Passeriformes,Tyrannidae,Rhynchocyclinae,Oncostoma,Oncostoma cinereigulare,Monotypic.,,,,,,
Oncostoma olivaceum,1103,species,Southern Bentbill,Bec-en-arc de Lawrence,Passeriformes,Tyrannidae,Rhynchocyclinae,Oncostoma,Oncostoma olivaceum,Monotypic.,,,,,,
Poecilotriccus sylvia,1104,species,Slate-headed Tody-Flycatcher,Todirostre de Desmarest,Passeriformes,Tyrannidae,Rhynchocyclinae,Poecilotriccus,Poecilotriccus sylvia,,,,,,,
Todirostrum cinereum,1105,species,Common Tody-Flycatcher,Todirostre familier,Passeriformes,Tyrannidae,Rhynchocyclinae,Todirostrum,Todirostrum cinereum,,,,,,,
Todirostrum nigriceps,1106,species,Black-headed Tody-Flycatcher,Todirostre à tête noire,Passeriformes,Tyrannidae,Rhynchocyclinae,Todirostrum,Todirostrum nigriceps,Monotypic.,,,,,,
Cnipodectes subbrunneus,1107,species,Brownish Twistwing,Tyranneau brun,Passeriformes,Tyrannidae,Rhynchocyclinae,Cnipodectes,Cnipodectes subbrunneus,,,,,,,
Rhynchocyclus brevirostris,1108,species,Eye-ringed Flatbill,Tyranneau à bec court,Passeriformes,Tyrannidae,Rhynchocyclinae,Rhynchocyclus,Rhynchocyclus brevirostris,,,,,,,
Rhynchocyclus olivaceus,1109,species,Olivaceous Flatbill,Tyranneau olivâtre,Passeriformes,Tyrannidae,Rhynchocyclinae,Rhynchocyclus,Rhynchocyclus olivaceus,,,,,,,
Tolmomyias flavotectus,15071,species,Yellow-winged Flatbill,Tyranneau à ailes jaunes,Passeriformes,Tyrannidae,Rhynchocyclinae,Tolmomyias,Tolmomyias flavotectus,Formerly considered a subspecies of Tolmomyias assimilis.,,,,,,
Tolmomyias sulphurescens,1110,species,Yellow-olive Flatbill,Tyranneau jaune-olive,Passeriformes,Tyrannidae,Rhynchocyclinae,Tolmomyias,Tolmomyias sulphurescens,,,,,,,
Tolmomyias flaviventris,2052,species,Ochre-lored Flatbill,Tyranneau à poitrine jaune,Passeriformes,Tyrannidae,Rhynchocyclinae,Tolmomyias,Tolmomyias flaviventris,,,,,,,
Ornithion semiflavum,1070,species,Yellow-bellied Tyrannulet,Tyranneau à ventre jaune,Passeriformes,Tyrannidae,Elaeniinae,Ornithion,Ornithion semiflavum,Monotypic.,,,,,,
Ornithion brunneicapillus,1071,species,Brown-capped Tyrannulet,Tyranneau à tête brune,Passeriformes,Tyrannidae,Elaeniinae,Ornithion,Ornithion brunneicapillus,,,,,,,
Camptostoma imberbe,1072,species,Northern Beardless-Tyrannulet,Tyranneau imberbe,Passeriformes,Tyrannidae,Elaeniinae,Camptostoma,Camptostoma imberbe,,,,,,,
Camptostoma obsoletum,1073,species,Southern Beardless-Tyrannulet,Tyranneau passegris,Passeriformes,Tyrannidae,Elaeniinae,Camptostoma,Camptostoma obsoletum,,,,,,,
Nesotriccus ridgwayi,1075,species,Cocos Flycatcher,Tyranneau de Cocos,Passeriformes,Tyrannidae,Elaeniinae,Nesotriccus,Nesotriccus ridgwayi,Monotypic.,,,,,,
Nesotriccus murinus,13071,species,Mouse-colored Tyrannulet,Tyranneau souris,Passeriformes,Tyrannidae,Elaeniinae,Nesotriccus,Nesotriccus murinus,Formerly included in the genus Phaeomyias as Phaeomyias murina.,,,,,,
Capsiempis flaveola,1076,species,Yellow Tyrannulet,Tyranneau flavéole,Passeriformes,Tyrannidae,Elaeniinae,Capsiempis,Capsiempis flaveola,,,,,,,
Tyrannulus elatus,1077,species,Yellow-crowned Tyrannulet,Tyranneau roitelet,Passeriformes,Tyrannidae,Elaeniinae,Tyrannulus,Tyrannulus elatus,Monotypic.,,,,,,
Myiopagis gaimardii,1078,species,Forest Elaenia,Élénie de Gaimard,Passeriformes,Tyrannidae,Elaeniinae,Myiopagis,Myiopagis gaimardii,,,,,,,
Myiopagis caniceps,1079,species,Gray Elaenia,Élénie grise,Passeriformes,Tyrannidae,Elaeniinae,Myiopagis,Myiopagis caniceps,,,,,,,
Myiopagis cotta,1080,species,Jamaican Elaenia,Élénie de Jamaïque,Passeriformes,Tyrannidae,Elaeniinae,Myiopagis,Myiopagis cotta,Monotypic.,,,,,,
Myiopagis viridicata,1081,species,Greenish Elaenia,Élénie verdâtre,Passeriformes,Tyrannidae,Elaeniinae,Myiopagis,Myiopagis viridicata,,,,,,,
Elaenia martinica,1082,species,Caribbean Elaenia,Élénie siffleuse,Passeriformes,Tyrannidae,Elaeniinae,Elaenia,Elaenia martinica,,,,,,,
Elaenia flavogaster,1083,species,Yellow-bellied Elaenia,Élénie à ventre jaune,Passeriformes,Tyrannidae,Elaeniinae,Elaenia,Elaenia flavogaster,,,,,,,
Elaenia albiceps,2062,species,White-crested Elaenia,Élénie à cimier blanc,Passeriformes,Tyrannidae,Elaeniinae,Elaenia,Elaenia albiceps,,A,,,,,
Elaenia parvirostris,15016,species,Small-billed Elaenia,Élénie à bec court,Passeriformes,Tyrannidae,Elaeniinae,Elaenia,Elaenia parvirostris,,A,,,,,
Elaenia chiriquensis,1084,species,Lesser Elaenia,Élénie menue,Passeriformes,Tyrannidae,Elaeniinae,Elaenia,Elaenia chiriquensis,,,,,,,
Elaenia frantzii,1085,species,Mountain Elaenia,Élénie montagnarde,Passeriformes,Tyrannidae,Elaeniinae,Elaenia,Elaenia frantzii,,,,,,,
Elaenia fallax,1086,species,Greater Antillean Elaenia,Élénie sara,Passeriformes,Tyrannidae,Elaeniinae,Elaenia,Elaenia fallax,,,,,,,
Serpophaga cinerea,1087,species,Torrent Tyrannulet,Tyranneau des torrents,Passeriformes,Tyrannidae,Elaeniinae,Serpophaga,Serpophaga cinerea,,,,,,,
Acrochordopus zeledoni,15096,species,White-fronted Tyrannulet,Tyranneau de Zeledon,Passeriformes,Tyrannidae,Elaeniinae,Acrochordopus,Acrochordopus zeledoni,Formerly placed in the genus Phyllomyias as P. burmeisteri.,,,,,,
Phyllomyias griseiceps,1095,species,Sooty-headed Tyrannulet,Tyranneau nain,Passeriformes,Tyrannidae,Elaeniinae,Phyllomyias,Phyllomyias griseiceps,,,,,,,
Zimmerius vilissimus,1096,species,Guatemalan Tyrannulet,Tyranneau gobemoucheron,Passeriformes,Tyrannidae,Elaeniinae,Zimmerius,Zimmerius vilissimus,Formerly considered conspecific with Zimmerius parvus and extralimital Z. improbus and Z. petersi.,,,,,,
Zimmerius parvus,14541,species,Mistletoe Tyrannulet,Tyranneau menu,Passeriformes,Tyrannidae,Elaeniinae,Zimmerius,Zimmerius parvus,Formerly considered conspecific with Zimmerius villisimus and extralimital Z. improbus and Z. petersi.,,,,,,
Attila spadiceus,1160,species,Bright-rumped Attila,Attila à croupion jaune,Passeriformes,Tyrannidae,Tyranninae,Attila,Attila spadiceus,,,,,,,
Sirystes albogriseus,12061,species,Choco Sirystes,Tyran du Choco,Passeriformes,Tyrannidae,Tyranninae,Sirystes,Sirystes albogriseus,Formerly considered conspecific with Sirystes sibilator.,,,,,,
Rhytipterna holerythra,1162,species,Rufous Mourner,Tyran plaintif,Passeriformes,Tyrannidae,Tyranninae,Rhytipterna,Rhytipterna holerythra,,,,,,,
Myiarchus yucatanensis,1163,species,Yucatan Flycatcher,Tyran du Yucatan,Passeriformes,Tyrannidae,Tyranninae,Myiarchus,Myiarchus yucatanensis,,,,,,,
Myiarchus barbirostris,1164,species,Sad Flycatcher,Tyran triste,Passeriformes,Tyrannidae,Tyranninae,Myiarchus,Myiarchus barbirostris,Monotypic.,,,,,,
Myiarchus tuberculifer,1165,species,Dusky-capped Flycatcher,Tyran olivâtre,Passeriformes,Tyrannidae,Tyranninae,Myiarchus,Myiarchus tuberculifer,,,,,,,
Myiarchus panamensis,1166,species,Panama Flycatcher,Tyran du Panama,Passeriformes,Tyrannidae,Tyranninae,Myiarchus,Myiarchus panamensis,,,,,,,
Myiarchus cinerascens,1167,species,Ash-throated Flycatcher,Tyran à gorge cendrée,Passeriformes,Tyrannidae,Tyranninae,Myiarchus,Myiarchus cinerascens,,,,,,,
Myiarchus nuttingi,1168,species,Nutting's Flycatcher,Tyran de Nutting,Passeriformes,Tyrannidae,Tyranninae,Myiarchus,Myiarchus nuttingi,,,,,,,
Myiarchus crinitus,1169,species,Great Crested Flycatcher,Tyran huppé,Passeriformes,Tyrannidae,Tyranninae,Myiarchus,Myiarchus crinitus,Monotypic.,,,,,,
Myiarchus tyrannulus,1170,species,Brown-crested Flycatcher,Tyran de Wied,Passeriformes,Tyrannidae,Tyranninae,Myiarchus,Myiarchus tyrannulus,,,,,,,
Myiarchus nugator,1171,species,Grenada Flycatcher,Tyran bavard,Passeriformes,Tyrannidae,Tyranninae,Myiarchus,Myiarchus nugator,Monotypic.,,,,,,
Myiarchus validus,1172,species,Rufous-tailed Flycatcher,Tyran à queue rousse,Passeriformes,Tyrannidae,Tyranninae,Myiarchus,Myiarchus validus,Monotypic.,,,,,,
Myiarchus sagrae,1173,species,La Sagra's Flycatcher,Tyran de La Sagra,Passeriformes,Tyrannidae,Tyranninae,Myiarchus,Myiarchus sagrae,,,,,,,
Myiarchus stolidus,1174,species,Stolid Flycatcher,Tyran grosse-tête,Passeriformes,Tyrannidae,Tyranninae,Myiarchus,Myiarchus stolidus,,,,,,,
Myiarchus antillarum,1175,species,Puerto Rican Flycatcher,Tyran de Porto Rico,Passeriformes,Tyrannidae,Tyranninae,Myiarchus,Myiarchus antillarum,Monotypic.,,,,,,
Myiarchus oberi,1176,species,Lesser Antillean Flycatcher,Tyran janeau,Passeriformes,Tyrannidae,Tyranninae,Myiarchus,Myiarchus oberi,,,,,,,
Ramphotrigon flammulatum,14861,species,Flammulated Flycatcher,Tyran flammé,Passeriformes,Tyrannidae,Tyranninae,Ramphotrigon,Ramphotrigon flammulatum,Monotypic. Formerly placed in the genus Deltarhynchus.,,,,,,
Philohydor lictor,15018,species,Lesser Kiskadee,Tyran licteur,Passeriformes,Tyrannidae,Tyranninae,Philohydor,Philohydor lictor,Formerly placed in the genus Pitangus.,,,,,,
Pitangus sulphuratus,1179,species,Great Kiskadee,Tyran quiquivi,Passeriformes,Tyrannidae,Tyranninae,Pitangus,Pitangus sulphuratus,,,,,,,
Machetornis rixosa,1159,species,Cattle Tyrant,Tyran querelleur,Passeriformes,Tyrannidae,Tyranninae,Machetornis,Machetornis rixosa,,,,,,,
Megarynchus pitangua,1180,species,Boat-billed Flycatcher,Tyran pitangua,Passeriformes,Tyrannidae,Tyranninae,Megarynchus,Megarynchus pitangua,,,,,,,
Myiozetetes cayanensis,1181,species,Rusty-margined Flycatcher,Tyran de Cayenne,Passeriformes,Tyrannidae,Tyranninae,Myiozetetes,Myiozetetes cayanensis,,,,,,,
Myiozetetes similis,1182,species,Social Flycatcher,Tyran sociable,Passeriformes,Tyrannidae,Tyranninae,Myiozetetes,Myiozetetes similis,,,,,,,
Myiozetetes granadensis,1183,species,Gray-capped Flycatcher,Tyran à tête grise,Passeriformes,Tyrannidae,Tyranninae,Myiozetetes,Myiozetetes granadensis,,,,,,,
Conopias albovittatus,1184,species,White-ringed Flycatcher,Tyran diadème,Passeriformes,Tyrannidae,Tyranninae,Conopias,Conopias albovittatus,,,,,,,
Myiodynastes hemichrysus,1185,species,Golden-bellied Flycatcher,Tyran à ventre d'or,Passeriformes,Tyrannidae,Tyranninae,Myiodynastes,Myiodynastes hemichrysus,Monotypic.,,,,,,
Myiodynastes maculatus,1187,species,Streaked Flycatcher,Tyran audacieux,Passeriformes,Tyrannidae,Tyranninae,Myiodynastes,Myiodynastes maculatus,,,,,,,
Myiodynastes luteiventris,1188,species,Sulphur-bellied Flycatcher,Tyran tigré,Passeriformes,Tyrannidae,Tyranninae,Myiodynastes,Myiodynastes luteiventris,Monotypic.,,,,,,
Legatus leucophaius,1189,species,Piratic Flycatcher,Tyran pirate,Passeriformes,Tyrannidae,Tyranninae,Legatus,Legatus leucophaius,,,,,,,
Empidonomus varius,1190,species,Variegated Flycatcher,Tyran tacheté,Passeriformes,Tyrannidae,Tyranninae,Empidonomus,Empidonomus varius,,A,,,,,
Empidonomus aurantioatrocristatus,2053,species,Crowned Slaty Flycatcher,Tyran oriflamme,Passeriformes,Tyrannidae,Tyranninae,Empidonomus,Empidonomus aurantioatrocristatus,,A,,,,,
Tyrannus melancholicus,1191,species,Tropical Kingbird,Tyran mélancolique,Passeriformes,Tyrannidae,Tyranninae,Tyrannus,Tyrannus melancholicus,,,,,,,
Tyrannus couchii,1192,species,Couch's Kingbird,Tyran de Couch,Passeriformes,Tyrannidae,Tyranninae,Tyrannus,Tyrannus couchii,Monotypic.,,,,,,
Tyrannus vociferans,1193,species,Cassin's Kingbird,Tyran de Cassin,Passeriformes,Tyrannidae,Tyranninae,Tyrannus,Tyrannus vociferans,,,,,,,
Tyrannus crassirostris,1194,species,Thick-billed Kingbird,Tyran à bec épais,Passeriformes,Tyrannidae,Tyranninae,Tyrannus,Tyrannus crassirostris,,,,,,,
Tyrannus verticalis,1195,species,Western Kingbird,Tyran de l'Ouest,Passeriformes,Tyrannidae,Tyranninae,Tyrannus,Tyrannus verticalis,Monotypic.,,,,,,
Tyrannus tyrannus,1196,species,Eastern Kingbird,Tyran tritri,Passeriformes,Tyrannidae,Tyranninae,Tyrannus,Tyrannus tyrannus,Monotypic.,,,,,,
Tyrannus dominicensis,1197,species,Gray Kingbird,Tyran gris,Passeriformes,Tyrannidae,Tyranninae,Tyrannus,Tyrannus dominicensis,,,,,,,
Tyrannus caudifasciatus,1198,species,Loggerhead Kingbird,Tyran tête-police,Passeriformes,Tyrannidae,Tyranninae,Tyrannus,Tyrannus caudifasciatus,,,,,,,
Tyrannus cubensis,1199,species,Giant Kingbird,Tyran géant,Passeriformes,Tyrannidae,Tyranninae,Tyrannus,Tyrannus cubensis,Monotypic.,,,,,,
Tyrannus forficatus,1200,species,Scissor-tailed Flycatcher,Tyran à longue queue,Passeriformes,Tyrannidae,Tyranninae,Tyrannus,Tyrannus forficatus,Monotypic.,,,,,,
Tyrannus savana,1201,species,Fork-tailed Flycatcher,Tyran des savanes,Passeriformes,Tyrannidae,Tyranninae,Tyrannus,Tyrannus savana,,,,,,,
Myiophobus fasciatus,1120,species,Bran-colored Flycatcher,Moucherolle fascié,Passeriformes,Tyrannidae,Fluvicolinae,Myiophobus,Myiophobus fasciatus,,,,,,,
Lathrotriccus euleri,1121,species,Euler's Flycatcher,Moucherolle d'Euler,Passeriformes,Tyrannidae,Fluvicolinae,Lathrotriccus,Lathrotriccus euleri,,,,,,,
Aphanotriccus capitalis,1122,species,Tawny-chested Flycatcher,Moucherolle à poitrine fauve,Passeriformes,Tyrannidae,Fluvicolinae,Aphanotriccus,Aphanotriccus capitalis,Monotypic.,,,,,,
Aphanotriccus audax,1123,species,Black-billed Flycatcher,Moucherolle à bec noir,Passeriformes,Tyrannidae,Fluvicolinae,Aphanotriccus,Aphanotriccus audax,Monotypic.,,,,,,
Xenotriccus callizonus,1124,species,Belted Flycatcher,Moucherolle ceinturé,Passeriformes,Tyrannidae,Fluvicolinae,Xenotriccus,Xenotriccus callizonus,,,,,,,
Xenotriccus mexicanus,1125,species,Pileated Flycatcher,Moucherolle aztèque,Passeriformes,Tyrannidae,Fluvicolinae,Xenotriccus,Xenotriccus mexicanus,Monotypic.,,,,,,
Mitrephanes phaeocercus,1126,species,Tufted Flycatcher,Moucherolle huppé,Passeriformes,Tyrannidae,Fluvicolinae,Mitrephanes,Mitrephanes phaeocercus,,,,,,,
Contopus cooperi,1127,species,Olive-sided Flycatcher,Moucherolle à côtés olive,Passeriformes,Tyrannidae,Fluvicolinae,Contopus,Contopus cooperi,Monotypic,,,,,,
Contopus pertinax,1128,species,Greater Pewee,Moucherolle de Coues,Passeriformes,Tyrannidae,Fluvicolinae,Contopus,Contopus pertinax,,,,,,,
Contopus lugubris,1129,species,Dark Pewee,Moucherolle ombré,Passeriformes,Tyrannidae,Fluvicolinae,Contopus,Contopus lugubris,Monotypic.,,,,,,
Contopus ochraceus,1130,species,Ochraceous Pewee,Moucherolle ocré,Passeriformes,Tyrannidae,Fluvicolinae,Contopus,Contopus ochraceus,Monotypic.,,,,,,
Contopus sordidulus,1131,species,Western Wood-Pewee,Pioui de l'Ouest,Passeriformes,Tyrannidae,Fluvicolinae,Contopus,Contopus sordidulus,,,,,,,
Contopus virens,1132,species,Eastern Wood-Pewee,Pioui de l'Est,Passeriformes,Tyrannidae,Fluvicolinae,Contopus,Contopus virens,Monotypic.,,,,,,
Contopus cinereus,1133,species,Tropical Pewee,Moucherolle cendré,Passeriformes,Tyrannidae,Fluvicolinae,Contopus,Contopus cinereus,,,,,,,
Contopus caribaeus,1134,species,Cuban Pewee,Moucherolle tête-fou,Passeriformes,Tyrannidae,Fluvicolinae,Contopus,Contopus caribaeus,,,,,,,
Contopus pallidus,1135,species,Jamaican Pewee,Moucherolle de Jamaïque,Passeriformes,Tyrannidae,Fluvicolinae,Contopus,Contopus pallidus,Monotypic.,,,,,,
Contopus hispaniolensis,1136,species,Hispaniolan Pewee,Moucherolle d'Hispaniola,Passeriformes,Tyrannidae,Fluvicolinae,Contopus,Contopus hispaniolensis,,,,,,,
Contopus latirostris,1137,species,Lesser Antillean Pewee,Moucherolle gobemouche,Passeriformes,Tyrannidae,Fluvicolinae,Contopus,Contopus latirostris,,,,,,,
Empidonax flaviventris,1138,species,Yellow-bellied Flycatcher,Moucherolle à ventre jaune,Passeriformes,Tyrannidae,Fluvicolinae,Empidonax,Empidonax flaviventris,Monotypic.,,,,,,
Empidonax virescens,1139,species,Acadian Flycatcher,Moucherolle vert,Passeriformes,Tyrannidae,Fluvicolinae,Empidonax,Empidonax virescens,Monotypic.,,,,,,
Empidonax alnorum,1140,species,Alder Flycatcher,Moucherolle des aulnes,Passeriformes,Tyrannidae,Fluvicolinae,Empidonax,Empidonax alnorum,Monotypic.,,,,,,
Empidonax traillii,1141,species,Willow Flycatcher,Moucherolle des saules,Passeriformes,Tyrannidae,Fluvicolinae,Empidonax,Empidonax traillii,,,,,,,
Empidonax albigularis,1142,species,White-throated Flycatcher,Moucherolle à gorge blanche,Passeriformes,Tyrannidae,Fluvicolinae,Empidonax,Empidonax albigularis,,,,,,,
Empidonax minimus,1143,species,Least Flycatcher,Moucherolle tchébec,Passeriformes,Tyrannidae,Fluvicolinae,Empidonax,Empidonax minimus,Monotypic.,,,,,,
Empidonax hammondii,1144,species,Hammond's Flycatcher,Moucherolle de Hammond,Passeriformes,Tyrannidae,Fluvicolinae,Empidonax,Empidonax hammondii,Monotypic.,,,,,,
Empidonax wrightii,1145,species,Gray Flycatcher,Moucherolle gris,Passeriformes,Tyrannidae,Fluvicolinae,Empidonax,Empidonax wrightii,Monotypic.,,,,,,
Empidonax oberholseri,1146,species,Dusky Flycatcher,Moucherolle sombre,Passeriformes,Tyrannidae,Fluvicolinae,Empidonax,Empidonax oberholseri,Monotypic.,,,,,,
Empidonax affinis,1147,species,Pine Flycatcher,Moucherolle des pins,Passeriformes,Tyrannidae,Fluvicolinae,Empidonax,Empidonax affinis,,,,,,,
Empidonax difficilis,1148,species,Western Flycatcher,Moucherolle obscur,Passeriformes,Tyrannidae,Fluvicolinae,Empidonax,Empidonax difficilis,Formerly considered separate from Empidonax occidentalis and known as Pacific-slope Flycatcher.,,,,,,
Empidonax flavescens,1150,species,Yellowish Flycatcher,Moucherolle jaunâtre,Passeriformes,Tyrannidae,Fluvicolinae,Empidonax,Empidonax flavescens,,,,,,,
Empidonax fulvifrons,1151,species,Buff-breasted Flycatcher,Moucherolle beige,Passeriformes,Tyrannidae,Fluvicolinae,Empidonax,Empidonax fulvifrons,,,,,,,
Empidonax atriceps,1152,species,Black-capped Flycatcher,Moucherolle à tête noire,Passeriformes,Tyrannidae,Fluvicolinae,Empidonax,Empidonax atriceps,Monotypic.,,,,,,
Sayornis nigricans,1153,species,Black Phoebe,Moucherolle noir,Passeriformes,Tyrannidae,Fluvicolinae,Sayornis,Sayornis nigricans,,,,,,,
Sayornis phoebe,1154,species,Eastern Phoebe,Moucherolle phébi,Passeriformes,Tyrannidae,Fluvicolinae,Sayornis,Sayornis phoebe,Monotypic.,,,,,,
Sayornis saya,1155,species,Say's Phoebe,Moucherolle à ventre roux,Passeriformes,Tyrannidae,Fluvicolinae,Sayornis,Sayornis saya,,,,,,,
Pyrocephalus rubinus,1156,species,Vermilion Flycatcher,Moucherolle vermillon,Passeriformes,Tyrannidae,Fluvicolinae,Pyrocephalus,Pyrocephalus rubinus,,,,,,,
Fluvicola pica,1157,species,Pied Water-Tyrant,Moucherolle pie,Passeriformes,Tyrannidae,Fluvicolinae,Fluvicola,Fluvicola pica,,,,,,,
Sublegatus arenarum,1097,species,Northern Scrub-Flycatcher,Moucherolle des palétuviers,Passeriformes,Tyrannidae,Fluvicolinae,Sublegatus,Sublegatus arenarum,,,,,,,
Colonia colonus,1158,species,Long-tailed Tyrant,Moucherolle à longs brins,Passeriformes,Tyrannidae,Fluvicolinae,Colonia,Colonia colonus,,,,,,,
Pittasoma michleri,1034,species,Black-crowned Antpitta,Pittasome à tête noire,Passeriformes,Conopophagidae,,Pittasoma,Pittasoma michleri,,,,,,,
Cymbilaimus lineatus,1938,species,Fasciated Antshrike,Batara fascié,Passeriformes,Thamnophilidae,,Cymbilaimus,Cymbilaimus lineatus,Monotypic.,,,,,,
Taraba major,1035,species,Great Antshrike,Grand Batara,Passeriformes,Thamnophilidae,,Taraba,Taraba major,,,,,,,
Thamnophilus doliatus,1036,species,Barred Antshrike,Batara rayé,Passeriformes,Thamnophilidae,,Thamnophilus,Thamnophilus doliatus,,,,,,,
Thamnophilus nigriceps,1037,species,Black Antshrike,Batara noir,Passeriformes,Thamnophilidae,,Thamnophilus,Thamnophilus nigriceps,,,,,,,
Thamnophilus bridgesi,1038,species,Black-hooded Antshrike,Batara capucin,Passeriformes,Thamnophilidae,,Thamnophilus,Thamnophilus bridgesi,Monotypic.,,,,,,
Thamnophilus atrinucha,1039,species,Black-crowned Antshrike,Batara à nuque noire,Passeriformes,Thamnophilidae,,Thamnophilus,Thamnophilus atrinucha,Formerly known as Western Slaty-Antshrike.,,,,,,
Xenornis setifrons,1040,species,Spiny-faced Antshrike,Batara masqué,Passeriformes,Thamnophilidae,,Xenornis,Xenornis setifrons,Monotypic.,,,,,,
Thamnistes anabatinus,1041,species,Russet Antshrike,Batara rousset,Passeriformes,Thamnophilidae,,Thamnistes,Thamnistes anabatinus,,,,,,,
Dysithamnus mentalis,1042,species,Plain Antvireo,Batara gorgeret,Passeriformes,Thamnophilidae,,Dysithamnus,Dysithamnus mentalis,,,,,,,
Dysithamnus striaticeps,1043,species,Streak-crowned Antvireo,Batara strié,Passeriformes,Thamnophilidae,,Dysithamnus,Dysithamnus striaticeps,Monotypic.,,,,,,
Dysithamnus puncticeps,1044,species,Spot-crowned Antvireo,Batara ponctué,Passeriformes,Thamnophilidae,,Dysithamnus,Dysithamnus puncticeps,,,,,,,
Myrmotherula ignota,1045,species,Moustached Antwren,Myrmidon de Griscom,Passeriformes,Thamnophilidae,,Myrmotherula,Myrmotherula ignota,Monotypic.,,,,,,
Myrmotherula pacifica,1046,species,Pacific Antwren,Myrmidon du Pacifique,Passeriformes,Thamnophilidae,,Myrmotherula,Myrmotherula pacifica,Monotypic.,,,,,,
Myrmotherula axillaris,1047,species,White-flanked Antwren,Myrmidon à flancs blancs,Passeriformes,Thamnophilidae,,Myrmotherula,Myrmotherula axillaris,,,,,,,
Myrmotherula schisticolor,1048,species,Slaty Antwren,Myrmidon ardoisé,Passeriformes,Thamnophilidae,,Myrmotherula,Myrmotherula schisticolor,,,,,,,
Epinecrophylla fulviventris,473,species,Checker-throated Stipplethroat,Myrmidon fauve,Passeriformes,Thamnophilidae,,Epinecrophylla,Epinecrophylla fulviventris,,,,,,,
Herpsilochmus frater,15019,species,Rusty-winged Antwren,Grisin de Sclater,Passeriformes,Thamnophilidae,,Herpsilochmus,Herpsilochmus frater,Formerly considered conspecific with Herpsilochmus rufimarginatus.,,,,,,
Microrhopias quixensis,1050,species,Dot-winged Antwren,Grisin étoilé,Passeriformes,Thamnophilidae,,Microrhopias,Microrhopias quixensis,,,,,,,
Formicivora grisea,1051,species,White-fringed Antwren,Grisin de Cayenne,Passeriformes,Thamnophilidae,,Formicivora,Formicivora grisea,,,,,,,
Euchrepomis callinota,10701,species,Rufous-rumped Antwren,Grisin à croupion roux,Passeriformes,Thamnophilidae,,Euchrepomis,Euchrepomis callinota,Formerly placed in the genus Terenura.,,,,,,
Cercomacroides tyrannina,1053,species,Dusky Antbird,Grisin sombre,Passeriformes,Thamnophilidae,,Cercomacroides,Cercomacroides tyrannina,,,,,,,
Cercomacra nigricans,1054,species,Jet Antbird,Grisin de jais,Passeriformes,Thamnophilidae,,Cercomacra,Cercomacra nigricans,,,,,,,
Gymnocichla nudiceps,1055,species,Bare-crowned Antbird,Alapi à tête nue,Passeriformes,Thamnophilidae,,Gymnocichla,Gymnocichla nudiceps,,,,,,,
Hafferia zeledoni,15023,species,Zeledon's Antbird,Alapi de Zeledon,Passeriformes,Thamnophilidae,,Hafferia,Hafferia zeledoni,Formerly placed in the genus Myrmeciza.,,,,,,
Myrmeciza longipes,1056,species,White-bellied Antbird,Alapi à ventre blanc,Passeriformes,Thamnophilidae,,Myrmeciza,Myrmeciza longipes,,,,,,,
Poliocrania exsul,14471,species,Chestnut-backed Antbird,Alapi à dos roux,Passeriformes,Thamnophilidae,,Poliocrania,Poliocrania exsul,Formerly placed in the genus Myrmeciza.,,,,,,
Sipia laemosticta,14491,species,Dull-mantled Antbird,Alapi tabac,Passeriformes,Thamnophilidae,,Sipia,Sipia laemosticta,Formerly placed in the genus Myrmeciza.,,,,,,
Hylophylax naevioides,1060,species,Spotted Antbird,Fourmilier grivelé,Passeriformes,Thamnophilidae,,Hylophylax,Hylophylax naevioides,,,,,,,
Myrmornis torquata,1061,species,Wing-banded Antbird,Palicour de Cayenne,Passeriformes,Thamnophilidae,,Myrmornis,Myrmornis torquata,,,,,,,
Gymnopithys bicolor,11181,species,Bicolored Antbird,Fourmilier bicolore,Passeriformes,Thamnophilidae,,Gymnopithys,Gymnopithys bicolor,Formerly considered conspecific with Gymnopithys leucaspis.,,,,,,
Phaenostictus mcleannani,1063,species,Ocellated Antbird,Fourmilier ocellé,Passeriformes,Thamnophilidae,,Phaenostictus,Phaenostictus mcleannani,,,,,,,
Grallaricula flavirostris,1997,species,Ochre-breasted Antpitta,Grallaire ocrée,Passeriformes,Grallariidae,,Grallaricula,Grallaricula flavirostris,,,,,,,
Myrmothera dives,15059,species,Thicket Antpitta,Grallaire buissonnière,Passeriformes,Grallariidae,,Myrmothera,Myrmothera dives,Formerly placed in the genus Hylopezus.,,,,,,
Hylopezus perspicillatus,1935,species,Streak-chested Antpitta,Grallaire à lunettes,Passeriformes,Grallariidae,,Hylopezus,Hylopezus perspicillatus,,,,,,,
Grallaria guatimalensis,1998,species,Scaled Antpitta,Grallaire écaillée,Passeriformes,Grallariidae,,Grallaria,Grallaria guatimalensis,,,,,,,
Scytalopus panamensis,1067,species,Tacarcuna Tapaculo,Mérulaxe du Panama,Passeriformes,Rhinocryptidae,,Scytalopus,Scytalopus panamensis,Monotypic.,,,,,,
Scytalopus chocoensis,1068,species,Choco Tapaculo,Mérulaxe du Choco,Passeriformes,Rhinocryptidae,,Scytalopus,Scytalopus chocoensis,Monotypic.,,,,,,
Scytalopus argentifrons,1069,species,Silvery-fronted Tapaculo,Mérulaxe argenté,Passeriformes,Rhinocryptidae,,Scytalopus,Scytalopus argentifrons,,,,,,,
Formicarius moniliger,14501,species,Mayan Antthrush,Tétéma du Mexique,Passeriformes,Formicariidae,,Formicarius,Formicarius moniliger,Formerly considered conspecific with Formicarius analis.,,,,,,
Formicarius analis,1064,species,Black-faced Antthrush,Tétéma coq-de-bois,Passeriformes,Formicariidae,,Formicarius,Formicarius analis,,,,,,,
Formicarius nigricapillus,1065,species,Black-headed Antthrush,Tétéma à tête noire,Passeriformes,Formicariidae,,Formicarius,Formicarius nigricapillus,,,,,,,
Formicarius rufipectus,1066,species,Rufous-breasted Antthrush,Tétéma à poitrine rousse,Passeriformes,Formicariidae,,Formicarius,Formicarius rufipectus,,,,,,,
Sclerurus mexicanus,1011,species,Tawny-throated Leaftosser,Sclérure à gorge rousse,Passeriformes,Furnariidae,Sclerurinae,Sclerurus,Sclerurus mexicanus,,,,,,,
Sclerurus albigularis,1012,species,Gray-throated Leaftosser,Sclérure à gorge grise,Passeriformes,Furnariidae,Sclerurinae,Sclerurus,Sclerurus albigularis,,,,,,,
Sclerurus guatemalensis,1013,species,Scaly-throated Leaftosser,Sclérure écaillé,Passeriformes,Furnariidae,Sclerurinae,Sclerurus,Sclerurus guatemalensis,,,,,,,
Sittasomus griseicapillus,1018,species,Olivaceous Woodcreeper,Grimpar fauvette,Passeriformes,Furnariidae,Dendrocolaptinae,Sittasomus,Sittasomus griseicapillus,,,,,,,
Deconychura longicauda,1019,species,Long-tailed Woodcreeper,Grimpar à longue queue,Passeriformes,Furnariidae,Dendrocolaptinae,Deconychura,Deconychura longicauda,,,,,,,
Dendrocincla homochroa,1017,species,Ruddy Woodcreeper,Grimpar roux,Passeriformes,Furnariidae,Dendrocolaptinae,Dendrocincla,Dendrocincla homochroa,,,,,,,
Dendrocincla anabatina,1016,species,Tawny-winged Woodcreeper,Grimpar à ailes rousses,Passeriformes,Furnariidae,Dendrocolaptinae,Dendrocincla,Dendrocincla anabatina,,,,,,,
Dendrocincla fuliginosa,1015,species,Plain-brown Woodcreeper,Grimpar enfumé,Passeriformes,Furnariidae,Dendrocolaptinae,Dendrocincla,Dendrocincla fuliginosa,,,,,,,
Glyphorynchus spirurus,1020,species,Wedge-billed Woodcreeper,Grimpar bec-en-coin,Passeriformes,Furnariidae,Dendrocolaptinae,Glyphorynchus,Glyphorynchus spirurus,,,,,,,
Dendrocolaptes sanctithomae,1022,species,Northern Barred-Woodcreeper,Grimpar vermiculé,Passeriformes,Furnariidae,Dendrocolaptinae,Dendrocolaptes,Dendrocolaptes sanctithomae,,,,,,,
Dendrocolaptes picumnus,1023,species,Black-banded Woodcreeper,Grimpar varié,Passeriformes,Furnariidae,Dendrocolaptinae,Dendrocolaptes,Dendrocolaptes picumnus,,,,,,,
Xiphocolaptes promeropirhynchus,1021,species,Strong-billed Woodcreeper,Grimpar géant,Passeriformes,Furnariidae,Dendrocolaptinae,Xiphocolaptes,Xiphocolaptes promeropirhynchus,,,,,,,
Xiphorhynchus susurrans,1025,species,Cocoa Woodcreeper,Grimpar cacao,Passeriformes,Furnariidae,Dendrocolaptinae,Xiphorhynchus,Xiphorhynchus susurrans,,,,,,,
Xiphorhynchus flavigaster,1026,species,Ivory-billed Woodcreeper,Grimpar à bec ivoire,Passeriformes,Furnariidae,Dendrocolaptinae,Xiphorhynchus,Xiphorhynchus flavigaster,,,,,,,
Xiphorhynchus lachrymosus,1027,species,Black-striped Woodcreeper,Grimpar maillé,Passeriformes,Furnariidae,Dendrocolaptinae,Xiphorhynchus,Xiphorhynchus lachrymosus,,,,,,,
Xiphorhynchus erythropygius,1028,species,Spotted Woodcreeper,Grimpar tacheté,Passeriformes,Furnariidae,Dendrocolaptinae,Xiphorhynchus,Xiphorhynchus erythropygius,,,,,,,
Dendroplex picus,1024,species,Straight-billed Woodcreeper,Grimpar talapiot,Passeriformes,Furnariidae,Dendrocolaptinae,Dendroplex,Dendroplex picus,,,,,,,
Campylorhamphus trochilirostris,1032,species,Red-billed Scythebill,Grimpar à bec rouge,Passeriformes,Furnariidae,Dendrocolaptinae,Campylorhamphus,Campylorhamphus trochilirostris,,,,,,,
Campylorhamphus pusillus,1033,species,Brown-billed Scythebill,Grimpar à bec brun,Passeriformes,Furnariidae,Dendrocolaptinae,Campylorhamphus,Campylorhamphus pusillus,,,,,,,
Lepidocolaptes leucogaster,1029,species,White-striped Woodcreeper,Grimpar givré,Passeriformes,Furnariidae,Dendrocolaptinae,Lepidocolaptes,Lepidocolaptes leucogaster,,,,,,,
Lepidocolaptes souleyetii,1030,species,Streak-headed Woodcreeper,Grimpar de Souleyet,Passeriformes,Furnariidae,Dendrocolaptinae,Lepidocolaptes,Lepidocolaptes souleyetii,,,,,,,
Lepidocolaptes affinis,1031,species,Spot-crowned Woodcreeper,Grimpar moucheté,Passeriformes,Furnariidae,Dendrocolaptinae,Lepidocolaptes,Lepidocolaptes affinis,,,,,,,
Xenops minutus,1009,species,Plain Xenops,Sittine brune,Passeriformes,Furnariidae,Furnariinae,Xenops,Xenops minutus,,,,,,,
Xenops rutilans,1010,species,Streaked Xenops,Sittine striée,Passeriformes,Furnariidae,Furnariinae,Xenops,Xenops rutilans,,,,,,,
Pseudocolaptes lawrencii,1000,species,Buffy Tuftedcheek,Anabate chamois,Passeriformes,Furnariidae,Furnariinae,Pseudocolaptes,Pseudocolaptes lawrencii,,,,,,,
Lochmias nematura,1014,species,Sharp-tailed Streamcreeper,Picerthie de Saint-Hilaire,Passeriformes,Furnariidae,Furnariinae,Lochmias,Lochmias nematura,,,,,,,
Philydor fuscipenne,1004,species,Slaty-winged Foliage-gleaner,Anabate à ailes sombres,Passeriformes,Furnariidae,Furnariinae,Philydor,Philydor fuscipenne,,,,,,,
Dendroma rufa,14561,species,Buff-fronted Foliage-gleaner,Anabate roux,Passeriformes,Furnariidae,Furnariinae,Dendroma,Dendroma rufa,Formerly placed in the genus Philydor.,,,,,,
Anabacerthia variegaticeps,1003,species,Scaly-throated Foliage-gleaner,Anabate à lunettes,Passeriformes,Furnariidae,Furnariinae,Anabacerthia,Anabacerthia variegaticeps,,,,,,,
Syndactyla subalaris,1002,species,Lineated Foliage-gleaner,Anabate vergeté,Passeriformes,Furnariidae,Furnariinae,Syndactyla,Syndactyla subalaris,,,,,,,
Clibanornis rubiginosus,11161,species,Ruddy Foliage-gleaner,Anabate rubigineux,Passeriformes,Furnariidae,Furnariinae,Clibanornis,Clibanornis rubiginosus,Formerly placed in Automolus.,,,,,,
Thripadectes rufobrunneus,1008,species,Streak-breasted Treehunter,Anabate des ravins,Passeriformes,Furnariidae,Furnariinae,Thripadectes,Thripadectes rufobrunneus,Monotypic.,,,,,,
Automolus cervinigularis,15094,species,Fawn-throated Foliage-gleaner,Anabate de Sclater,Passeriformes,Furnariidae,Furnariinae,Automolus,Automolus cervinigularis,Formerly considered conspecific with Automolus ochrolaemus.,,,,,,
Automolus ochrolaemus,1006,species,Ochre-throated Foliage-gleaner,Anabate à gorge fauve,Passeriformes,Furnariidae,Furnariinae,Automolus,Automolus ochrolaemus,,,,,,,
Automolus exsertus,13311,species,Chiriqui Foliage-gleaner,Anabate du Chiriqui,Passeriformes,Furnariidae,Furnariinae,Automolus,Automolus exsertus,Formerly considered conspecific with Automolus ochrolaemus.,,,,,,
Automolus subulatus,11171,species,Striped Woodhaunter,Anabate forestier,Passeriformes,Furnariidae,Furnariinae,Automolus,Automolus subulatus,Formerly placed in Hyloctistes.,,,,,,
Premnoplex brunnescens,997,species,Spotted Barbtail,Anabasitte tachetée,Passeriformes,Furnariidae,Furnariinae,Premnoplex,Premnoplex brunnescens,,,,,,,
Margarornis bellulus,998,species,Beautiful Treerunner,Anabasitte superbe,Passeriformes,Furnariidae,Furnariinae,Margarornis,Margarornis bellulus,Monotypic.,,,,,,
Margarornis rubiginosus,999,species,Ruddy Treerunner,Anabasitte rousse,Passeriformes,Furnariidae,Furnariinae,Margarornis,Margarornis rubiginosus,,,,,,,
Xenerpestes minlosi,996,species,Double-banded Graytail,Queue-grise des feuilles,Passeriformes,Furnariidae,Furnariinae,Xenerpestes,Xenerpestes minlosi,,,,,,,
Cranioleuca erythrops,994,species,Red-faced Spinetail,Synallaxe à face rouge,Passeriformes,Furnariidae,Furnariinae,Cranioleuca,Cranioleuca erythrops,,,,,,,
Cranioleuca dissita,11821,species,Coiba Spinetail,Synallaxe de Coiba,Passeriformes,Furnariidae,Furnariinae,Cranioleuca,Cranioleuca dissita,Formerly considered conspecific with Cranioleuca vulpina.,,,,,,
Synallaxis albescens,991,species,Pale-breasted Spinetail,Synallaxe albane,Passeriformes,Furnariidae,Furnariinae,Synallaxis,Synallaxis albescens,,,,,,,
Synallaxis brachyura,992,species,Slaty Spinetail,Synallaxe ardoisé,Passeriformes,Furnariidae,Furnariinae,Synallaxis,Synallaxis brachyura,,,,,,,
Synallaxis erythrothorax,993,species,Rufous-breasted Spinetail,Synallaxe à poitrine rousse,Passeriformes,Furnariidae,Furnariinae,Synallaxis,Synallaxis erythrothorax,,,,,,,
Cyclarhis gujanensis,1268,species,Rufous-browed Peppershrike,Sourciroux mélodieux,Passeriformes,Vireonidae,,Cyclarhis,Cyclarhis gujanensis,,,,,,,
Hylophilus flavipes,1261,species,Scrub Greenlet,Viréon à pattes claires,Passeriformes,Vireonidae,,Hylophilus,Hylophilus flavipes,,,,,,,
Vireolanius melitophrys,1265,species,Chestnut-sided Shrike-Vireo,Smaragdan ceinturé,Passeriformes,Vireonidae,,Vireolanius,Vireolanius melitophrys,,,,,,,
Vireolanius pulchellus,1266,species,Green Shrike-Vireo,Smaragdan émeraude,Passeriformes,Vireonidae,,Vireolanius,Vireolanius pulchellus,,,,,,,
Vireolanius eximius,1267,species,Yellow-browed Shrike-Vireo,Smaragdan à sourcils jaunes,Passeriformes,Vireonidae,,Vireolanius,Vireolanius eximius,,,,,,,
Tunchiornis ochraceiceps,1262,species,Tawny-crowned Greenlet,Viréon à calotte rousse,Passeriformes,Vireonidae,,Tunchiornis,Tunchiornis ochraceiceps,Formerly considered part of Hylophilus.,,,,,,
Pachysylvia decurtata,1264,species,Lesser Greenlet,Viréon menu,Passeriformes,Vireonidae,,Pachysylvia,Pachysylvia decurtata,Formerly considered part of Hylophilus.,,,,,,
Pachysylvia aurantiifrons,1263,species,Golden-fronted Greenlet,Viréon à front d'or,Passeriformes,Vireonidae,,Pachysylvia,Pachysylvia aurantiifrons,Formerly considered part of Hylophilus.,,,,,,
Vireo hypochryseus,1253,species,Golden Vireo,Viréo doré,Passeriformes,Vireonidae,,Vireo,Vireo hypochryseus,,,,,,,
Vireo osburni,1246,species,Blue Mountain Vireo,Viréo d'Osburn,Passeriformes,Vireonidae,,Vireo,Vireo osburni,Monotypic.,,,,,,
Vireo brevipennis,1232,species,Slaty Vireo,Viréo ardoisé,Passeriformes,Vireonidae,,Vireo,Vireo brevipennis,,,,,,,
Vireo atricapilla,1243,species,Black-capped Vireo,Viréo à tête noire,Passeriformes,Vireonidae,,Vireo,Vireo atricapilla,Monotypic.,,,,,,
Vireo nelsoni,1244,species,Dwarf Vireo,Viréo nain,Passeriformes,Vireonidae,,Vireo,Vireo nelsoni,Monotypic.,,,,,,
Vireo griseus,1233,species,White-eyed Vireo,Viréo aux yeux blancs,Passeriformes,Vireonidae,,Vireo,Vireo griseus,,,,,,,
Vireo crassirostris,1234,species,Thick-billed Vireo,Viréo à bec fort,Passeriformes,Vireonidae,,Vireo,Vireo crassirostris,,,,,,,
Vireo pallens,1235,species,Mangrove Vireo,Viréo des mangroves,Passeriformes,Vireonidae,,Vireo,Vireo pallens,,,,,,,
Vireo bairdi,1236,species,Cozumel Vireo,Viréo de Cozumel,Passeriformes,Vireonidae,,Vireo,Vireo bairdi,Monotypic.,,,,,,
Vireo caribaeus,1237,species,San Andres Vireo,Viréo de San Andrés,Passeriformes,Vireonidae,,Vireo,Vireo caribaeus,Monotypic.,,,,,,
Vireo modestus,1238,species,Jamaican Vireo,Viréo de Jamaïque,Passeriformes,Vireonidae,,Vireo,Vireo modestus,Monotypic.,,,,,,
Vireo gundlachii,1239,species,Cuban Vireo,Viréo de Cuba,Passeriformes,Vireonidae,,Vireo,Vireo gundlachii,Monotypic.,,,,,,
Vireo latimeri,1240,species,Puerto Rican Vireo,Viréo de Porto Rico,Passeriformes,Vireonidae,,Vireo,Vireo latimeri,Monotypic.,,,,,,
Vireo nanus,1241,species,Flat-billed Vireo,Viréo d'Hispaniola,Passeriformes,Vireonidae,,Vireo,Vireo nanus,Monotypic.,,,,,,
Vireo bellii,1242,species,Bell's Vireo,Viréo de Bell,Passeriformes,Vireonidae,,Vireo,Vireo bellii,,,,,,,
Vireo vicinior,1245,species,Gray Vireo,Viréo gris,Passeriformes,Vireonidae,,Vireo,Vireo vicinior,Monotypic.,,,,,,
Vireo huttoni,1252,species,Hutton's Vireo,Viréo de Hutton,Passeriformes,Vireonidae,,Vireo,Vireo huttoni,,,,,,,
Vireo flavifrons,1247,species,Yellow-throated Vireo,Viréo à gorge jaune,Passeriformes,Vireonidae,,Vireo,Vireo flavifrons,Monotypic.,,,,,,
Vireo carmioli,1251,species,Yellow-winged Vireo,Viréo à ailes jaunes,Passeriformes,Vireonidae,,Vireo,Vireo carmioli,Monotypic.,,,,,,
Vireo cassinii,1249,species,Cassin's Vireo,Viréo de Cassin,Passeriformes,Vireonidae,,Vireo,Vireo cassinii,,,,,,,
Vireo solitarius,1250,species,Blue-headed Vireo,Viréo à tête bleue,Passeriformes,Vireonidae,,Vireo,Vireo solitarius,,,,,,,
Vireo plumbeus,1248,species,Plumbeous Vireo,Viréo plombé,Passeriformes,Vireonidae,,Vireo,Vireo plumbeus,,,,,,,
Vireo philadelphicus,1256,species,Philadelphia Vireo,Viréo de Philadelphie,Passeriformes,Vireonidae,,Vireo,Vireo philadelphicus,Monotypic.,,,,,,
Vireo gilvus,1254,species,Warbling Vireo,Viréo mélodieux,Passeriformes,Vireonidae,,Vireo,Vireo gilvus,,,,,,,
Vireo leucophrys,1255,species,Brown-capped Vireo,Viréo à calotte brune,Passeriformes,Vireonidae,,Vireo,Vireo leucophrys,,,,,,,
Vireo olivaceus,1257,species,Red-eyed Vireo,Viréo aux yeux rouges,Passeriformes,Vireonidae,,Vireo,Vireo olivaceus,,,,,,,
Vireo flavoviridis,1258,species,Yellow-green Vireo,Viréo jaune-verdâtre,Passeriformes,Vireonidae,,Vireo,Vireo flavoviridis,,,,,,,
Vireo altiloquus,1259,species,Black-whiskered Vireo,Viréo à moustaches,Passeriformes,Vireonidae,,Vireo,Vireo altiloquus,,,,,,,
Vireo magister,1260,species,Yucatan Vireo,Viréo du Yucatan,Passeriformes,Vireonidae,,Vireo,Vireo magister,,,,,,,
Chasiempis sclateri,2063,species,Kauai Elepaio,Monarque de Kauai,Passeriformes,Monarchidae,,Chasiempis,Chasiempis sclateri,Monotypic.,,H,,,,
Chasiempis ibidis,2064,species,Oahu Elepaio,Monarque d'Oahu,Passeriformes,Monarchidae,,Chasiempis,Chasiempis ibidis,,,H,,,,
Chasiempis sandwichensis,1308,species,Hawaii Elepaio,Monarque d'Hawaï,Passeriformes,Monarchidae,,Chasiempis,Chasiempis sandwichensis,,,H,,,,
Lanius cristatus,1229,species,Brown Shrike,Pie-grièche brune,Passeriformes,Laniidae,,Lanius,Lanius cristatus,,A,,,,,
Lanius collurio,14511,species,Red-backed Shrike,Pie-grièche écorcheur,Passeriformes,Laniidae,,Lanius,Lanius collurio,,A,,,,,
Lanius ludovicianus,1230,species,Loggerhead Shrike,Pie-grièche migratrice,Passeriformes,Laniidae,,Lanius,Lanius ludovicianus,,,,,,,
Lanius borealis,15044,species,Northern Shrike,Pie-grièche boréale,Passeriformes,Laniidae,,Lanius,Lanius borealis,Formerly considered conspecific with Lanius excubitor.,,,,,,
Perisoreus canadensis,1978,species,Canada Jay,Mésangeai du Canada,Passeriformes,Corvidae,,Perisoreus,Perisoreus canadensis,,,,,,,
Cyanolyca mirabilis,1285,species,White-throated Jay,Geai masqué,Passeriformes,Corvidae,,Cyanolyca,Cyanolyca mirabilis,Monotypic.,,,,,,
Cyanolyca nanus,1283,species,Dwarf Jay,Geai nain,Passeriformes,Corvidae,,Cyanolyca,Cyanolyca nanus,Monotypic.,,,,,,
Cyanolyca pumilo,1282,species,Black-throated Jay,Geai à gorge noire,Passeriformes,Corvidae,,Cyanolyca,Cyanolyca pumilo,Monotypic.,,,,,,
Cyanolyca argentigula,1284,species,Silvery-throated Jay,Geai à gorge argentée,Passeriformes,Corvidae,,Cyanolyca,Cyanolyca argentigula,,,,,,,
Cyanolyca cucullata,1281,species,Azure-hooded Jay,Geai couronné,Passeriformes,Corvidae,,Cyanolyca,Cyanolyca cucullata,,,,,,,
Cyanocorax colliei,1271,species,Black-throated Magpie-Jay,Geai à face noire,Passeriformes,Corvidae,,Cyanocorax,Cyanocorax colliei,Monotypic. Formerly placed in the genus Calocitta.,,,,,,
Cyanocorax formosus,1272,species,White-throated Magpie-Jay,Geai à face blanche,Passeriformes,Corvidae,,Cyanocorax,Cyanocorax formosus,Formerly placed in the genus Calocitta.,,,,,,
Cyanocorax morio,1276,species,Brown Jay,Geai enfumé,Passeriformes,Corvidae,,Cyanocorax,Cyanocorax morio,Formerly placed in the genus Psilorhinus.,,,,,,
Cyanocorax yncas,1275,species,Green Jay,Geai vert,Passeriformes,Corvidae,,Cyanocorax,Cyanocorax yncas,,,,,,,
Cyanocorax melanocyaneus,1277,species,Bushy-crested Jay,Geai houppé,Passeriformes,Corvidae,,Cyanocorax,Cyanocorax melanocyaneus,,,,,,,
Cyanocorax yucatanicus,1279,species,Yucatan Jay,Geai du Yucatan,Passeriformes,Corvidae,,Cyanocorax,Cyanocorax yucatanicus,,,,,,,
Cyanocorax beecheii,1280,species,Purplish-backed Jay,Geai à dos violet,Passeriformes,Corvidae,,Cyanocorax,Cyanocorax beecheii,Monotypic.,,,,,,
Cyanocorax sanblasianus,1278,species,San Blas Jay,Geai de San Blas,Passeriformes,Corvidae,,Cyanocorax,Cyanocorax sanblasianus,,,,,,,
Cyanocorax dickeyi,1273,species,Tufted Jay,Geai panaché,Passeriformes,Corvidae,,Cyanocorax,Cyanocorax dickeyi,Monotypic.,,,,,,
Cyanocorax affinis,1274,species,Black-chested Jay,Geai à poitrine noire,Passeriformes,Corvidae,,Cyanocorax,Cyanocorax affinis,,,,,,,
Gymnorhinus cyanocephalus,1291,species,Pinyon Jay,Geai des pinèdes,Passeriformes,Corvidae,,Gymnorhinus,Gymnorhinus cyanocephalus,Monotypic.,,,,,,
Cyanocitta stelleri,1269,species,Steller's Jay,Geai de Steller,Passeriformes,Corvidae,,Cyanocitta,Cyanocitta stelleri,,,,,,,
Cyanocitta cristata,1270,species,Blue Jay,Geai bleu,Passeriformes,Corvidae,,Cyanocitta,Cyanocitta cristata,,,,,,,
Aphelocoma coerulescens,1286,species,Florida Scrub-Jay,Geai à gorge blanche,Passeriformes,Corvidae,,Aphelocoma,Aphelocoma coerulescens,Monotypic.,,,,,,
Aphelocoma insularis,1287,species,Island Scrub-Jay,Geai de Santa Cruz,Passeriformes,Corvidae,,Aphelocoma,Aphelocoma insularis,Monotypic.,,,,,,
Aphelocoma californica,1288,species,California Scrub-Jay,Geai buissonnier,Passeriformes,Corvidae,,Aphelocoma,Aphelocoma californica,Formerly considered conspecific with Aphelocoma woodhouseii.,,,,,,
Aphelocoma woodhouseii,12111,species,Woodhouse's Scrub-Jay,Geai de Woodhouse,Passeriformes,Corvidae,,Aphelocoma,Aphelocoma woodhouseii,Formerly considered conspecific with Aphelocoma californica.,,,,,,
Aphelocoma ultramarina,1289,species,Transvolcanic Jay,Geai des volcans,Passeriformes,Corvidae,,Aphelocoma,Aphelocoma ultramarina,,,,,,,
Aphelocoma wollweberi,2078,species,Mexican Jay,Geai du Mexique,Passeriformes,Corvidae,,Aphelocoma,Aphelocoma wollweberi,,,,,,,
Aphelocoma unicolor,1290,species,Unicolored Jay,Geai unicolore,Passeriformes,Corvidae,,Aphelocoma,Aphelocoma unicolor,,,,,,,
Nucifraga columbiana,1292,species,Clark's Nutcracker,Cassenoix d'Amérique,Passeriformes,Corvidae,,Nucifraga,Nucifraga columbiana,Monotypic.,,,,,,
Pica hudsonia,1293,species,Black-billed Magpie,Pie d'Amérique,Passeriformes,Corvidae,,Pica,Pica hudsonia,,,,,,,
Pica nuttalli,1294,species,Yellow-billed Magpie,Pie à bec jaune,Passeriformes,Corvidae,,Pica,Pica nuttalli,Monotypic.,,,,,,
Corvus monedula,1295,species,Eurasian Jackdaw,Choucas des tours,Passeriformes,Corvidae,,Corvus,Corvus monedula,,A,,,,,
Corvus frugilegus,12261,species,Rook,Corbeau freux,Passeriformes,Corvidae,,Corvus,Corvus frugilegus,,A,,,,,
Corvus brachyrhynchos,1296,species,American Crow,Corneille d'Amérique,Passeriformes,Corvidae,,Corvus,Corvus brachyrhynchos,,,,,,,
Corvus minutus,15060,species,Cuban Palm-Crow,Corneille minute,Passeriformes,Corvidae,,Corvus,Corvus minutus,Formerly considered conspecific with Corvus palmarum.,,,,,,
Corvus palmarum,1298,species,Hispaniolan Palm-Crow,Corneille palmiste,Passeriformes,Corvidae,,Corvus,Corvus palmarum,Formerly considered conspecific with Corvus minutus.,,,,,,
Corvus nasicus,1299,species,Cuban Crow,Corneille de Cuba,Passeriformes,Corvidae,,Corvus,Corvus nasicus,Monotypic.,,,,,,
Corvus leucognaphalus,1300,species,White-necked Crow,Corneille d'Hispaniola,Passeriformes,Corvidae,,Corvus,Corvus leucognaphalus,Monotypic.,,,,,,
Corvus cornix,12271,species,Hooded Crow,Corneille mantelée,Passeriformes,Corvidae,,Corvus,Corvus cornix,,A,,,,,
Corvus jamaicensis,1301,species,Jamaican Crow,Corneille de Jamaïque,Passeriformes,Corvidae,,Corvus,Corvus jamaicensis,Monotypic.,,,,,,
Corvus imparatus,1302,species,Tamaulipas Crow,Corneille du Mexique,Passeriformes,Corvidae,,Corvus,Corvus imparatus,Monotypic.,,,,,,
Corvus sinaloae,1303,species,Sinaloa Crow,Corneille du Sinaloa,Passeriformes,Corvidae,,Corvus,Corvus sinaloae,Monotypic.,,,,,,
Corvus ossifragus,1304,species,Fish Crow,Corneille de rivage,Passeriformes,Corvidae,,Corvus,Corvus ossifragus,Monotypic. ,,,,,,
Corvus hawaiiensis,1305,species,Hawaiian Crow,Corneille d'Hawaï,Passeriformes,Corvidae,,Corvus,Corvus hawaiiensis,Monotypic. ,,H,,,,
Corvus cryptoleucus,1306,species,Chihuahuan Raven,Corbeau à cou blanc,Passeriformes,Corvidae,,Corvus,Corvus cryptoleucus,Monotypic.,,,,,,
Corvus corax,1307,species,Common Raven,Grand Corbeau,Passeriformes,Corvidae,,Corvus,Corvus corax,,,,,,,
Auriparus flaviceps,1345,species,Verdin,Auripare verdin,Passeriformes,Remizidae,,Auriparus,Auriparus flaviceps,,,,,,,
Poecile carolinensis,1333,species,Carolina Chickadee,Mésange de Caroline,Passeriformes,Paridae,,Poecile,Poecile carolinensis,,,,,,,
Poecile atricapillus,1334,species,Black-capped Chickadee,Mésange à tête noire,Passeriformes,Paridae,,Poecile,Poecile atricapillus,,,,,,,
Poecile gambeli,1335,species,Mountain Chickadee,Mésange de Gambel,Passeriformes,Paridae,,Poecile,Poecile gambeli,,,,,,,
Poecile sclateri,1336,species,Mexican Chickadee,Mésange grise,Passeriformes,Paridae,,Poecile,Poecile sclateri,,,,,,,
Poecile rufescens,1337,species,Chestnut-backed Chickadee,Mésange à dos marron,Passeriformes,Paridae,,Poecile,Poecile rufescens,,,,,,,
Poecile hudsonicus,1338,species,Boreal Chickadee,Mésange à tête brune,Passeriformes,Paridae,,Poecile,Poecile hudsonicus,,,,,,,
Poecile cinctus,1339,species,Gray-headed Chickadee,Mésange lapone,Passeriformes,Paridae,,Poecile,Poecile cinctus,,,,,,,
Baeolophus wollweberi,1340,species,Bridled Titmouse,Mésange arlequin,Passeriformes,Paridae,,Baeolophus,Baeolophus wollweberi,,,,,,,
Baeolophus inornatus,1341,species,Oak Titmouse,Mésange unicolore,Passeriformes,Paridae,,Baeolophus,Baeolophus inornatus,,,,,,,
Baeolophus ridgwayi,1342,species,Juniper Titmouse,Mésange des genévriers,Passeriformes,Paridae,,Baeolophus,Baeolophus ridgwayi,,,,,,,
Baeolophus bicolor,1343,species,Tufted Titmouse,Mésange bicolore,Passeriformes,Paridae,,Baeolophus,Baeolophus bicolor,,,,,,,
Baeolophus atricristatus,1344,species,Black-crested Titmouse,Mésange à plumet noir,Passeriformes,Paridae,,Baeolophus,Baeolophus atricristatus,,,,,,,
Alauda arvensis,1309,species,Eurasian Skylark,Alouette des champs,Passeriformes,Alaudidae,,Alauda,Alauda arvensis,,,,,,,
Eremophila alpestris,1310,species,Horned Lark,Alouette hausse-col,Passeriformes,Alaudidae,,Eremophila,Eremophila alpestris,,,,,,,
Arundinax aedon,13651,species,Thick-billed Warbler,Rousserolle à gros bec,Passeriformes,Acrocephalidae,,Arundinax,Arundinax aedon,,A,,,,,
Hippolais icterina,15098,species,Icterine Warbler,Hypolaïs ictérine,Passeriformes,Acrocephalidae,,Hippolais,Hippolais icterina,,A,,,,,
Acrocephalus familiaris,1407,species,Millerbird,Rousserolle obscure,Passeriformes,Acrocephalidae,,Acrocephalus,Acrocephalus familiaris,,,H,,,,
Acrocephalus schoenobaenus,2054,species,Sedge Warbler,Phragmite des joncs,Passeriformes,Acrocephalidae,,Acrocephalus,Acrocephalus schoenobaenus,,A,,,,,
Acrocephalus dumetorum,12411,species,Blyth's Reed Warbler,Rousserolle des buissons,Passeriformes,Acrocephalidae,,Acrocephalus,Acrocephalus dumetorum,,A,,,,,
Donacobius atricapilla,1352,species,Black-capped Donacobius,Donacobe à miroir,Passeriformes,Donacobiidae,,Donacobius,Donacobius atricapilla,,,,,,,
Helopsaltes certhiola,14871,species,Pallas's Grasshopper Warbler,Locustelle de Pallas,Passeriformes,Locustellidae,,Helopsaltes,Helopsaltes certhiola,,A,,,,,
Helopsaltes ochotensis,13961,species,Middendorff's Grasshopper Warbler,Locustelle de Middendorff,Passeriformes,Locustellidae,,Helopsaltes,Helopsaltes ochotensis,Formerly placed in the genus Locustella.,A,,,,,
Locustella lanceolata,1406,species,Lanceolated Warbler,Locustelle lancéolée,Passeriformes,Locustellidae,,Locustella,Locustella lanceolata,,A,,,,,
Locustella fluviatilis,13661,species,River Warbler,Locustelle fluviatile,Passeriformes,Locustellidae,,Locustella,Locustella fluviatilis,,A,,,,,
Riparia riparia,1328,species,Bank Swallow,Hirondelle de rivage,Passeriformes,Hirundinidae,Hirundininae,Riparia,Riparia riparia,,,,,,,
Tachycineta bicolor,1318,species,Tree Swallow,Hirondelle bicolore,Passeriformes,Hirundinidae,Hirundininae,Tachycineta,Tachycineta bicolor,Monotypic.,,,,,,
Tachycineta cyaneoviridis,1322,species,Bahama Swallow,Hirondelle des Bahamas,Passeriformes,Hirundinidae,Hirundininae,Tachycineta,Tachycineta cyaneoviridis,Monotypic.,,,,,,
Tachycineta thalassina,1321,species,Violet-green Swallow,Hirondelle à face blanche,Passeriformes,Hirundinidae,Hirundininae,Tachycineta,Tachycineta thalassina,,,,,,,
Tachycineta euchrysea,1320,species,Golden Swallow,Hirondelle dorée,Passeriformes,Hirundinidae,Hirundininae,Tachycineta,Tachycineta euchrysea,,,,,,,
Tachycineta albilinea,1319,species,Mangrove Swallow,Hirondelle des mangroves,Passeriformes,Hirundinidae,Hirundininae,Tachycineta,Tachycineta albilinea,Monotypic.,,,,,,
Atticora pileata,1324,species,Black-capped Swallow,Hirondelle à tête noire,Passeriformes,Hirundinidae,Hirundininae,Atticora,Atticora pileata,Monotypic. Formerly placed in Notiochelidon.,,,,,,
Atticora tibialis,1325,species,White-thighed Swallow,Hirondelle à cuisses blanches,Passeriformes,Hirundinidae,Hirundininae,Atticora,Atticora tibialis,Formerly placed in Neochelidon.,,,,,,
Pygochelidon cyanoleuca,1323,species,Blue-and-white Swallow,Hirondelle bleu et blanc,Passeriformes,Hirundinidae,Hirundininae,Pygochelidon,Pygochelidon cyanoleuca,Monotypic.,,,,,,
Stelgidopteryx serripennis,1326,species,Northern Rough-winged Swallow,Hirondelle à ailes hérissées,Passeriformes,Hirundinidae,Hirundininae,Stelgidopteryx,Stelgidopteryx serripennis,,,,,,,
Stelgidopteryx ruficollis,1327,species,Southern Rough-winged Swallow,Hirondelle à gorge rousse,Passeriformes,Hirundinidae,Hirundininae,Stelgidopteryx,Stelgidopteryx ruficollis,,,,,,,
Progne tapera,1317,species,Brown-chested Martin,Hirondelle tapère,Passeriformes,Hirundinidae,Hirundininae,Progne,Progne tapera,,,,,N,,
Progne subis,1311,species,Purple Martin,Hirondelle noire,Passeriformes,Hirundinidae,Hirundininae,Progne,Progne subis,,,,,,,
Progne elegans,1316,species,Southern Martin,Hirondelle gracieuse,Passeriformes,Hirundinidae,Hirundininae,Progne,Progne elegans,Monotypic.,,,,,,
Progne chalybea,1315,species,Gray-breasted Martin,Hirondelle chalybée,Passeriformes,Hirundinidae,Hirundininae,Progne,Progne chalybea,,,,,,,
Progne sinaloae,1314,species,Sinaloa Martin,Hirondelle du Sinaloa,Passeriformes,Hirundinidae,Hirundininae,Progne,Progne sinaloae,Monotypic.,,,,,,
Progne cryptoleuca,1312,species,Cuban Martin,Hirondelle de Cuba,Passeriformes,Hirundinidae,Hirundininae,Progne,Progne cryptoleuca,Monotypic.,,,,,,
Progne dominicensis,1313,species,Caribbean Martin,Hirondelle à ventre blanc,Passeriformes,Hirundinidae,Hirundininae,Progne,Progne dominicensis,Monotypic.,,,,,,
Hirundo rustica,1331,species,Barn Swallow,Hirondelle rustique,Passeriformes,Hirundinidae,Hirundininae,Hirundo,Hirundo rustica,,,,,,,
Delichon urbicum,1332,species,Western House-Martin,Hirondelle de fenêtre,Passeriformes,Hirundinidae,Hirundininae,Delichon,Delichon urbicum,Formerly treated as conspecific with Delichon lagopodum.,A,,,,,
Delichon lagopodum,15061,species,Siberian House-Martin,Hirondelle de Pallas,Passeriformes,Hirundinidae,Hirundininae,Delichon,Delichon lagopodum,Formerly considered conspecific with Delichon urbicum.,A,,,,,
Petrochelidon pyrrhonota,1329,species,Cliff Swallow,Hirondelle à front blanc,Passeriformes,Hirundinidae,Hirundininae,Petrochelidon,Petrochelidon pyrrhonota,,,,,,,
Petrochelidon fulva,1330,species,Cave Swallow,Hirondelle à front brun,Passeriformes,Hirundinidae,Hirundininae,Petrochelidon,Petrochelidon fulva,,,,,,,
Psaltriparus minimus,1346,species,Bushtit,Orite buissonnière,Passeriformes,Aegithalidae,,Psaltriparus,Psaltriparus minimus,,,,,,,
Horornis diphone,13211,species,Japanese Bush Warbler,Bouscarle chanteuse,Passeriformes,Cettiidae,,Horornis,Horornis diphone,Formerly included in the genus Cettia.,,H,I,,,
Phylloscopus trochilus,1408,species,Willow Warbler,Pouillot fitis,Passeriformes,Phylloscopidae,,Phylloscopus,Phylloscopus trochilus,,A,,,,,
Phylloscopus collybita,11021,species,Common Chiffchaff,Pouillot véloce,Passeriformes,Phylloscopidae,,Phylloscopus,Phylloscopus collybita,,A,,,,,
Phylloscopus sibilatrix,1409,species,Wood Warbler,Pouillot siffleur,Passeriformes,Phylloscopidae,,Phylloscopus,Phylloscopus sibilatrix,Monotypic.,A,,,,,
Phylloscopus fuscatus,1410,species,Dusky Warbler,Pouillot brun,Passeriformes,Phylloscopidae,,Phylloscopus,Phylloscopus fuscatus,,A,,,,,
Phylloscopus proregulus,2016,species,Pallas's Leaf Warbler,Pouillot de Pallas,Passeriformes,Phylloscopidae,,Phylloscopus,Phylloscopus proregulus,,A,,,,,
Phylloscopus inornatus,1411,species,Yellow-browed Warbler,Pouillot à grands sourcils,Passeriformes,Phylloscopidae,,Phylloscopus,Phylloscopus inornatus,,A,,,,,
Phylloscopus borealis,1412,species,Arctic Warbler,Pouillot boréal,Passeriformes,Phylloscopidae,,Phylloscopus,Phylloscopus borealis,,,,,,,
Phylloscopus examinandus,11031,species,Kamchatka Leaf Warbler,Pouillot du Kamtchatka,Passeriformes,Phylloscopidae,,Phylloscopus,Phylloscopus examinandus,,A,,,,,
Pycnonotus cafer,1400,species,Red-vented Bulbul,Bulbul à ventre rouge,Passeriformes,Pycnonotidae,,Pycnonotus,Pycnonotus cafer,,,H,I,,,
Pycnonotus jocosus,1401,species,Red-whiskered Bulbul,Bulbul orphée,Passeriformes,Pycnonotidae,,Pycnonotus,Pycnonotus jocosus,,,,I,,,
Sylvia atricapilla,12321,species,Eurasian Blackcap,Fauvette à tête noire,Passeriformes,Sylviidae,,Sylvia,Sylvia atricapilla,,A,,,,,
Sylvia curruca,1413,species,Lesser Whitethroat,Fauvette babillarde,Passeriformes,Sylviidae,,Sylvia,Sylvia curruca,,A,,,,,
Chamaea fasciata,1483,species,Wrentit,Cama brune,Passeriformes,Sylviidae,,Chamaea,Chamaea fasciata,,,,,,,
Zosterops japonicus,1484,species,Warbling White-eye,Zostérops du Japon,Passeriformes,Zosteropidae,,Zosterops,Zosterops japonicus,Formerly called Japanese White-eye.,,H,I,,,
Garrulax pectoralis,1480,species,Greater Necklaced Laughingthrush,Garrulaxe à plastron,Passeriformes,Leiothrichidae,,Garrulax,Garrulax pectoralis,,,H,I,,,
Garrulax canorus,1481,species,Hwamei,Garrulaxe hoamy,Passeriformes,Leiothrichidae,,Garrulax,Garrulax canorus,,,H,I,,,
Leiothrix lutea,1482,species,Red-billed Leiothrix,Léiothrix jaune,Passeriformes,Leiothrichidae,,Leiothrix,Leiothrix lutea,,,H,I,,,
Corthylio calendula,14891,species,Ruby-crowned Kinglet,Roitelet à couronne rubis,Passeriformes,Regulidae,,Corthylio,Corthylio calendula,Formerly placed in the genus Regulus.,,,,,,
Regulus satrapa,1402,species,Golden-crowned Kinglet,Roitelet à couronne dorée,Passeriformes,Regulidae,,Regulus,Regulus satrapa,,,,,,,
Dulus dominicus,1530,species,Palmchat,Esclave palmiste,Passeriformes,Dulidae,,Dulus,Dulus dominicus,Monotypic.,,,,,,
Bombycilla garrulus,1524,species,Bohemian Waxwing,Jaseur boréal,Passeriformes,Bombycillidae,,Bombycilla,Bombycilla garrulus,,,,,,,
Bombycilla cedrorum,1525,species,Cedar Waxwing,Jaseur d'Amérique,Passeriformes,Bombycillidae,,Bombycilla,Bombycilla cedrorum,Monotypic.,,,,,,
Phainoptila melanoxantha,1526,species,Black-and-yellow Silky-flycatcher,Phénoptile noir et jaune,Passeriformes,Ptiliogonatidae,,Phainoptila,Phainoptila melanoxantha,,,,,,,
Ptiliogonys cinereus,1527,species,Gray Silky-flycatcher,Ptilogon cendré,Passeriformes,Ptiliogonatidae,,Ptiliogonys,Ptiliogonys cinereus,,,,,,,
Ptiliogonys caudatus,1528,species,Long-tailed Silky-flycatcher,Ptilogon à longue queue,Passeriformes,Ptiliogonatidae,,Ptiliogonys,Ptiliogonys caudatus,Monotypic.,,,,,,
Phainopepla nitens,1529,species,Phainopepla,Phénopèple luisant,Passeriformes,Ptiliogonatidae,,Phainopepla,Phainopepla nitens,,,,,,,
Moho braccatus,1224,species,Kauai Oo,Moho de Kauai,Passeriformes,Mohoidae,,Moho,Moho braccatus,Monotypic.,,H,,,†,
Moho apicalis,1225,species,Oahu Oo,Moho d'Oahu,Passeriformes,Mohoidae,,Moho,Moho apicalis,Monotypic.,,H,,,†,
Moho bishopi,1226,species,Bishop's Oo,Moho de Bishop,Passeriformes,Mohoidae,,Moho,Moho bishopi,Monotypic.,,H,,,†,
Moho nobilis,1227,species,Hawaii Oo,Moho d'Hawaï,Passeriformes,Mohoidae,,Moho,Moho nobilis,Monotypic.,,H,,,†,
Chaetoptila angustipluma,1228,species,Kioea,Kioéa d'Hawaï,Passeriformes,Mohoidae,,Chaetoptila,Chaetoptila angustipluma,Monotypic.,,H,,,†,
Sitta canadensis,1347,species,Red-breasted Nuthatch,Sittelle à poitrine rousse,Passeriformes,Sittidae,Sittinae,Sitta,Sitta canadensis,Monotypic.,,,,,,
Sitta carolinensis,1348,species,White-breasted Nuthatch,Sittelle à poitrine blanche,Passeriformes,Sittidae,Sittinae,Sitta,Sitta carolinensis,,,,,,,
Sitta pygmaea,1349,species,Pygmy Nuthatch,Sittelle pygmée,Passeriformes,Sittidae,Sittinae,Sitta,Sitta pygmaea,,,,,,,
Sitta pusilla,1350,species,Brown-headed Nuthatch,Sittelle à tête brune,Passeriformes,Sittidae,Sittinae,Sitta,Sitta pusilla,,,,,,,
Sitta insularis,14901,species,Bahama Nuthatch,Sittelle des Bahamas,Passeriformes,Sittidae,Sittinae,Sitta,Sitta insularis,Formerly considered conspecific with Sitta pusilla.,,,,,,
Certhia americana,1351,species,Brown Creeper,Grimpereau brun,Passeriformes,Certhiidae,Certhiinae,Certhia,Certhia americana,,,,,,,
Ramphocaenus melanurus,1936,species,Long-billed Gnatwren,Microbate à long bec,Passeriformes,Polioptilidae,,Ramphocaenus,Ramphocaenus melanurus,,,,,,,
Microbates cinereiventris,2008,species,Tawny-faced Gnatwren,Microbate cendré,Passeriformes,Polioptilidae,,Microbates,Microbates cinereiventris,,,,,,,
Polioptila schistaceigula,2011,species,Slate-throated Gnatcatcher,Gobemoucheron ardoisé,Passeriformes,Polioptilidae,,Polioptila,Polioptila schistaceigula,Monotypic.,,,,,,
Polioptila lembeyei,2009,species,Cuban Gnatcatcher,Gobemoucheron de Cuba,Passeriformes,Polioptilidae,,Polioptila,Polioptila lembeyei,Monotypic.,,,,,,
Polioptila albiventris,13711,species,Yucatan Gnatcatcher,Gobemoucheron du Yucatan,Passeriformes,Polioptilidae,,Polioptila,Polioptila albiventris,Formerly considered conspecific with P. albiloris.,,,,,,
Polioptila bilineata,15001,species,White-browed Gnatcatcher,Gobemoucheron à sourcils blancs,Passeriformes,Polioptilidae,,Polioptila,Polioptila bilineata,Formerly considered conspecific with Polioptila plumbea.,,,,,,
Polioptila caerulea,2010,species,Blue-gray Gnatcatcher,Gobemoucheron gris-bleu,Passeriformes,Polioptilidae,,Polioptila,Polioptila caerulea,,,,,,,
Polioptila melanura,2014,species,Black-tailed Gnatcatcher,Gobemoucheron à queue noire,Passeriformes,Polioptilidae,,Polioptila,Polioptila melanura,,,,,,,
Polioptila californica,2015,species,California Gnatcatcher,Gobemoucheron de Californie,Passeriformes,Polioptilidae,,Polioptila,Polioptila californica,,,,,,,
Polioptila nigriceps,2034,species,Black-capped Gnatcatcher,Gobemoucheron à coiffe noire,Passeriformes,Polioptilidae,,Polioptila,Polioptila nigriceps,,,,,,,
Polioptila albiloris,2013,species,White-lored Gnatcatcher,Gobemoucheron à face blanche,Passeriformes,Polioptilidae,,Polioptila,Polioptila albiloris,,,,,,,
Salpinctes obsoletus,1362,species,Rock Wren,Troglodyte des rochers,Passeriformes,Troglodytidae,,Salpinctes,Salpinctes obsoletus,,,,,,,
Microcerculus philomela,1396,species,Nightingale Wren,Troglodyte philomèle,Passeriformes,Troglodytidae,,Microcerculus,Microcerculus philomela,Monotypic.,,,,,,
Microcerculus marginatus,1397,species,Scaly-breasted Wren,Troglodyte siffleur,Passeriformes,Troglodytidae,,Microcerculus,Microcerculus marginatus,,,,,,,
Catherpes mexicanus,1363,species,Canyon Wren,Troglodyte des canyons,Passeriformes,Troglodytidae,,Catherpes,Catherpes mexicanus,,,,,,,
Hylorchilus sumichrasti,1364,species,Sumichrast's Wren,Troglodyte à bec fin,Passeriformes,Troglodytidae,,Hylorchilus,Hylorchilus sumichrasti,Monotypic.,,,,,,
Hylorchilus navai,1365,species,Nava's Wren,Troglodyte de Nava,Passeriformes,Troglodytidae,,Hylorchilus,Hylorchilus navai,Monotypic.,,,,,,
Pheugopedius spadix,10091,species,Sooty-headed Wren,Troglodyte moine,Passeriformes,Troglodytidae,,Pheugopedius,Pheugopedius spadix,Monotypic.,,,,,,
Pheugopedius atrogularis,10101,species,Black-throated Wren,Troglodyte à gorge noire,Passeriformes,Troglodytidae,,Pheugopedius,Pheugopedius atrogularis,Monotypic.,,,,,,
Pheugopedius rutilus,10111,species,Rufous-breasted Wren,Troglodyte des halliers,Passeriformes,Troglodytidae,,Pheugopedius,Pheugopedius rutilus,,,,,,,
Pheugopedius maculipectus,10121,species,Spot-breasted Wren,Troglodyte à poitrine tachetée,Passeriformes,Troglodytidae,,Pheugopedius,Pheugopedius maculipectus,,,,,,,
Pheugopedius felix,10161,species,Happy Wren,Troglodyte joyeux,Passeriformes,Troglodytidae,,Pheugopedius,Pheugopedius felix,,,,,,,
Pheugopedius fasciatoventris,10151,species,Black-bellied Wren,Troglodyte à ventre noir,Passeriformes,Troglodytidae,,Pheugopedius,Pheugopedius fasciatoventris,,,,,,,
Cantorchilus leucopogon,10241,species,Stripe-throated Wren,Troglodyte balafré,Passeriformes,Troglodytidae,,Cantorchilus,Cantorchilus leucopogon,,,,,,,
Cantorchilus thoracicus,10271,species,Stripe-breasted Wren,Troglodyte flammé,Passeriformes,Troglodytidae,,Cantorchilus,Cantorchilus thoracicus,Monotypic.,,,,,,
Cantorchilus modestus,10281,species,Cabanis's Wren,Troglodyte modeste,Passeriformes,Troglodytidae,,Cantorchilus,Cantorchilus modestus,"Formerly called Plain Wren, but now treated separately from Cantorchilus zeledoni and C. elutus.",,,,,,
Cantorchilus zeledoni,12071,species,Canebrake Wren,Troglodyte de Zeledon,Passeriformes,Troglodytidae,,Cantorchilus,Cantorchilus zeledoni,Formerly considered conspecific with Cantorchilus modestus and C. elutus.,,,,,,
Cantorchilus elutus,12081,species,Isthmian Wren,Troglodyte du Panama,Passeriformes,Troglodytidae,,Cantorchilus,Cantorchilus elutus,Formerly considered conspecific with Cantorchilus modestus and C. zeledoni.,,,,,,
Cantorchilus nigricapillus,10291,species,Bay Wren,Troglodyte à calotte noire,Passeriformes,Troglodytidae,,Cantorchilus,Cantorchilus nigricapillus,,,,,,,
Cantorchilus semibadius,10301,species,Riverside Wren,Troglodyte des ruisseaux,Passeriformes,Troglodytidae,,Cantorchilus,Cantorchilus semibadius,Monotypic.,,,,,,
Cantorchilus leucotis,10311,species,Buff-breasted Wren,Troglodyte à face pâle,Passeriformes,Troglodytidae,,Cantorchilus,Cantorchilus leucotis,,,,,,,
Henicorhina leucosticta,1394,species,White-breasted Wood-Wren,Troglodyte à poitrine blanche,Passeriformes,Troglodytidae,,Henicorhina,Henicorhina leucosticta,,,,,,,
Henicorhina leucophrys,1395,species,Gray-breasted Wood-Wren,Troglodyte à poitrine grise,Passeriformes,Troglodytidae,,Henicorhina,Henicorhina leucophrys,,,,,,,
Cyphorhinus phaeocephalus,1398,species,Song Wren,Troglodyte chanteur,Passeriformes,Troglodytidae,,Cyphorhinus,Cyphorhinus phaeocephalus,,,,,,,
Uropsila leucogastra,1392,species,White-bellied Wren,Troglodyte à ventre blanc,Passeriformes,Troglodytidae,,Uropsila,Uropsila leucogastra,,,,,,,
Thryophilus rufalbus,10191,species,Rufous-and-white Wren,Troglodyte rufalbin,Passeriformes,Troglodytidae,,Thryophilus,Thryophilus rufalbus,,,,,,,
Thryophilus sinaloa,10201,species,Sinaloa Wren,Troglodyte du Sinaloa,Passeriformes,Troglodytidae,,Thryophilus,Thryophilus sinaloa,,,,,,,
Thryophilus pleurostictus,10211,species,Banded Wren,Troglodyte barré,Passeriformes,Troglodytidae,,Thryophilus,Thryophilus pleurostictus,,,,,,,
Campylorhynchus albobrunneus,1353,species,White-headed Wren,Troglodyte à tête blanche,Passeriformes,Troglodytidae,,Campylorhynchus,Campylorhynchus albobrunneus,,,,,,,
Campylorhynchus zonatus,1354,species,Band-backed Wren,Troglodyte zoné,Passeriformes,Troglodytidae,,Campylorhynchus,Campylorhynchus zonatus,,,,,,,
Campylorhynchus megalopterus,1355,species,Gray-barred Wren,Troglodyte zébré,Passeriformes,Troglodytidae,,Campylorhynchus,Campylorhynchus megalopterus,,,,,,,
Campylorhynchus chiapensis,1356,species,Giant Wren,Troglodyte géant,Passeriformes,Troglodytidae,,Campylorhynchus,Campylorhynchus chiapensis,Monotypic.,,,,,,
Campylorhynchus griseus,11541,species,Bicolored Wren,Troglodyte bicolore,Passeriformes,Troglodytidae,,Campylorhynchus,Campylorhynchus griseus,,,,,,,
Campylorhynchus humilis,15105,species,Russet-naped Wren,Troglodyte à bandeau brun,Passeriformes,Troglodytidae,,Campylorhynchus,Campylorhynchus humilis,Formerly considered conspecific with Campylorhynchus rufinucha and C. capistratus.,,,,,,
Campylorhynchus rufinucha,1357,species,Veracruz Wren,Troglodyte à nuque rousse,Passeriformes,Troglodytidae,,Campylorhynchus,Campylorhynchus rufinucha,Formerly considered conspecific with Campylorhynchus humilis and C. capistratus.,,,,,,
Campylorhynchus capistratus,15104,species,Rufous-backed Wren,Troglodyte à dos roux,Passeriformes,Troglodytidae,,Campylorhynchus,Campylorhynchus capistratus,Formerly considered conspecific with Campylorhynchus rufinucha and C. capistratus. ,,,,,,
Campylorhynchus gularis,1358,species,Spotted Wren,Troglodyte tacheté,Passeriformes,Troglodytidae,,Campylorhynchus,Campylorhynchus gularis,Monotypic.,,,,,,
Campylorhynchus jocosus,1359,species,Boucard's Wren,Troglodyte de Boucard,Passeriformes,Troglodytidae,,Campylorhynchus,Campylorhynchus jocosus,Monotypic.,,,,,,
Campylorhynchus yucatanicus,1360,species,Yucatan Wren,Troglodyte du Yucatan,Passeriformes,Troglodytidae,,Campylorhynchus,Campylorhynchus yucatanicus,Monotypic.,,,,,,
Campylorhynchus brunneicapillus,1361,species,Cactus Wren,Troglodyte des cactus,Passeriformes,Troglodytidae,,Campylorhynchus,Campylorhynchus brunneicapillus,,,,,,,
Thryomanes bewickii,1382,species,Bewick's Wren,Troglodyte de Bewick,Passeriformes,Troglodytidae,,Thryomanes,Thryomanes bewickii,,,,,,,
Thryothorus ludovicianus,1378,species,Carolina Wren,Troglodyte de Caroline,Passeriformes,Troglodytidae,,Thryothorus,Thryothorus ludovicianus,,,,,,,
Troglodytes aedon,1384,species,Northern House Wren,Troglodyte familier,Passeriformes,Troglodytidae,,Troglodytes,Troglodytes aedon,"Formerly considered conspecific with Troglodytes musculus, T. beani, T. martinicensis, T. mesoleucus, T. musicus, and T. grenadensis.",,,,,,
Troglodytes musculus,15111,species,Southern House Wren,Troglodyte austral,Passeriformes,Troglodytidae,,Troglodytes,Troglodytes musculus,"Formerly considered conspecific with Troglodytes aedon, T. beani, T. martinicensis, T. mesoleucus, T. musicus, and T. grenadensis.",,,,,,
Troglodytes beani,15106,species,Cozumel Wren,Troglodyte de Cozumel,Passeriformes,Troglodytidae,,Troglodytes,Troglodytes beani,"Formerly considered conspecific with Troglodytes aedon, Troglodytes musculus, T.
martinicensis, T. mesoleucus, T. musicus, and T. grenadensis.",,,,,,
Troglodytes martinicensis,15110,species,Kalinago Wren,Troglodyte de Martinique,Passeriformes,Troglodytidae,,Troglodytes,Troglodytes martinicensis,"Formerly considered conspecific with Troglodytes aedon, T. musculus, T. beani, T. mesoleucus, T. musicus, and T. grenadensis.",,,,,,
Troglodytes mesoleucus,15109,species,St. Lucia Wren,Troglodyte de Sainte-Lucie,Passeriformes,Troglodytidae,,Troglodytes,Troglodytes mesoleucus,"Formerly considered conspecific with Troglodytes aedon, T. musculus, T. beani, T.
martinicensis, T. musicus, and T. grenadensis.",,,,,,
Troglodytes musicus,15108,species,St. Vincent Wren,Troglodyte de Saint-Vincent,Passeriformes,Troglodytidae,,Troglodytes,Troglodytes musicus,"Formerly considered conspecific with Troglodytes aedon, T. musculus, T. beani, T. martinicensis, T. mesoleucus, and T. grenadensis.",,,,,,
Troglodytes grenadensis,15107,species,Grenada Wren,Troglodyte de Grenade,Passeriformes,Troglodytidae,,Troglodytes,Troglodytes grenadensis,"Formerly considered conspecific with Troglodytes aedon, Troglodytes musculus, T. beani, T. martinicensis, T. mesoleucus, and T. musicus.",,,,,,
Troglodytes sissonii,1385,species,Socorro Wren,Troglodyte de Socorro,Passeriformes,Troglodytidae,,Troglodytes,Troglodytes sissonii,Monotypic.,,,,,,
Troglodytes tanneri,1386,species,Clarion Wren,Troglodyte de Clarion,Passeriformes,Troglodytidae,,Troglodytes,Troglodytes tanneri,Monotypic.,,,,,,
Troglodytes rufociliatus,1387,species,Rufous-browed Wren,Troglodyte à sourcils roux,Passeriformes,Troglodytidae,,Troglodytes,Troglodytes rufociliatus,,,,,,,
Troglodytes ochraceus,1388,species,Ochraceous Wren,Troglodyte ocré,Passeriformes,Troglodytidae,,Troglodytes,Troglodytes ochraceus,,,,,,,
Troglodytes pacificus,2065,species,Pacific Wren,Troglodyte de Baird,Passeriformes,Troglodytidae,,Troglodytes,Troglodytes pacificus,,,,,,,
Troglodytes hiemalis,2066,species,Winter Wren,Troglodyte des forêts,Passeriformes,Troglodytidae,,Troglodytes,Troglodytes hiemalis,,,,,,,
Ferminia cerverai,1383,species,Zapata Wren,Troglodyte de Zapata,Passeriformes,Troglodytidae,,Ferminia,Ferminia cerverai,Monotypic.,,,,,,
Cistothorus stellaris,14911,species,Sedge Wren,Troglodyte à bec court,Passeriformes,Troglodytidae,,Cistothorus,Cistothorus stellaris,Formerly considered conspecific with Cistothorus platensis.,,,,,,
Cistothorus platensis,1390,species,Grass Wren,Troglodyte de Latham,Passeriformes,Troglodytidae,,Cistothorus,Cistothorus platensis,Formerly considered conspecific with Cistothorus stellaris.,,,,,,
Cistothorus palustris,1391,species,Marsh Wren,Troglodyte des marais,Passeriformes,Troglodytidae,,Cistothorus,Cistothorus palustris,,,,,,,
Thryorchilus browni,1393,species,Timberline Wren,Troglodyte des volcans,Passeriformes,Troglodytidae,,Thryorchilus,Thryorchilus browni,Monotypic.,,,,,,
Melanotis caerulescens,1503,species,Blue Mockingbird,Moqueur bleu,Passeriformes,Mimidae,,Melanotis,Melanotis caerulescens,,,,,,,
Melanotis hypoleucus,1504,species,Blue-and-white Mockingbird,Moqueur bleu et blanc,Passeriformes,Mimidae,,Melanotis,Melanotis hypoleucus,Monotypic.,,,,,,
Melanoptila glabrirostris,1486,species,Black Catbird,Moqueur noir,Passeriformes,Mimidae,,Melanoptila,Melanoptila glabrirostris,Monotypic.,,,,,,
Dumetella carolinensis,1485,species,Gray Catbird,Moqueur chat,Passeriformes,Mimidae,,Dumetella,Dumetella carolinensis,Monotypic.,,,,,,
Ramphocinclus brachyurus,1502,species,Martinique Thrasher,Moqueur gorge-blanche,Passeriformes,Mimidae,,Ramphocinclus,Ramphocinclus brachyurus,Formerly considered conspecific with Ramphocinclus sanctaeluciae and called White-breasted Thrasher.,,,,,,
Ramphocinclus sanctaeluciae,15103,species,St. Lucia Thrasher,Moqueur de Sainte-Lucie,Passeriformes,Mimidae,,Ramphocinclus,Ramphocinclus sanctaeluciae,Foprmerly considered conspecific with Ramphocinclus brachyurus.,,,,,,
Allenia fusca,1505,species,Scaly-breasted Thrasher,Moqueur grivotte,Passeriformes,Mimidae,,Allenia,Allenia fusca,,,,,,,
Margarops fuscatus,1506,species,Pearly-eyed Thrasher,Moqueur corossol,Passeriformes,Mimidae,,Margarops,Margarops fuscatus,,,,,,,
Cinclocerthia ruficauda,1507,species,Brown Trembler,Trembleur brun,Passeriformes,Mimidae,,Cinclocerthia,Cinclocerthia ruficauda,,,,,,,
Cinclocerthia gutturalis,1508,species,Gray Trembler,Trembleur gris,Passeriformes,Mimidae,,Cinclocerthia,Cinclocerthia gutturalis,,,,,,,
Toxostoma curvirostre,1498,species,Curve-billed Thrasher,Moqueur à bec courbe,Passeriformes,Mimidae,,Toxostoma,Toxostoma curvirostre,,,,,,,
Toxostoma ocellatum,1497,species,Ocellated Thrasher,Moqueur ocellé,Passeriformes,Mimidae,,Toxostoma,Toxostoma ocellatum,,,,,,,
Toxostoma rufum,1492,species,Brown Thrasher,Moqueur roux,Passeriformes,Mimidae,,Toxostoma,Toxostoma rufum,,,,,,,
Toxostoma longirostre,1493,species,Long-billed Thrasher,Moqueur à long bec,Passeriformes,Mimidae,,Toxostoma,Toxostoma longirostre,,,,,,,
Toxostoma guttatum,1494,species,Cozumel Thrasher,Moqueur de Cozumel,Passeriformes,Mimidae,,Toxostoma,Toxostoma guttatum,Monotypic.,,,,,,
Toxostoma bendirei,1496,species,Bendire's Thrasher,Moqueur de Bendire,Passeriformes,Mimidae,,Toxostoma,Toxostoma bendirei,Monotypic.,,,,,,
Toxostoma cinereum,1495,species,Gray Thrasher,Moqueur gris,Passeriformes,Mimidae,,Toxostoma,Toxostoma cinereum,,,,,,,
Toxostoma redivivum,1499,species,California Thrasher,Moqueur de Californie,Passeriformes,Mimidae,,Toxostoma,Toxostoma redivivum,,,,,,,
Toxostoma lecontei,1501,species,LeConte's Thrasher,Moqueur de LeConte,Passeriformes,Mimidae,,Toxostoma,Toxostoma lecontei,Formerly known as Le Conte's Thrasher.,,,,,,
Toxostoma crissale,1500,species,Crissal Thrasher,Moqueur cul-roux,Passeriformes,Mimidae,,Toxostoma,Toxostoma crissale,,,,,,,
Oreoscoptes montanus,1491,species,Sage Thrasher,Moqueur des armoises,Passeriformes,Mimidae,,Oreoscoptes,Oreoscoptes montanus,Monotypic.,,,,,,
Mimus gundlachii,1490,species,Bahama Mockingbird,Moqueur des Bahamas,Passeriformes,Mimidae,,Mimus,Mimus gundlachii,,,,,,,
Mimus graysoni,1489,species,Socorro Mockingbird,Moqueur de Socorro,Passeriformes,Mimidae,,Mimus,Mimus graysoni,Monotypic.,,,,,,
Mimus gilvus,1488,species,Tropical Mockingbird,Moqueur des savanes,Passeriformes,Mimidae,,Mimus,Mimus gilvus,,,,,,,
Mimus polyglottos,1487,species,Northern Mockingbird,Moqueur polyglotte,Passeriformes,Mimidae,,Mimus,Mimus polyglottos,,,,,,,
Sturnus vulgaris,1509,species,European Starling,Étourneau sansonnet,Passeriformes,Sturnidae,,Sturnus,Sturnus vulgaris,,,,I,,,
Acridotheres tristis,1510,species,Common Myna,Martin triste,Passeriformes,Sturnidae,,Acridotheres,Acridotheres tristis,,,,I,,,
Cinclus mexicanus,1399,species,American Dipper,Cincle d'Amérique,Passeriformes,Cinclidae,,Cinclus,Cinclus mexicanus,,,,,,,
Sialia sialis,1428,species,Eastern Bluebird,Merlebleu de l'Est,Passeriformes,Turdidae,,Sialia,Sialia sialis,,,,,,,
Sialia mexicana,1429,species,Western Bluebird,Merlebleu de l'Ouest,Passeriformes,Turdidae,,Sialia,Sialia mexicana,,,,,,,
Sialia currucoides,1430,species,Mountain Bluebird,Merlebleu azuré,Passeriformes,Turdidae,,Sialia,Sialia currucoides,Monotypic.,,,,,,
Myadestes townsendi,1431,species,Townsend's Solitaire,Solitaire de Townsend,Passeriformes,Turdidae,,Myadestes,Myadestes townsendi,,,,,,,
Myadestes occidentalis,1432,species,Brown-backed Solitaire,Solitaire à dos brun,Passeriformes,Turdidae,,Myadestes,Myadestes occidentalis,,,,,,,
Myadestes elisabeth,1433,species,Cuban Solitaire,Solitaire de Cuba,Passeriformes,Turdidae,,Myadestes,Myadestes elisabeth,,,,,,,
Myadestes genibarbis,1434,species,Rufous-throated Solitaire,Solitaire siffleur,Passeriformes,Turdidae,,Myadestes,Myadestes genibarbis,,,,,,,
Myadestes melanops,1435,species,Black-faced Solitaire,Solitaire masqué,Passeriformes,Turdidae,,Myadestes,Myadestes melanops,Monotypic.,,,,,,
Myadestes coloratus,1436,species,Varied Solitaire,Solitaire varié,Passeriformes,Turdidae,,Myadestes,Myadestes coloratus,Monotypic.,,,,,,
Myadestes unicolor,1437,species,Slate-colored Solitaire,Solitaire ardoisé,Passeriformes,Turdidae,,Myadestes,Myadestes unicolor,,,,,,,
Myadestes myadestinus,1438,species,Kamao,Solitaire kamao,Passeriformes,Turdidae,,Myadestes,Myadestes myadestinus,Monotypic.,,H,,,,
Myadestes woahensis,1439,species,Amaui,Solitaire d'Oahu,Passeriformes,Turdidae,,Myadestes,Myadestes woahensis,Monotypic.,,H,,,†,
Myadestes lanaiensis,1440,species,Olomao,Solitaire de Lanai,Passeriformes,Turdidae,,Myadestes,Myadestes lanaiensis,,,H,,,,
Myadestes obscurus,1441,species,Omao,Solitaire d'Hawaï,Passeriformes,Turdidae,,Myadestes,Myadestes obscurus,Monotypic.,,H,,,,
Myadestes palmeri,1442,species,Puaiohi,Solitaire puaïohi,Passeriformes,Turdidae,,Myadestes,Myadestes palmeri,Monotypic.,,H,,,,
Zoothera aurea,12341,species,White's Thrush,Grive dorée,Passeriformes,Turdidae,,Zoothera,Zoothera aurea,,A,,,,,
Catharus gracilirostris,1443,species,Black-billed Nightingale-Thrush,Grive à bec noir,Passeriformes,Turdidae,,Catharus,Catharus gracilirostris,,,,,,,
Catharus aurantiirostris,1444,species,Orange-billed Nightingale-Thrush,Grive à bec orange,Passeriformes,Turdidae,,Catharus,Catharus aurantiirostris,,,,,,,
Catharus fuscater,1445,species,Slaty-backed Nightingale-Thrush,Grive ardoisée,Passeriformes,Turdidae,,Catharus,Catharus fuscater,,,,,,,
Catharus occidentalis,1446,species,Russet Nightingale-Thrush,Grive roussâtre,Passeriformes,Turdidae,,Catharus,Catharus occidentalis,,,,,,,
Catharus frantzii,1447,species,Ruddy-capped Nightingale-Thrush,Grive à calotte rousse,Passeriformes,Turdidae,,Catharus,Catharus frantzii,,,,,,,
Catharus mexicanus,1448,species,Black-headed Nightingale-Thrush,Grive à tête noire,Passeriformes,Turdidae,,Catharus,Catharus mexicanus,,,,,,,
Catharus dryas,1449,species,Yellow-throated Nightingale-Thrush,Grive tavelée,Passeriformes,Turdidae,,Catharus,Catharus dryas,Formerly considered conspecific with Catharus maculatus.,,,,,,
Catharus fuscescens,1450,species,Veery,Grive fauve,Passeriformes,Turdidae,,Catharus,Catharus fuscescens,,,,,,,
Catharus minimus,1451,species,Gray-cheeked Thrush,Grive à joues grises,Passeriformes,Turdidae,,Catharus,Catharus minimus,,,,,,,
Catharus bicknelli,1452,species,Bicknell's Thrush,Grive de Bicknell,Passeriformes,Turdidae,,Catharus,Catharus bicknelli,Monotypic.,,,,,,
Catharus ustulatus,1453,species,Swainson's Thrush,Grive à dos olive,Passeriformes,Turdidae,,Catharus,Catharus ustulatus,,,,,,,
Catharus guttatus,1454,species,Hermit Thrush,Grive solitaire,Passeriformes,Turdidae,,Catharus,Catharus guttatus,,,,,,,
Hylocichla mustelina,1455,species,Wood Thrush,Grive des bois,Passeriformes,Turdidae,,Hylocichla,Hylocichla mustelina,Monotypic.,,,,,,
Turdus viscivorus,13731,species,Mistle Thrush,Grive draine,Passeriformes,Turdidae,,Turdus,Turdus viscivorus,,A,,,,,
Turdus merula,1456,species,Eurasian Blackbird,Merle noir,Passeriformes,Turdidae,,Turdus,Turdus merula,,A,,,,,
Turdus obscurus,1457,species,Eyebrowed Thrush,Merle obscur,Passeriformes,Turdidae,,Turdus,Turdus obscurus,Monotypic.,,,,N,,
Turdus eunomus,1458,species,Dusky Thrush,Grive à ailes rousses,Passeriformes,Turdidae,,Turdus,Turdus eunomus,Monotypic.,A,,,,,
Turdus naumanni,15024,species,Naumann's Thrush,Grive de Naumann,Passeriformes,Turdidae,,Turdus,Turdus naumanni,,A,,,,,
Turdus pilaris,1459,species,Fieldfare,Grive litorne,Passeriformes,Turdidae,,Turdus,Turdus pilaris,Monotypic.,,,,,,
Turdus iliacus,1460,species,Redwing,Grive mauvis,Passeriformes,Turdidae,,Turdus,Turdus iliacus,,,,,,,
Turdus philomelos,1927,species,Song Thrush,Grive musicienne,Passeriformes,Turdidae,,Turdus,Turdus philomelos,,A,,,,,
Turdus nigrescens,1461,species,Sooty Thrush,Merle fuligineux,Passeriformes,Turdidae,,Turdus,Turdus nigrescens,Monotypic.,,,,,,
Turdus infuscatus,1462,species,Black Thrush,Merle enfumé,Passeriformes,Turdidae,,Turdus,Turdus infuscatus,Monotypic.,,,,,,
Turdus plebejus,1463,species,Mountain Thrush,Merle de montagne,Passeriformes,Turdidae,,Turdus,Turdus plebejus,,,,,,,
Turdus fumigatus,1464,species,Cocoa Thrush,Merle cacao,Passeriformes,Turdidae,,Turdus,Turdus fumigatus,,,,,,,
Turdus obsoletus,1465,species,Pale-vented Thrush,Merle cul-blanc,Passeriformes,Turdidae,,Turdus,Turdus obsoletus,,,,,,,
Turdus grayi,1466,species,Clay-colored Thrush,Merle fauve,Passeriformes,Turdidae,,Turdus,Turdus grayi,,,,,,,
Turdus nudigenis,1467,species,Spectacled Thrush,Merle à lunettes,Passeriformes,Turdidae,,Turdus,Turdus nudigenis,,,,,,,
Turdus jamaicensis,1468,species,White-eyed Thrush,Merle aux yeux blancs,Passeriformes,Turdidae,,Turdus,Turdus jamaicensis,Monotypic.,,,,,,
Turdus assimilis,1469,species,White-throated Thrush,Merle à gorge blanche,Passeriformes,Turdidae,,Turdus,Turdus assimilis,,,,,,,
Turdus rufopalliatus,1470,species,Rufous-backed Robin,Merle à dos roux,Passeriformes,Turdidae,,Turdus,Turdus rufopalliatus,,,,,,,
Turdus rufitorques,1471,species,Rufous-collared Robin,Merle à col roux,Passeriformes,Turdidae,,Turdus,Turdus rufitorques,Monotypic.,,,,,,
Turdus migratorius,1472,species,American Robin,Merle d'Amérique,Passeriformes,Turdidae,,Turdus,Turdus migratorius,,,,,,,
Turdus swalesi,1473,species,La Selle Thrush,Merle de La Selle,Passeriformes,Turdidae,,Turdus,Turdus swalesi,,,,,,,
Turdus aurantius,1474,species,White-chinned Thrush,Merle à miroir,Passeriformes,Turdidae,,Turdus,Turdus aurantius,Monotypic.,,,,,,
Turdus ravidus,1475,species,Grand Cayman Thrush,Merle de Grande Caïman,Passeriformes,Turdidae,,Turdus,Turdus ravidus,Monotypic.,,,,,†,
Turdus plumbeus,1476,species,Red-legged Thrush,Merle vantard,Passeriformes,Turdidae,,Turdus,Turdus plumbeus,,,,,,,
Turdus lherminieri,1477,species,Forest Thrush,Grive à pieds jaunes,Passeriformes,Turdidae,,Turdus,Turdus lherminieri,,,,,,,
Ixoreus naevius,1478,species,Varied Thrush,Grive à collier,Passeriformes,Turdidae,,Ixoreus,Ixoreus naevius,,,,,,,
Ridgwayia pinicola,1479,species,Aztec Thrush,Grive aztèque,Passeriformes,Turdidae,,Ridgwayia,Ridgwayia pinicola,,,,,,,
Muscicapa griseisticta,1418,species,Gray-streaked Flycatcher,Gobemouche à taches grises,Passeriformes,Muscicapidae,,Muscicapa,Muscicapa griseisticta,Monotypic.,A,,,,,
Muscicapa dauurica,1419,species,Asian Brown Flycatcher,Gobemouche brun,Passeriformes,Muscicapidae,,Muscicapa,Muscicapa dauurica,Monotypic.,A,,,,,
Muscicapa striata,1420,species,Spotted Flycatcher,Gobemouche gris,Passeriformes,Muscicapidae,,Muscicapa,Muscicapa striata,,A,,,,,
Muscicapa sibirica,1417,species,Dark-sided Flycatcher,Gobemouche de Sibérie,Passeriformes,Muscicapidae,,Muscicapa,Muscicapa sibirica,,A,,,,,
Copsychus malabaricus,1425,species,White-rumped Shama,Shama à croupion blanc,Passeriformes,Muscicapidae,,Copsychus,Copsychus malabaricus,,,H,I,,,
Erithacus rubecula,13681,species,European Robin,Rougegorge familier,Passeriformes,Muscicapidae,,Erithacus,Erithacus rubecula,,A,,,,,
Larvivora cyane,13091,species,Siberian Blue Robin,Rossignol bleu,Passeriformes,Muscicapidae,,Larvivora,Larvivora cyane,Formerly included in the genus Luscinia.,A,,,,,
Larvivora sibilans,13101,species,Rufous-tailed Robin,Rossignol siffleur,Passeriformes,Muscicapidae,,Larvivora,Larvivora sibilans,Formerly included in the genus Luscinia.,A,,,,,
Cyanecula svecica,13121,species,Bluethroat,Gorgebleue à miroir,Passeriformes,Muscicapidae,,Cyanecula,Cyanecula svecica,Formerly included in the genus Luscinia.,,,,,,
Calliope calliope,13141,species,Siberian Rubythroat,Rossignol calliope,Passeriformes,Muscicapidae,,Calliope,Calliope calliope,Monotypic. Formerly included in the genus Luscinia.,A,,,,,
Tarsiger cyanurus,1424,species,Red-flanked Bluetail,Rossignol à flancs roux,Passeriformes,Muscicapidae,,Tarsiger,Tarsiger cyanurus,,A,,,,,
Ficedula narcissina,1414,species,Narcissus Flycatcher,Gobemouche narcisse,Passeriformes,Muscicapidae,,Ficedula,Ficedula narcissina,,A,,,,,
Ficedula mugimaki,1415,species,Mugimaki Flycatcher,Gobemouche mugimaki,Passeriformes,Muscicapidae,,Ficedula,Ficedula mugimaki,Monotypic.,A,,,,,
Ficedula albicilla,1416,species,Taiga Flycatcher,Gobemouche de la taïga,Passeriformes,Muscicapidae,,Ficedula,Ficedula albicilla,Monotypic.,A,,,,,
Phoenicurus phoenicurus,11561,species,Common Redstart,Rougequeue à front blanc,Passeriformes,Muscicapidae,,Phoenicurus,Phoenicurus phoenicurus,,A,,,,,
Monticola saxatilis,15063,species,Rufous-tailed Rock-thrush,Monticole de roche,Passeriformes,Muscicapidae,,Monticola,Monticola saxatilis,,A,,,,,
Saxicola maurus,15025,species,Asian Stonechat,Tarier de Sibérie,Passeriformes,Muscicapidae,,Saxicola,Saxicola maurus,Formerly considered conspecific with Saxicola torquatus.,A,,,,,
Oenanthe oenanthe,1426,species,Northern Wheatear,Traquet motteux,Passeriformes,Muscicapidae,,Oenanthe,Oenanthe oenanthe,,,,,,,
Oenanthe pleschanka,13721,species,Pied Wheatear,Traquet pie,Passeriformes,Muscicapidae,,Oenanthe,Oenanthe pleschanka,,A,,,,,
Peucedramus taeniatus,1531,species,Olive Warbler,Fauvine des pins,Passeriformes,Peucedramidae,,Peucedramus,Peucedramus taeniatus,,,,,,,
Ploceus cucullatus,1909,species,Village Weaver,Tisserin gendarme,Passeriformes,Ploceidae,Ploceinae,Ploceus,Ploceus cucullatus,,,,I,,,
Euplectes franciscanus,1910,species,Northern Red Bishop,Euplecte franciscain,Passeriformes,Ploceidae,Ploceinae,Euplectes,Euplectes franciscanus,,,,I,,,
Euplectes afer,1911,species,Yellow-crowned Bishop,Euplecte vorabé,Passeriformes,Ploceidae,Ploceinae,Euplectes,Euplectes afer,.,,,I,,,
Vidua macroura,1977,species,Pin-tailed Whydah,Veuve dominicaine,Passeriformes,Viduidae,,Vidua,Vidua macroura,Monotypic.,,,I,,,
Spermestes cucullata,11101,species,Bronze Mannikin,Capucin nonnette,Passeriformes,Estrildidae,,Spermestes,Spermestes cucullata,Formerly placed in Lonchura.,,,I,,,
Euodice cantans,11131,species,African Silverbill,Capucin bec-d'argent,Passeriformes,Estrildidae,,Euodice,Euodice cantans,Formerly placed in Lonchura.,,,I,,,
Euodice malabarica,11121,species,Indian Silverbill,Capucin bec-de-plomb,Passeriformes,Estrildidae,,Euodice,Euodice malabarica,Formerly placed in Lonchura.,,,I,,,
Padda oryzivora,1924,species,Java Sparrow,Padda de Java,Passeriformes,Estrildidae,,Padda,Padda oryzivora,Monotypic.,,,I,,,
Lonchura punctulata,1921,species,Scaly-breasted Munia,Capucin damier,Passeriformes,Estrildidae,,Lonchura,Lonchura punctulata,,,,I,,,
Lonchura malacca,1922,species,Tricolored Munia,Capucin à dos marron,Passeriformes,Estrildidae,,Lonchura,Lonchura malacca,,,,I,,,
Lonchura atricapilla,1923,species,Chestnut Munia,Capucin à tête noire,Passeriformes,Estrildidae,,Lonchura,Lonchura atricapilla,,,,I,,,
Amandava amandava,1917,species,Red Avadavat,Bengali rouge,Passeriformes,Estrildidae,,Amandava,Amandava amandava,,,,I,,,
Glaucestrilda caerulescens,14931,species,Lavender Waxbill,Astrild queue-de-vinaigre,Passeriformes,Estrildidae,,Glaucestrilda,Glaucestrilda caerulescens,Monotypic. Formerly placed in the genus Estrilda. ,,H,I,,,
Estrilda melpoda,1914,species,Orange-cheeked Waxbill,Astrild à joues orange,Passeriformes,Estrildidae,,Estrilda,Estrilda melpoda,,,,I,,,
Estrilda astrild,1916,species,Common Waxbill,Astrild ondulé,Passeriformes,Estrildidae,,Estrilda,Estrilda astrild,,,,I,,,
Estrilda troglodytes,1915,species,Black-rumped Waxbill,Astrild cendré,Passeriformes,Estrildidae,,Estrilda,Estrilda troglodytes,Monotypic.,,,I,,,
Prunella montanella,1512,species,Siberian Accentor,Accenteur montanelle,Passeriformes,Prunellidae,,Prunella,Prunella montanella,,A,,,,,
Passer domesticus,1907,species,House Sparrow,Moineau domestique,Passeriformes,Passeridae,,Passer,Passer domesticus,,,,I,,,
Passer montanus,1908,species,Eurasian Tree Sparrow,Moineau friquet,Passeriformes,Passeridae,,Passer,Passer montanus,,,,I,,,
Motacilla tschutschensis,1513,species,Eastern Yellow Wagtail,Bergeronnette de Béringie,Passeriformes,Motacillidae,,Motacilla,Motacilla tschutschensis,,,,,,,
Motacilla citreola,1514,species,Citrine Wagtail,Bergeronnette citrine,Passeriformes,Motacillidae,,Motacilla,Motacilla citreola,,A,,,,,
Motacilla cinerea,1515,species,Gray Wagtail,Bergeronnette des ruisseaux,Passeriformes,Motacillidae,,Motacilla,Motacilla cinerea,,A,,,,,
Motacilla alba,1516,species,White Wagtail,Bergeronnette grise,Passeriformes,Motacillidae,,Motacilla,Motacilla alba,,,,,,,
Anthus trivialis,1517,species,Tree Pipit,Pipit des arbres,Passeriformes,Motacillidae,,Anthus,Anthus trivialis,,A,,,,,
Anthus hodgsoni,1518,species,Olive-backed Pipit,Pipit à dos olive,Passeriformes,Motacillidae,,Anthus,Anthus hodgsoni,,A,,,,,
Anthus gustavi,1519,species,Pechora Pipit,Pipit de la Petchora,Passeriformes,Motacillidae,,Anthus,Anthus gustavi,,A,,,,,
Anthus cervinus,1520,species,Red-throated Pipit,Pipit à gorge rousse,Passeriformes,Motacillidae,,Anthus,Anthus cervinus,,,,,,,
Anthus japonicus,15099,species,Siberian Pipit,Pipit de Sibérie,Passeriformes,Motacillidae,,Anthus,Anthus japonicus,Formerly considered conspecific with Anthus rubescens.,,,,N,,
Anthus rubescens,1521,species,American Pipit,Pipit d'Amérique,Passeriformes,Motacillidae,,Anthus,Anthus rubescens,,,,,,,
Anthus pratensis,12351,species,Meadow Pipit,Pipit farlouse,Passeriformes,Motacillidae,,Anthus,Anthus pratensis,,,,,,,
Anthus spragueii,1522,species,Sprague's Pipit,Pipit de Sprague,Passeriformes,Motacillidae,,Anthus,Anthus spragueii,Monotypic.,,,,,,
Anthus chii,15031,species,Yellowish Pipit,Pipit jaunâtre,Passeriformes,Motacillidae,,Anthus,Anthus chii,Formerly known as Anthus lutescens. Anthus chii is a synonym and has priority.,,,,,,
Fringilla coelebs,1828,species,Common Chaffinch,Pinson des arbres,Passeriformes,Fringillidae,Fringillinae,Fringilla,Fringilla coelebs,,A,,,,,
Fringilla montifringilla,1829,species,Brambling,Pinson du Nord,Passeriformes,Fringillidae,Fringillinae,Fringilla,Fringilla montifringilla,Monotypic.,,,,,,
Chlorophonia elegantissima,14941,species,Elegant Euphonia,Organiste à capuchon,Passeriformes,Fringillidae,Euphoniinae,Chlorophonia,Chlorophonia elegantissima,Formerly placed in the genus Euphonia.,,,,,,
Chlorophonia musica,14951,species,Hispaniolan Euphonia,Organiste louis-d’or,Passeriformes,Fringillidae,Euphoniinae,Chlorophonia,Chlorophonia musica,Formerly placed in the genus Euphonia and considered conspecific with Chlorophonia sclateri plus C. flavifrons.,,,,,,
Chlorophonia sclateri,15064,species,Puerto Rican Euphonia,Organiste de Porto Rico,Passeriformes,Fringillidae,Euphoniinae,Chlorophonia,Chlorophonia sclateri,Formerly placed in the genus Euphonia and considered conspecific with both Chlorophonia musica and C. flavifrons.,,,,,,
Chlorophonia flavifrons,15065,species,Lesser Antillean Euphonia,Organiste des Petites Antilles,Passeriformes,Fringillidae,Euphoniinae,Chlorophonia,Chlorophonia flavifrons,Formerly placed in the genus Euphonia and considered conspecific with both Chlorophonia musica and C. sclateri.,,,,,,
Chlorophonia flavirostris,1843,species,Yellow-collared Chlorophonia,Organiste à col jaune,Passeriformes,Fringillidae,Euphoniinae,Chlorophonia,Chlorophonia flavirostris,Monotypic.,A,,,,,
Chlorophonia occipitalis,1844,species,Blue-crowned Chlorophonia,Organiste à calotte bleue,Passeriformes,Fringillidae,Euphoniinae,Chlorophonia,Chlorophonia occipitalis,Monotypic.,,,,,,
Chlorophonia callophrys,1845,species,Golden-browed Chlorophonia,Organiste à sourcils jaunes,Passeriformes,Fringillidae,Euphoniinae,Chlorophonia,Chlorophonia callophrys,Monotypic.,,,,,,
Euphonia jamaica,1830,species,Jamaican Euphonia,Organiste de Jamaïque,Passeriformes,Fringillidae,Euphoniinae,Euphonia,Euphonia jamaica,Monotypic.,,,,,,
Euphonia godmani,14961,species,West Mexican Euphonia,Organiste de Godman,Passeriformes,Fringillidae,Euphoniinae,Euphonia,Euphonia godmani,Monotypic. Formerly considered conspecific with Euphonia affinis.,,,,,,
Euphonia affinis,1831,species,Scrub Euphonia,Organiste de brousse,Passeriformes,Fringillidae,Euphoniinae,Euphonia,Euphonia affinis,,,,,,,
Euphonia luteicapilla,1832,species,Yellow-crowned Euphonia,Organiste à calotte jaune,Passeriformes,Fringillidae,Euphoniinae,Euphonia,Euphonia luteicapilla,Monotypic.,,,,,,
Euphonia minuta,1840,species,White-vented Euphonia,Organiste cul-blanc,Passeriformes,Fringillidae,Euphoniinae,Euphonia,Euphonia minuta,,,,,,,
Euphonia hirundinacea,1834,species,Yellow-throated Euphonia,Organiste à gorge jaune,Passeriformes,Fringillidae,Euphoniinae,Euphonia,Euphonia hirundinacea,,,,,,,
Euphonia laniirostris,1833,species,Thick-billed Euphonia,Organiste à bec épais,Passeriformes,Fringillidae,Euphoniinae,Euphonia,Euphonia laniirostris,,,,,,,
Euphonia imitans,1838,species,Spot-crowned Euphonia,Organiste moucheté,Passeriformes,Fringillidae,Euphoniinae,Euphonia,Euphonia imitans,Monotypic.,,,,,,
Euphonia gouldi,1839,species,Olive-backed Euphonia,Organiste olive,Passeriformes,Fringillidae,Euphoniinae,Euphonia,Euphonia gouldi,,,,,,,
Euphonia fulvicrissa,1837,species,Fulvous-vented Euphonia,Organiste cul-roux,Passeriformes,Fringillidae,Euphoniinae,Euphonia,Euphonia fulvicrissa,,,,,,,
Euphonia anneae,1841,species,Tawny-capped Euphonia,Organiste à couronne rousse,Passeriformes,Fringillidae,Euphoniinae,Euphonia,Euphonia anneae,,,,,,,
Euphonia xanthogaster,1842,species,Orange-bellied Euphonia,Organiste à ventre orange,Passeriformes,Fringillidae,Euphoniinae,Euphonia,Euphonia xanthogaster,,,,,,,
Coccothraustes abeillei,1874,species,Hooded Grosbeak,Gros-bec à capuchon,Passeriformes,Fringillidae,Carduelinae,Coccothraustes,Coccothraustes abeillei,,,,,,,
Coccothraustes vespertinus,1875,species,Evening Grosbeak,Gros-bec errant,Passeriformes,Fringillidae,Carduelinae,Coccothraustes,Coccothraustes vespertinus,,,,,,,
Coccothraustes coccothraustes,1876,species,Hawfinch,Gros-bec casse-noyaux,Passeriformes,Fringillidae,Carduelinae,Coccothraustes,Coccothraustes coccothraustes,,A,,,,,
Carpodacus erythrinus,1850,species,Common Rosefinch,Roselin cramoisi,Passeriformes,Fringillidae,Carduelinae,Carpodacus,Carpodacus erythrinus,,,,,N,,
Carpodacus roseus,13741,species,Pallas's Rosefinch,Roselin rose,Passeriformes,Fringillidae,Carduelinae,Carpodacus,Carpodacus roseus,,A,,,,,
Melamprosops phaeosoma,1906,species,Poo-uli,Po-o-uli masqué,Passeriformes,Fringillidae,Carduelinae,Melamprosops,Melamprosops phaeosoma,Monotypic.,,H,,,,
Oreomystis bairdi,1893,species,Akikiki,Akikiki de Kauai,Passeriformes,Fringillidae,Carduelinae,Oreomystis,Oreomystis bairdi,Monotypic.,,H,,,,
Paroreomyza maculata,1895,species,Oahu Alauahio,Alauahio d’Oahu,Passeriformes,Fringillidae,Carduelinae,Paroreomyza,Paroreomyza maculata,Monotypic.,,H,,,,
Paroreomyza flammea,1896,species,Kakawahie,Alauahio de Molokai,Passeriformes,Fringillidae,Carduelinae,Paroreomyza,Paroreomyza flammea,Monotypic.,,H,,,,
Paroreomyza montana,1897,species,Maui Alauahio,Alauahio de Maui,Passeriformes,Fringillidae,Carduelinae,Paroreomyza,Paroreomyza montana,,,H,,,,
Loxioides bailleui,1880,species,Palila,Psittirostre palila,Passeriformes,Fringillidae,Carduelinae,Loxioides,Loxioides bailleui,Monotypic.,,H,,,,
Telespiza cantans,1695,species,Laysan Finch,Psittirostre de Laysan,Passeriformes,Fringillidae,Carduelinae,Telespiza,Telespiza cantans,Monotypic.,,H,,,,
Telespiza ultima,1877,species,Nihoa Finch,Psittirostre de Nihoa,Passeriformes,Fringillidae,Carduelinae,Telespiza,Telespiza ultima,Monotypic.,,H,,,,
Chloridops kona,1883,species,Kona Grosbeak,Psittirostre à gros bec,Passeriformes,Fringillidae,Carduelinae,Chloridops,Chloridops kona,Monotypic.,,H,,,†,
Rhodacanthis flaviceps,1881,species,Lesser Koa-Finch,Petit Psittirostre,Passeriformes,Fringillidae,Carduelinae,Rhodacanthis,Rhodacanthis flaviceps,Monotypic.,,H,,,†,
Rhodacanthis palmeri,1882,species,Greater Koa-Finch,Psittirostre de Palmer,Passeriformes,Fringillidae,Carduelinae,Rhodacanthis,Rhodacanthis palmeri,Monotypic.,,H,,,†,
Ciridops anna,1900,species,Ula-ai-hawane,Ciridopse d'Anna,Passeriformes,Fringillidae,Carduelinae,Ciridops,Ciridops anna,Monotypic.,,H,,,†,
Palmeria dolei,1904,species,Akohekohe,Palmérie huppée,Passeriformes,Fringillidae,Carduelinae,Palmeria,Palmeria dolei,Monotypic.,,H,,,,
Himatione fraithii,11781,species,Laysan Honeycreeper,Picchion de Laysan,Passeriformes,Fringillidae,Carduelinae,Himatione,Himatione fraithii,Formerly considered conspecific with Himatione sanguinea.,,H,,,†,
Himatione sanguinea,1905,species,Apapane,Picchion cramoisi,Passeriformes,Fringillidae,Carduelinae,Himatione,Himatione sanguinea,Formerly considered conspecific with Himatione fraithii.,,H,,,,
Drepanis coccinea,1901,species,Iiwi,Iiwi rouge,Passeriformes,Fringillidae,Carduelinae,Drepanis,Drepanis coccinea,Monotypic. Formerly placed in the genus Vestiaria.,,H,,,,
Drepanis pacifica,1902,species,Hawaii Mamo,Drépanide mamo,Passeriformes,Fringillidae,Carduelinae,Drepanis,Drepanis pacifica,Monotypic.,,H,,,†,
Drepanis funerea,1903,species,Black Mamo,Drépanide noir,Passeriformes,Fringillidae,Carduelinae,Drepanis,Drepanis funerea,Monotypic.,,H,,,†,
Psittirostra psittacea,1878,species,Ou,Psittirostre psittacin,Passeriformes,Fringillidae,Carduelinae,Psittirostra,Psittirostra psittacea,Monotypic.,,H,,,,
Dysmorodrepanis munroi,1879,species,Lanai Hookbill,Psittirostre de Munro,Passeriformes,Fringillidae,Carduelinae,Dysmorodrepanis,Dysmorodrepanis munroi,Monotypic.,,H,,,†,
Pseudonestor xanthophrys,1884,species,Maui Parrotbill,Pseudonestor de Maui,Passeriformes,Fringillidae,Carduelinae,Pseudonestor,Pseudonestor xanthophrys,Monotypic.,,H,,,,
Hemignathus hanapepe,11791,species,Kauai Nukupuu,Nukupuu de Kauai,Passeriformes,Fringillidae,Carduelinae,Hemignathus,Hemignathus hanapepe,Formerly considered conspecific with Hemignathus lucidus and H. affinis.,,H,,,,
Hemignathus lucidus,1891,species,Oahu Nukupuu,Nukupuu d'Oahu,Passeriformes,Fringillidae,Carduelinae,Hemignathus,Hemignathus lucidus,Formerly considered conspecific with Hemignathus hanapepe and H. affinis.,,H,,,†,
Hemignathus affinis,11801,species,Maui Nukupuu,Nukupuu de Maui,Passeriformes,Fringillidae,Carduelinae,Hemignathus,Hemignathus affinis,Formerly considered conspecific with Hemignathus hanapepe and H. lucidus.,,H,,,,
Hemignathus wilsoni,11811,species,Akiapolaau,Akiapolaau d'Hawaï,Passeriformes,Fringillidae,Carduelinae,Hemignathus,Hemignathus wilsoni,Formerly known as Hemignathus munroi.,,H,,,,
Akialoa obscura,11711,species,Lesser Akialoa,Akialoa d'Hawaï,Passeriformes,Fringillidae,Carduelinae,Akialoa,Akialoa obscura,Monotypic. Formerly placed in the genus Hemignathus.,,H,,,†,
Akialoa stejnegeri,11731,species,Kauai Akialoa,Akialoa de Kauai,Passeriformes,Fringillidae,Carduelinae,Akialoa,Akialoa stejnegeri,"Formerly considered conspecific
with Akialoa ellisiana and A. lanaiensis.",,H,,,,
Akialoa ellisiana,11721,species,Oahu Akialoa,Akialoa d'Oahu,Passeriformes,Fringillidae,Carduelinae,Akialoa,Akialoa ellisiana,"Formerly placed in the genus Hemignathus, and considered conspecific with Akialoa stejnegeri and A. lanaiensis",,H,,,†,
Akialoa lanaiensis,11741,species,Maui-nui Akialoa,Akialoa de Lanai,Passeriformes,Fringillidae,Carduelinae,Akialoa,Akialoa lanaiensis,Formerly considered conspecific with Akialoa stejnegeri and A. ellisiana.,,H,,,†,
Magumma parva,2001,species,Anianiau,Anianiau de Kauai,Passeriformes,Fringillidae,Carduelinae,Magumma,Magumma parva,Monotypic.,,H,,,,
Chlorodrepanis virens,11661,species,Hawaii Amakihi,Amakihi familier,Passeriformes,Fringillidae,Carduelinae,Chlorodrepanis,Chlorodrepanis virens,Formerly placed in the genus Hemignathus.,,H,,,,
Chlorodrepanis flava,11671,species,Oahu Amakihi,Amakihi d'Oahu,Passeriformes,Fringillidae,Carduelinae,Chlorodrepanis,Chlorodrepanis flava,Formerly placed in the genus Hemignathus.,,H,,,,
Chlorodrepanis stejnegeri,11681,species,Kauai Amakihi,Amakihi de Stejneger,Passeriformes,Fringillidae,Carduelinae,Chlorodrepanis,Chlorodrepanis stejnegeri,Formerly placed in the genus Hemignathus.,,H,,,,
Viridonia sagittirostris,11751,species,Greater Amakihi,Grand Amakihi,Passeriformes,Fringillidae,Carduelinae,Viridonia,Viridonia sagittirostris,Monotypic. Formerly placed in the genus Hemignathus.,,H,,,†,
Loxops mana,10681,species,Hawaii Creeper,Loxopse mana,Passeriformes,Fringillidae,Carduelinae,Loxops,Loxops mana,Formerly placed in the genus Oreomystis. Monotypic.,,H,,,,
Loxops caeruleirostris,1898,species,Akekee,Loxopse de Kauai,Passeriformes,Fringillidae,Carduelinae,Loxops,Loxops caeruleirostris,Monotypic.,,H,,,,
Loxops wolstenholmei,11761,species,Oahu Akepa,Loxopse d'Oahu,Passeriformes,Fringillidae,Carduelinae,Loxops,Loxops wolstenholmei,Formerly considered conspecific with Loxops coccineus and L. ochraceus.,,H,,,,
Loxops ochraceus,11771,species,Maui Akepa,Loxopse de Maui,Passeriformes,Fringillidae,Carduelinae,Loxops,Loxops ochraceus,Formerly considered conspecific with Loxops wolstenholmei and L. coccineus.,,H,,,,
Loxops coccineus,1899,species,Hawaii Akepa,Loxopse d'Hawaï,Passeriformes,Fringillidae,Carduelinae,Loxops,Loxops coccineus,,,H,,,,
Pinicola enucleator,1849,species,Pine Grosbeak,Durbec des sapins,Passeriformes,Fringillidae,Carduelinae,Pinicola,Pinicola enucleator,,,,,,,
Pyrrhula pyrrhula,1873,species,Eurasian Bullfinch,Bouvreuil pivoine,Passeriformes,Fringillidae,Carduelinae,Pyrrhula,Pyrrhula pyrrhula,,A,,,,,
Leucosticte arctoa,10711,species,Asian Rosy-Finch,Roselin brun,Passeriformes,Fringillidae,Carduelinae,Leucosticte,Leucosticte arctoa,,A,,,,,
Leucosticte tephrocotis,1846,species,Gray-crowned Rosy-Finch,Roselin à tête grise,Passeriformes,Fringillidae,Carduelinae,Leucosticte,Leucosticte tephrocotis,,,,,,,
Leucosticte atrata,1847,species,Black Rosy-Finch,Roselin noir,Passeriformes,Fringillidae,Carduelinae,Leucosticte,Leucosticte atrata,Monotypic.,,,,,,
Leucosticte australis,1848,species,Brown-capped Rosy-Finch,Roselin à tête brune,Passeriformes,Fringillidae,Carduelinae,Leucosticte,Leucosticte australis,Monotypic.,,,,,,
Haemorhous mexicanus,10371,species,House Finch,Roselin familier,Passeriformes,Fringillidae,Carduelinae,Haemorhous,Haemorhous mexicanus,,,,,,,
Haemorhous purpureus,10351,species,Purple Finch,Roselin pourpré,Passeriformes,Fringillidae,Carduelinae,Haemorhous,Haemorhous purpureus,,,,,,,
Haemorhous cassinii,10361,species,Cassin's Finch,Roselin de Cassin,Passeriformes,Fringillidae,Carduelinae,Haemorhous,Haemorhous cassinii,Monotypic.,,,,,,
Chloris sinica,1870,species,Oriental Greenfinch,Verdier de Chine,Passeriformes,Fringillidae,Carduelinae,Chloris,Chloris sinica,,A,,,,,
Crithagra mozambica,12641,species,Yellow-fronted Canary,Serin du Mozambique,Passeriformes,Fringillidae,Carduelinae,Crithagra,Crithagra mozambica,,,,I,,,
Acanthis flammea,1857,species,Redpoll,Sizerin flammé,Passeriformes,Fringillidae,Carduelinae,Acanthis,Acanthis flammea,,,,,,,
Loxia curvirostra,1854,species,Red Crossbill,Bec-croisé des sapins,Passeriformes,Fringillidae,Carduelinae,Loxia,Loxia curvirostra,,,,,,,
Loxia sinesciuris,12371,species,Cassia Crossbill,Bec-croisé de l'Idaho,Passeriformes,Fringillidae,Carduelinae,Loxia,Loxia sinesciuris,,,,,,,
Loxia megaplaga,1855,species,Hispaniolan Crossbill,Bec-croisé d'Hispaniola,Passeriformes,Fringillidae,Carduelinae,Loxia,Loxia megaplaga,Monotypic.,,,,,,
Loxia leucoptera,1856,species,White-winged Crossbill,Bec-croisé bifascié,Passeriformes,Fringillidae,Carduelinae,Loxia,Loxia leucoptera,,,,,,,
Carduelis carduelis,1869,species,European Goldfinch,Chardonneret élégant,Passeriformes,Fringillidae,Carduelinae,Carduelis,Carduelis carduelis,,,,I,,,
Spinus spinus,1859,species,Eurasian Siskin,Tarin des aulnes,Passeriformes,Fringillidae,Carduelinae,Spinus,Spinus spinus,Monotypic.,A,,,,,
Spinus pinus,1860,species,Pine Siskin,Tarin des pins,Passeriformes,Fringillidae,Carduelinae,Spinus,Spinus pinus,,,,,,,
Spinus atriceps,1861,species,Black-capped Siskin,Tarin sombre,Passeriformes,Fringillidae,Carduelinae,Spinus,Spinus atriceps,Monotypic.,,,,,,
Spinus notatus,1862,species,Black-headed Siskin,Tarin à tête noire,Passeriformes,Fringillidae,Carduelinae,Spinus,Spinus notatus,,,,,,,
Spinus xanthogastrus,1863,species,Yellow-bellied Siskin,Tarin à ventre jaune,Passeriformes,Fringillidae,Carduelinae,Spinus,Spinus xanthogastrus,,,,,,,
Spinus cucullatus,1864,species,Red Siskin,Tarin rouge,Passeriformes,Fringillidae,Carduelinae,Spinus,Spinus cucullatus,Monotypic.,,,I,,,
Spinus dominicensis,1865,species,Antillean Siskin,Tarin des Antilles,Passeriformes,Fringillidae,Carduelinae,Spinus,Spinus dominicensis,Monotypic.,,,,,,
Spinus psaltria,1866,species,Lesser Goldfinch,Chardonneret mineur,Passeriformes,Fringillidae,Carduelinae,Spinus,Spinus psaltria,,,,,,,
Spinus lawrencei,1867,species,Lawrence's Goldfinch,Chardonneret gris,Passeriformes,Fringillidae,Carduelinae,Spinus,Spinus lawrencei,Monotypic.,,,,,,
Spinus tristis,1868,species,American Goldfinch,Chardonneret jaune,Passeriformes,Fringillidae,Carduelinae,Spinus,Spinus tristis,,,,,,,
Serinus canaria,1872,species,Island Canary,Serin des Canaries,Passeriformes,Fringillidae,Carduelinae,Serinus,Serinus canaria,Monotypic. Formerly known as Common Canary.,,,I,,,
Rhodinocichla rosea,1945,species,Rosy Thrush-Tanager,Quéo rosalbin,Passeriformes,Rhodinocichlidae,,Rhodinocichla,Rhodinocichla rosea,,,,,,,
Calcarius lapponicus,1733,species,Lapland Longspur,Plectrophane lapon,Passeriformes,Calcariidae,,Calcarius,Calcarius lapponicus,,,,,,,
Calcarius ornatus,1735,species,Chestnut-collared Longspur,Plectrophane à ventre noir,Passeriformes,Calcariidae,,Calcarius,Calcarius ornatus,Monotypic.,,,,,,
Calcarius pictus,1734,species,Smith's Longspur,Plectrophane de Smith,Passeriformes,Calcariidae,,Calcarius,Calcarius pictus,Monotypic.,,,,,,
Rhynchophanes mccownii,1732,species,Thick-billed Longspur,Plectrophane à ventre gris,Passeriformes,Calcariidae,,Rhynchophanes,Rhynchophanes mccownii,Monotypic.,,,,,,
Plectrophenax nivalis,1744,species,Snow Bunting,Plectrophane des neiges,Passeriformes,Calcariidae,,Plectrophenax,Plectrophenax nivalis,,,,,,,
Plectrophenax hyperboreus,1745,species,McKay's Bunting,Plectrophane blanc,Passeriformes,Calcariidae,,Plectrophenax,Plectrophenax hyperboreus,Monotypic.,,,,,,
Emberiza leucocephalos,1736,species,Pine Bunting,Bruant à calotte blanche,Passeriformes,Emberizidae,,Emberiza,Emberiza leucocephalos,,A,,,,,
Emberiza chrysophrys,2055,species,Yellow-browed Bunting,Bruant à sourcils jaunes,Passeriformes,Emberizidae,,Emberiza,Emberiza chrysophrys,,A,,,,,
Emberiza pusilla,1737,species,Little Bunting,Bruant nain,Passeriformes,Emberizidae,,Emberiza,Emberiza pusilla,Monotypic.,A,,,,,
Emberiza rustica,1738,species,Rustic Bunting,Bruant rustique,Passeriformes,Emberizidae,,Emberiza,Emberiza rustica,,A,,,,,
Emberiza elegans,1739,species,Yellow-throated Bunting,Bruant élégant,Passeriformes,Emberizidae,,Emberiza,Emberiza elegans,,A,,,,,
Emberiza aureola,1740,species,Yellow-breasted Bunting,Bruant auréole,Passeriformes,Emberizidae,,Emberiza,Emberiza aureola,,A,,,,,
Emberiza variabilis,1741,species,Gray Bunting,Bruant gris,Passeriformes,Emberizidae,,Emberiza,Emberiza variabilis,,A,,,,,
Emberiza pallasi,1742,species,Pallas's Bunting,Bruant de Pallas,Passeriformes,Emberizidae,,Emberiza,Emberiza pallasi,,A,,,,,
Emberiza schoeniclus,1743,species,Reed Bunting,Bruant des roseaux,Passeriformes,Emberizidae,,Emberiza,Emberiza schoeniclus,,A,,,,,
Chlorospingus flavigularis,1939,species,Yellow-throated Chlorospingus,Chlorospin à gorge jaune,Passeriformes,Passerellidae,,Chlorospingus,Chlorospingus flavigularis,Formerly known as Yellow-throated Bush-Tanager.,,,,,,
Chlorospingus canigularis,1940,species,Ashy-throated Chlorospingus,Chlorospin à gorge grise,Passeriformes,Passerellidae,,Chlorospingus,Chlorospingus canigularis,Formerly known as Ashy-throated Bush-Tanager.,,,,,,
Chlorospingus pileatus,2017,species,Sooty-capped Chlorospingus,Chlorospin à sourcils brisés,Passeriformes,Passerellidae,,Chlorospingus,Chlorospingus pileatus,Formerly known as Sooty-capped Bush-Tanager.,,,,,,
Chlorospingus flavopectus,10721,species,Common Chlorospingus,Chlorospin des buissons,Passeriformes,Passerellidae,,Chlorospingus,Chlorospingus flavopectus,Formerly Chlorospingus ophthalmicus and known as Common Bush-Tanager.,,,,,,
Chlorospingus tacarcunae,2018,species,Tacarcuna Chlorospingus,Chlorospin du Tacarcuna,Passeriformes,Passerellidae,,Chlorospingus,Chlorospingus tacarcunae,Monotypic. Formerly known as Tacarcuna Bush-Tanager.,,,,,,
Chlorospingus inornatus,2019,species,Pirre Chlorospingus,Chlorospin du Pirré,Passeriformes,Passerellidae,,Chlorospingus,Chlorospingus inornatus,Monotypic. Formerly known as Pirre Bush-Tanager.,,,,,,
Peucaea carpalis,1696,species,Rufous-winged Sparrow,Bruant à épaulettes,Passeriformes,Passerellidae,,Peucaea,Peucaea carpalis,,,,,,,
Peucaea sumichrasti,2044,species,Cinnamon-tailed Sparrow,Bruant à queue rousse,Passeriformes,Passerellidae,,Peucaea,Peucaea sumichrasti,Monotypic.,,,,,,
Peucaea ruficauda,1694,species,Stripe-headed Sparrow,Bruant ligné,Passeriformes,Passerellidae,,Peucaea,Peucaea ruficauda,,,,,,,
Peucaea humeralis,2042,species,Black-chested Sparrow,Bruant à plastron,Passeriformes,Passerellidae,,Peucaea,Peucaea humeralis,Monotypic.,,,,,,
Peucaea mystacalis,2043,species,Bridled Sparrow,Bruant à moustaches,Passeriformes,Passerellidae,,Peucaea,Peucaea mystacalis,Monotypic.,,,,,,
Peucaea botterii,1698,species,Botteri's Sparrow,Bruant de Botteri,Passeriformes,Passerellidae,,Peucaea,Peucaea botterii,,,,,,,
Peucaea cassinii,2045,species,Cassin's Sparrow,Bruant de Cassin,Passeriformes,Passerellidae,,Peucaea,Peucaea cassinii,Monotypic.,,,,,,
Peucaea aestivalis,1697,species,Bachman's Sparrow,Bruant des pinèdes,Passeriformes,Passerellidae,,Peucaea,Peucaea aestivalis,,,,,,,
Ammodramus savannarum,1716,species,Grasshopper Sparrow,Bruant sauterelle,Passeriformes,Passerellidae,,Ammodramus,Ammodramus savannarum,,,,,,,
Arremonops rufivirgatus,1680,species,Olive Sparrow,Tohi olive,Passeriformes,Passerellidae,,Arremonops,Arremonops rufivirgatus,,,,,,,
Arremonops chloronotus,1681,species,Green-backed Sparrow,Tohi à dos vert,Passeriformes,Passerellidae,,Arremonops,Arremonops chloronotus,,,,,,,
Arremonops conirostris,1682,species,Black-striped Sparrow,Tohi ligné,Passeriformes,Passerellidae,,Arremonops,Arremonops conirostris,,,,,,,
Amphispizopsis quinquestriata,14981,species,Five-striped Sparrow,Bruant pentaligne,Passeriformes,Passerellidae,,Amphispizopsis,Amphispizopsis quinquestriata,Formerly placed in the genus Amphispiza.,,,,,,
Amphispiza bilineata,1712,species,Black-throated Sparrow,Bruant à gorge noire,Passeriformes,Passerellidae,,Amphispiza,Amphispiza bilineata,,,,,,,
Chondestes grammacus,1711,species,Lark Sparrow,Bruant à joues marron,Passeriformes,Passerellidae,,Chondestes,Chondestes grammacus,,,,,,,
Calamospiza melanocorys,1714,species,Lark Bunting,Bruant noir et blanc,Passeriformes,Passerellidae,,Calamospiza,Calamospiza melanocorys,Monotypic.,,,,,,
Spizella passerina,1705,species,Chipping Sparrow,Bruant familier,Passeriformes,Passerellidae,,Spizella,Spizella passerina,,,,,,,
Spizella pallida,2048,species,Clay-colored Sparrow,Bruant des plaines,Passeriformes,Passerellidae,,Spizella,Spizella pallida,Monotypic.,,,,,,
Spizella atrogularis,1709,species,Black-chinned Sparrow,Bruant à menton noir,Passeriformes,Passerellidae,,Spizella,Spizella atrogularis,,,,,,,
Spizella pusilla,1707,species,Field Sparrow,Bruant des champs,Passeriformes,Passerellidae,,Spizella,Spizella pusilla,,,,,,,
Spizella breweri,1706,species,Brewer's Sparrow,Bruant de Brewer,Passeriformes,Passerellidae,,Spizella,Spizella breweri,,,,,,,
Spizella wortheni,1708,species,Worthen's Sparrow,Bruant de Worthen,Passeriformes,Passerellidae,,Spizella,Spizella wortheni,,,,,,,
Arremon costaricensis,10321,species,Costa Rican Brushfinch,Tohi du Costa Rica,Passeriformes,Passerellidae,,Arremon,Arremon costaricensis,Formerly included in Arremon torquatus.,,,,,,
Arremon atricapillus,10331,species,Black-headed Brushfinch,Tohi à tête noire,Passeriformes,Passerellidae,,Arremon,Arremon atricapillus,Formerly included in Arremon torquatus.,,,,,,
Arremon aurantiirostris,1679,species,Orange-billed Sparrow,Tohi à bec orange,Passeriformes,Passerellidae,,Arremon,Arremon aurantiirostris,,,,,,,
Arremon virenticeps,2036,species,Green-striped Brushfinch,Tohi à raies vertes,Passeriformes,Passerellidae,,Arremon,Arremon virenticeps,Monotypic.,,,,,,
Arremon brunneinucha,2003,species,Chestnut-capped Brushfinch,Tohi à nuque brune,Passeriformes,Passerellidae,,Arremon,Arremon brunneinucha,,,,,,,
Arremon crassirostris,1646,species,Sooty-faced Finch,Tohi masqué,Passeriformes,Passerellidae,,Arremon,Arremon crassirostris,Monotypic.,,,,,,
Passerella iliaca,1721,species,Fox Sparrow,Bruant fauve,Passeriformes,Passerellidae,,Passerella,Passerella iliaca,,,,,,,
Spizelloides arborea,1704,species,American Tree Sparrow,Bruant hudsonien,Passeriformes,Passerellidae,,Spizelloides,Spizelloides arborea,,,,,,,
Junco vulcani,2047,species,Volcano Junco,Junco des volcans,Passeriformes,Passerellidae,,Junco,Junco vulcani,Monotypic.,,,,,,
Junco insularis,11041,species,Guadalupe Junco,Junco de Guadalupe,Passeriformes,Passerellidae,,Junco,Junco insularis,,,,,,,
Junco hyemalis,1730,species,Dark-eyed Junco,Junco ardoisé,Passeriformes,Passerellidae,,Junco,Junco hyemalis,,,,,,,
Junco phaeonotus,1731,species,Yellow-eyed Junco,Junco aux yeux jaunes,Passeriformes,Passerellidae,,Junco,Junco phaeonotus,,,,,,,
Junco bairdi,12661,species,Baird's Junco,Junco de Baird,Passeriformes,Passerellidae,,Junco,Junco bairdi,Formerly considered conspecific with Junco phaeonotus.,,,,,,
Zonotrichia capensis,1725,species,Rufous-collared Sparrow,Bruant chingolo,Passeriformes,Passerellidae,,Zonotrichia,Zonotrichia capensis,,,,,,,
Zonotrichia leucophrys,1728,species,White-crowned Sparrow,Bruant à couronne blanche,Passeriformes,Passerellidae,,Zonotrichia,Zonotrichia leucophrys,,,,,,,
Zonotrichia atricapilla,1729,species,Golden-crowned Sparrow,Bruant à couronne dorée,Passeriformes,Passerellidae,,Zonotrichia,Zonotrichia atricapilla,Monotypic.,,,,,,
Zonotrichia querula,1727,species,Harris's Sparrow,Bruant à face noire,Passeriformes,Passerellidae,,Zonotrichia,Zonotrichia querula,Monotypic.,,,,,,
Zonotrichia albicollis,1726,species,White-throated Sparrow,Bruant à gorge blanche,Passeriformes,Passerellidae,,Zonotrichia,Zonotrichia albicollis,Monotypic.,,,,,,
Artemisiospiza belli,10231,species,Bell's Sparrow,Bruant de Bell,Passeriformes,Passerellidae,,Artemisiospiza,Artemisiospiza belli,Formerly called Sage Sparrow.,,,,,,
Artemisiospiza nevadensis,10501,species,Sagebrush Sparrow,Bruant des armoises,Passeriformes,Passerellidae,,Artemisiospiza,Artemisiospiza nevadensis,,,,,,,
Oriturus superciliosus,1702,species,Striped Sparrow,Bruant rayé,Passeriformes,Passerellidae,,Oriturus,Oriturus superciliosus,,,,,,,
Pooecetes gramineus,1710,species,Vesper Sparrow,Bruant vespéral,Passeriformes,Passerellidae,,Pooecetes,Pooecetes gramineus,,,,,,,
Ammospiza leconteii,13261,species,LeConte's Sparrow,Bruant de LeConte,Passeriformes,Passerellidae,,Ammospiza,Ammospiza leconteii,Monotypic. Formerly included in the genus Ammodramus. Previously known as Le Conte's Sparrow.,,,,,,
Ammospiza maritima,13291,species,Seaside Sparrow,Bruant maritime,Passeriformes,Passerellidae,,Ammospiza,Ammospiza maritima,,,,,,,
Ammospiza nelsoni,13271,species,Nelson's Sparrow,Bruant de Nelson,Passeriformes,Passerellidae,,Ammospiza,Ammospiza nelsoni,Monotypic. Formerly included in the genus Ammodramus.,,,,,,
Ammospiza caudacuta,13281,species,Saltmarsh Sparrow,Bruant à queue aiguë,Passeriformes,Passerellidae,,Ammospiza,Ammospiza caudacuta,Formerly included in the genus Ammodramus.,,,,,,
Centronyx bairdii,13241,species,Baird's Sparrow,Bruant de Baird,Passeriformes,Passerellidae,,Centronyx,Centronyx bairdii,Monotypic. Formerly included in the genus Ammodramus.,,,,,,
Centronyx henslowii,13251,species,Henslow's Sparrow,Bruant de Henslow,Passeriformes,Passerellidae,,Centronyx,Centronyx henslowii,Formerly included in the genus Ammodramus.,,,,,,
Passerculus sandwichensis,1715,species,Savannah Sparrow,Bruant des prés,Passeriformes,Passerellidae,,Passerculus,Passerculus sandwichensis,,,,,,,
Xenospiza baileyi,1720,species,Sierra Madre Sparrow,Bruant des sierras,Passeriformes,Passerellidae,,Xenospiza,Xenospiza baileyi,Monotypic.,,,,,,
Melospiza melodia,1722,species,Song Sparrow,Bruant chanteur,Passeriformes,Passerellidae,,Melospiza,Melospiza melodia,,,,,,,
Melospiza lincolnii,1723,species,Lincoln's Sparrow,Bruant de Lincoln,Passeriformes,Passerellidae,,Melospiza,Melospiza lincolnii,,,,,,,
Melospiza georgiana,1724,species,Swamp Sparrow,Bruant des marais,Passeriformes,Passerellidae,,Melospiza,Melospiza georgiana,,,,,,,
Pezopetes capitalis,1676,species,Large-footed Finch,Tohi à grands pieds,Passeriformes,Passerellidae,,Pezopetes,Pezopetes capitalis,Monotypic.,,,,,,
Torreornis inexpectata,1703,species,Zapata Sparrow,Bruant de Zapata,Passeriformes,Passerellidae,,Torreornis,Torreornis inexpectata,,,,,,,
Melozone kieneri,1683,species,Rusty-crowned Ground-Sparrow,Tohi de Kiener,Passeriformes,Passerellidae,,Melozone,Melozone kieneri,,,,,,,
Melozone fusca,1691,species,Canyon Towhee,Tohi des canyons,Passeriformes,Passerellidae,,Melozone,Melozone fusca,,,,,,,
Melozone albicollis,1690,species,White-throated Towhee,Tohi à gorge blanche,Passeriformes,Passerellidae,,Melozone,Melozone albicollis,,,,,,,
Melozone aberti,1693,species,Abert's Towhee,Tohi d'Abert,Passeriformes,Passerellidae,,Melozone,Melozone aberti,,,,,,,
Melozone crissalis,1692,species,California Towhee,Tohi de Californie,Passeriformes,Passerellidae,,Melozone,Melozone crissalis,,,,,,,
Melozone leucotis,1685,species,White-eared Ground-Sparrow,Tohi oreillard,Passeriformes,Passerellidae,,Melozone,Melozone leucotis,,,,,,,
Melozone biarcuata,1684,species,White-faced Ground-Sparrow,Tohi à face blanche,Passeriformes,Passerellidae,,Melozone,Melozone biarcuata,Formerly considered conspecific with Melozone cabanisi.,,,,,,
Melozone cabanisi,12671,species,Cabanis's Ground-Sparrow,Tohi de Cabanis,Passeriformes,Passerellidae,,Melozone,Melozone cabanisi,Formerly considered conspecific with Melozone biarcuata.,,,,,,
Aimophila rufescens,1700,species,Rusty Sparrow,Tohi roussâtre,Passeriformes,Passerellidae,,Aimophila,Aimophila rufescens,,,,,,,
Aimophila ruficeps,1699,species,Rufous-crowned Sparrow,Tohi à calotte fauve,Passeriformes,Passerellidae,,Aimophila,Aimophila ruficeps,,,,,,,
Aimophila notosticta,2046,species,Oaxaca Sparrow,Tohi d'Oaxaca,Passeriformes,Passerellidae,,Aimophila,Aimophila notosticta,Monotypic.,,,,,,
Pipilo chlorurus,1686,species,Green-tailed Towhee,Tohi à queue verte,Passeriformes,Passerellidae,,Pipilo,Pipilo chlorurus,Monotypic.,,,,,,
Pipilo maculatus,1688,species,Spotted Towhee,Tohi tacheté,Passeriformes,Passerellidae,,Pipilo,Pipilo maculatus,,,,,,,
Pipilo erythrophthalmus,1689,species,Eastern Towhee,Tohi à flancs roux,Passeriformes,Passerellidae,,Pipilo,Pipilo erythrophthalmus,,,,,,,
Pipilo ocai,1687,species,Collared Towhee,Tohi à collier,Passeriformes,Passerellidae,,Pipilo,Pipilo ocai,,,,,,,
Atlapetes pileatus,1678,species,Rufous-capped Brushfinch,Tohi à calotte rousse,Passeriformes,Passerellidae,,Atlapetes,Atlapetes pileatus,,,,,,,
Atlapetes albinucha,1677,species,White-naped Brushfinch,Tohi à calotte blanche,Passeriformes,Passerellidae,,Atlapetes,Atlapetes albinucha,,,,,,,
Atlapetes tibialis,13341,species,Yellow-thighed Brushfinch,Tohi à cuisses jaunes,Passeriformes,Passerellidae,,Atlapetes,Atlapetes tibialis,Formerly placed in the genus Pselliophorus.,,,,,,
Atlapetes luteoviridis,13351,species,Yellow-green Brushfinch,Tohi jaune-vert,Passeriformes,Passerellidae,,Atlapetes,Atlapetes luteoviridis,Formerly placed in the genus Pselliophorus.,,,,,,
Calyptophilus tertius,1943,species,Western Chat-Tanager,Konichon d'Haïti,Passeriformes,Calyptophilidae,,Calyptophilus,Calyptophilus tertius,,,,,,,
Calyptophilus frugivorus,1944,species,Eastern Chat-Tanager,Konichon dominicain,Passeriformes,Calyptophilidae,,Calyptophilus,Calyptophilus frugivorus,,,,,,,
Zeledonia coronata,1617,species,Wrenthrush,Zélédonie couronnée,Passeriformes,Zeledoniidae,,Zeledonia,Zeledonia coronata,Monotypic.,,,,,,
Phaenicophilus palmarum,1941,species,Black-crowned Palm-Tanager,Katje à couronne noire,Passeriformes,Phaenicophilidae,,Phaenicophilus,Phaenicophilus palmarum,Monotypic.,,,,,,
Phaenicophilus poliocephalus,1942,species,Gray-crowned Palm-Tanager,Katje à couronne grise,Passeriformes,Phaenicophilidae,,Phaenicophilus,Phaenicophilus poliocephalus,,,,,,,
Xenoligea montana,1621,species,White-winged Warbler,Petit Quatre-yeux,Passeriformes,Phaenicophilidae,,Xenoligea,Xenoligea montana,Monotypic.,,,,,,
Microligea palustris,1596,species,Green-tailed Warbler,Ligéa aux yeux rouges,Passeriformes,Phaenicophilidae,,Microligea,Microligea palustris,,,,,,,
Nesospingus speculiferus,2021,species,Puerto Rican Tanager,Pleureur de Porto Rico,Passeriformes,Nesospingidae,,Nesospingus,Nesospingus speculiferus,Monotypic.,,,,,,
Spindalis zena,1961,species,Western Spindalis,Zéna à tête rayée,Passeriformes,Spindalidae,,Spindalis,Spindalis zena,,,,,,,
Spindalis nigricephala,1962,species,Jamaican Spindalis,Zéna de Jamaïque,Passeriformes,Spindalidae,,Spindalis,Spindalis nigricephala,Monotypic.,,,,,,
Spindalis dominicensis,1963,species,Hispaniolan Spindalis,Zéna d'Hispaniola,Passeriformes,Spindalidae,,Spindalis,Spindalis dominicensis,Monotypic.,,,,,,
Spindalis portoricensis,1964,species,Puerto Rican Spindalis,Zéna de Porto Rico,Passeriformes,Spindalidae,,Spindalis,Spindalis portoricensis,Monotypic.,,,,,,
Teretistris fernandinae,1597,species,Yellow-headed Warbler,Chillina de Fernandina,Passeriformes,Teretistridae,,Teretistris,Teretistris fernandinae,Monotypic.,,,,,,
Teretistris fornsi,1598,species,Oriente Warbler,Chillina d'Oriente,Passeriformes,Teretistridae,,Teretistris,Teretistris fornsi,,,,,,,
Icteria virens,1618,species,Yellow-breasted Chat,Ictérie polyglotte,Passeriformes,Icteriidae,,Icteria,Icteria virens,,,,,,,
Xanthocephalus xanthocephalus,1781,species,Yellow-headed Blackbird,Carouge à tête jaune,Passeriformes,Icteridae,Xanthocephalinae,Xanthocephalus,Xanthocephalus xanthocephalus,Monotypic.,,,,,,
Dolichonyx oryzivorus,1771,species,Bobolink,Goglu des prés,Passeriformes,Icteridae,Dolichonychinae,Dolichonyx,Dolichonyx oryzivorus,Monotypic.,,,,,,
Sturnella lilianae,15034,species,Chihuahuan Meadowlark,Sturnelle de Lilian,Passeriformes,Icteridae,Sturnellinae,Sturnella,Sturnella lilianae,Formerly considered conspecific with Sturnella magna.,,,,,,
Sturnella magna,1779,species,Eastern Meadowlark,Sturnelle des prés,Passeriformes,Icteridae,Sturnellinae,Sturnella,Sturnella magna,,,,,,,
Sturnella neglecta,1780,species,Western Meadowlark,Sturnelle de l'Ouest,Passeriformes,Icteridae,Sturnellinae,Sturnella,Sturnella neglecta,,,,,,,
Leistes militaris,12531,species,Red-breasted Meadowlark,Sturnelle militaire,Passeriformes,Icteridae,Sturnellinae,Leistes,Leistes militaris,Formerly included in the genus Sturnella.,,,,,,
Amblycercus holosericeus,1820,species,Yellow-billed Cacique,Cassique à bec jaune,Passeriformes,Icteridae,Amblycercinae,Amblycercus,Amblycercus holosericeus,Monotypic.,,,,,,
Cassiculus melanicterus,1823,species,Yellow-winged Cacique,Cassique à ailes jaunes,Passeriformes,Icteridae,Cacicinae,Cassiculus,Cassiculus melanicterus,Monotypic. Formerly placed in the genus Cacicus.,,,,,,
Psarocolius decumanus,1824,species,Crested Oropendola,Cassique huppé,Passeriformes,Icteridae,Cacicinae,Psarocolius,Psarocolius decumanus,,,,,,,
Psarocolius wagleri,1825,species,Chestnut-headed Oropendola,Cassique à tête brune,Passeriformes,Icteridae,Cacicinae,Psarocolius,Psarocolius wagleri,,,,,,,
Psarocolius montezuma,1826,species,Montezuma Oropendola,Cassique de Montezuma,Passeriformes,Icteridae,Cacicinae,Psarocolius,Psarocolius montezuma,Monotypic.,,,,,,
Psarocolius guatimozinus,1827,species,Black Oropendola,Cassique noir,Passeriformes,Icteridae,Cacicinae,Psarocolius,Psarocolius guatimozinus,Monotypic.,,,,,,
Cacicus uropygialis,1821,species,Scarlet-rumped Cacique,Cassique à dos rouge,Passeriformes,Icteridae,Cacicinae,Cacicus,Cacicus uropygialis,,,,,,,
Cacicus cela,1822,species,Yellow-rumped Cacique,Cassique cul-jaune,Passeriformes,Icteridae,Cacicinae,Cacicus,Cacicus cela,,,,,,,
Icterus northropi,2068,species,Bahama Oriole,Oriole des Bahamas,Passeriformes,Icteridae,Icterinae,Icterus,Icterus northropi,Monotypic.,,,,,,
Icterus melanopsis,2069,species,Cuban Oriole,Oriole de Cuba,Passeriformes,Icteridae,Icterinae,Icterus,Icterus melanopsis,Monotypic.,,,,,,
Icterus dominicensis,1797,species,Hispaniolan Oriole,Oriole d'Hispaniola,Passeriformes,Icteridae,Icterinae,Icterus,Icterus dominicensis,Monotypic.,,,,,,
Icterus portoricensis,2070,species,Puerto Rican Oriole,Oriole de Porto Rico,Passeriformes,Icteridae,Icterinae,Icterus,Icterus portoricensis,Monotypic.,,,,,,
Icterus laudabilis,1798,species,St. Lucia Oriole,Oriole de Sainte-Lucie,Passeriformes,Icteridae,Icterinae,Icterus,Icterus laudabilis,Monotypic.,,,,,,
Icterus oberi,1799,species,Montserrat Oriole,Oriole de Montserrat,Passeriformes,Icteridae,Icterinae,Icterus,Icterus oberi,Monotypic.,,,,,,
Icterus bonana,1800,species,Martinique Oriole,Oriole de Martinique,Passeriformes,Icteridae,Icterinae,Icterus,Icterus bonana,Monotypic.,,,,,,
Icterus wagleri,1801,species,Black-vented Oriole,Oriole cul-noir,Passeriformes,Icteridae,Icterinae,Icterus,Icterus wagleri,,,,,,,
Icterus maculialatus,1802,species,Bar-winged Oriole,Oriole unifascié,Passeriformes,Icteridae,Icterinae,Icterus,Icterus maculialatus,Monotypic.,,,,,,
Icterus prosthemelas,1803,species,Black-cowled Oriole,Oriole monacal,Passeriformes,Icteridae,Icterinae,Icterus,Icterus prosthemelas,,,,,,,
Icterus spurius,1804,species,Orchard Oriole,Oriole des vergers,Passeriformes,Icteridae,Icterinae,Icterus,Icterus spurius,,,,,,,
Icterus cucullatus,1805,species,Hooded Oriole,Oriole masqué,Passeriformes,Icteridae,Icterinae,Icterus,Icterus cucullatus,,,,,,,
Icterus chrysater,1806,species,Yellow-backed Oriole,Oriole noir et or,Passeriformes,Icteridae,Icterinae,Icterus,Icterus chrysater,,,,,,,
Icterus auricapillus,1807,species,Orange-crowned Oriole,Oriole à tête d'or,Passeriformes,Icteridae,Icterinae,Icterus,Icterus auricapillus,Monotypic.,,,,,,
Icterus mesomelas,1808,species,Yellow-tailed Oriole,Oriole à queue jaune,Passeriformes,Icteridae,Icterinae,Icterus,Icterus mesomelas,,,,,,,
Icterus icterus,1809,species,Venezuelan Troupial,Oriole troupiale,Passeriformes,Icteridae,Icterinae,Icterus,Icterus icterus,,,,I,,,
Icterus pustulatus,1810,species,Streak-backed Oriole,Oriole à dos rayé,Passeriformes,Icteridae,Icterinae,Icterus,Icterus pustulatus,,,,,,,
Icterus bullockii,1811,species,Bullock's Oriole,Oriole de Bullock,Passeriformes,Icteridae,Icterinae,Icterus,Icterus bullockii,,,,,,,
Icterus auratus,1812,species,Orange Oriole,Oriole orange,Passeriformes,Icteridae,Icterinae,Icterus,Icterus auratus,Monotypic.,,,,,,
Icterus leucopteryx,1813,species,Jamaican Oriole,Oriole de Jamaïque,Passeriformes,Icteridae,Icterinae,Icterus,Icterus leucopteryx,,,,,,,
Icterus pectoralis,1814,species,Spot-breasted Oriole,Oriole maculé,Passeriformes,Icteridae,Icterinae,Icterus,Icterus pectoralis,,,,,,,
Icterus gularis,1815,species,Altamira Oriole,Oriole à gros bec,Passeriformes,Icteridae,Icterinae,Icterus,Icterus gularis,,,,,,,
Icterus graduacauda,1816,species,Audubon's Oriole,Oriole d'Audubon,Passeriformes,Icteridae,Icterinae,Icterus,Icterus graduacauda,,,,,,,
Icterus galbula,1817,species,Baltimore Oriole,Oriole de Baltimore,Passeriformes,Icteridae,Icterinae,Icterus,Icterus galbula,Monotypic.,,,,,,
Icterus abeillei,1818,species,Black-backed Oriole,Oriole d'Abeillé,Passeriformes,Icteridae,Icterinae,Icterus,Icterus abeillei,Monotypic.,,,,,,
Icterus parisorum,1819,species,Scott's Oriole,Oriole jaune-verdâtre,Passeriformes,Icteridae,Icterinae,Icterus,Icterus parisorum,Monotypic.,,,,,,
Nesopsar nigerrimus,1777,species,Jamaican Blackbird,Carouge de Jamaïque,Passeriformes,Icteridae,Agelaiinae,Nesopsar,Nesopsar nigerrimus,Monotypic.,,,,,,
Agelaius phoeniceus,1772,species,Red-winged Blackbird,Carouge à épaulettes,Passeriformes,Icteridae,Agelaiinae,Agelaius,Agelaius phoeniceus,,,,,,,
Agelaius assimilis,1773,species,Red-shouldered Blackbird,Carouge de Cuba,Passeriformes,Icteridae,Agelaiinae,Agelaius,Agelaius assimilis,,,,,,,
Agelaius tricolor,1774,species,Tricolored Blackbird,Carouge de Californie,Passeriformes,Icteridae,Agelaiinae,Agelaius,Agelaius tricolor,Monotypic.,,,,,,
Agelaius humeralis,1775,species,Tawny-shouldered Blackbird,Petit Carouge,Passeriformes,Icteridae,Agelaiinae,Agelaius,Agelaius humeralis,,,,,,,
Agelaius xanthomus,1776,species,Yellow-shouldered Blackbird,Carouge de Porto Rico,Passeriformes,Icteridae,Agelaiinae,Agelaius,Agelaius xanthomus,,,,,,,
Molothrus bonariensis,1793,species,Shiny Cowbird,Vacher luisant,Passeriformes,Icteridae,Agelaiinae,Molothrus,Molothrus bonariensis,,,,,,,
Molothrus aeneus,1794,species,Bronzed Cowbird,Vacher bronzé,Passeriformes,Icteridae,Agelaiinae,Molothrus,Molothrus aeneus,,,,,,,
Molothrus ater,1795,species,Brown-headed Cowbird,Vacher à tête brune,Passeriformes,Icteridae,Agelaiinae,Molothrus,Molothrus ater,,,,,,,
Molothrus oryzivorus,1796,species,Giant Cowbird,Vacher géant,Passeriformes,Icteridae,Agelaiinae,Molothrus,Molothrus oryzivorus,,,,,,,
Dives dives,1782,species,Melodious Blackbird,Quiscale chanteur,Passeriformes,Icteridae,Agelaiinae,Dives,Dives dives,Monotypic.,,,,,,
Ptiloxena atroviolacea,12551,species,Cuban Blackbird,Quiscale violet,Passeriformes,Icteridae,Agelaiinae,Ptiloxena,Ptiloxena atroviolacea,,,,,,,
Euphagus carolinus,1784,species,Rusty Blackbird,Quiscale rouilleux,Passeriformes,Icteridae,Agelaiinae,Euphagus,Euphagus carolinus,,,,,,,
Euphagus cyanocephalus,1785,species,Brewer's Blackbird,Quiscale de Brewer,Passeriformes,Icteridae,Agelaiinae,Euphagus,Euphagus cyanocephalus,Monotypic.,,,,,,
Quiscalus quiscula,1786,species,Common Grackle,Quiscale bronzé,Passeriformes,Icteridae,Agelaiinae,Quiscalus,Quiscalus quiscula,,,,,,,
Quiscalus major,1787,species,Boat-tailed Grackle,Quiscale des marais,Passeriformes,Icteridae,Agelaiinae,Quiscalus,Quiscalus major,,,,,,,
Quiscalus mexicanus,1788,species,Great-tailed Grackle,Quiscale à longue queue,Passeriformes,Icteridae,Agelaiinae,Quiscalus,Quiscalus mexicanus,,,,,,,
Quiscalus palustris,1789,species,Slender-billed Grackle,Quiscale de Mexico,Passeriformes,Icteridae,Agelaiinae,Quiscalus,Quiscalus palustris,Monotypic.,,,,,†,
Quiscalus nicaraguensis,1790,species,Nicaraguan Grackle,Quiscale du Nicaragua,Passeriformes,Icteridae,Agelaiinae,Quiscalus,Quiscalus nicaraguensis,Monotypic.,,,,,,
Quiscalus niger,1791,species,Greater Antillean Grackle,Quiscale noir,Passeriformes,Icteridae,Agelaiinae,Quiscalus,Quiscalus niger,,,,,,,
Quiscalus lugubris,1792,species,Carib Grackle,Quiscale merle,Passeriformes,Icteridae,Agelaiinae,Quiscalus,Quiscalus lugubris,,,,,,,
Chrysomus icterocephalus,2067,species,Yellow-hooded Blackbird,Carouge à capuchon,Passeriformes,Icteridae,Agelaiinae,Chrysomus,Chrysomus icterocephalus,,,,,,,
Seiurus aurocapilla,1580,species,Ovenbird,Paruline couronnée,Passeriformes,Parulidae,,Seiurus,Seiurus aurocapilla,,,,,,,
Helmitheros vermivorum,1578,species,Worm-eating Warbler,Paruline vermivore,Passeriformes,Parulidae,,Helmitheros,Helmitheros vermivorum,Monotypic.,,,,,,
Parkesia motacilla,1582,species,Louisiana Waterthrush,Paruline hochequeue,Passeriformes,Parulidae,,Parkesia,Parkesia motacilla,Monotypic.,,,,,,
Parkesia noveboracensis,1581,species,Northern Waterthrush,Paruline des ruisseaux,Passeriformes,Parulidae,,Parkesia,Parkesia noveboracensis,Monotypic.,,,,,,
Vermivora bachmanii,1532,species,Bachman's Warbler,Paruline de Bachman,Passeriformes,Parulidae,,Vermivora,Vermivora bachmanii,Monotypic.,,,,,†,
Vermivora chrysoptera,1534,species,Golden-winged Warbler,Paruline à ailes dorées,Passeriformes,Parulidae,,Vermivora,Vermivora chrysoptera,Monotypic.,,,,,,
Vermivora cyanoptera,1533,species,Blue-winged Warbler,Paruline à ailes bleues,Passeriformes,Parulidae,,Vermivora,Vermivora cyanoptera,Monotypic.,,,,,,
Mniotilta varia,1575,species,Black-and-white Warbler,Paruline noir et blanc,Passeriformes,Parulidae,,Mniotilta,Mniotilta varia,Monotypic.,,,,,,
Protonotaria citrea,1577,species,Prothonotary Warbler,Paruline orangée,Passeriformes,Parulidae,,Protonotaria,Protonotaria citrea,Monotypic.,,,,,,
Limnothlypis swainsonii,1579,species,Swainson's Warbler,Paruline de Swainson,Passeriformes,Parulidae,,Limnothlypis,Limnothlypis swainsonii,Monotypic.,,,,,,
Oreothlypis superciliosa,1542,species,Crescent-chested Warbler,Paruline à croissant,Passeriformes,Parulidae,,Oreothlypis,Oreothlypis superciliosa,,,,,,,
Oreothlypis gutturalis,1541,species,Flame-throated Warbler,Paruline embrasée,Passeriformes,Parulidae,,Oreothlypis,Oreothlypis gutturalis,Monotypic.,,,,,,
Leiothlypis peregrina,13761,species,Tennessee Warbler,Paruline obscure,Passeriformes,Parulidae,,Leiothlypis,Leiothlypis peregrina,Formerly placed in the genus Oreothlypis. Monotypic.,,,,,,
Leiothlypis celata,13771,species,Orange-crowned Warbler,Paruline verdâtre,Passeriformes,Parulidae,,Leiothlypis,Leiothlypis celata,Formerly placed in the genus Oreothlypis.,,,,,,
Leiothlypis crissalis,13781,species,Colima Warbler,Paruline de Colima,Passeriformes,Parulidae,,Leiothlypis,Leiothlypis crissalis,Formerly placed in the genus Oreothlypis. Monotypic.,,,,,,
Leiothlypis luciae,13791,species,Lucy's Warbler,Paruline de Lucy,Passeriformes,Parulidae,,Leiothlypis,Leiothlypis luciae,Formerly placed in the genus Oreothlypis. Monotypic.,,,,,,
Leiothlypis ruficapilla,13801,species,Nashville Warbler,Paruline à joues grises,Passeriformes,Parulidae,,Leiothlypis,Leiothlypis ruficapilla,Formerly placed in the genus Oreothlypis.,,,,,,
Leiothlypis virginiae,13811,species,Virginia's Warbler,Paruline de Virginia,Passeriformes,Parulidae,,Leiothlypis,Leiothlypis virginiae,Formerly placed in the genus Oreothlypis. Monotypic.,,,,,,
Leucopeza semperi,1599,species,Semper's Warbler,Paruline pied-blanc,Passeriformes,Parulidae,,Leucopeza,Leucopeza semperi,Monotypic.,,,,,,
Oporornis agilis,1584,species,Connecticut Warbler,Paruline à gorge grise,Passeriformes,Parulidae,,Oporornis,Oporornis agilis,Monotypic.,,,,,,
Geothlypis poliocephala,1595,species,Gray-crowned Yellowthroat,Paruline à calotte grise,Passeriformes,Parulidae,,Geothlypis,Geothlypis poliocephala,,,,,,,
Geothlypis tolmiei,1586,species,MacGillivray's Warbler,Paruline des buissons,Passeriformes,Parulidae,,Geothlypis,Geothlypis tolmiei,,,,,,,
Geothlypis philadelphia,1585,species,Mourning Warbler,Paruline triste,Passeriformes,Parulidae,,Geothlypis,Geothlypis philadelphia,Monotypic.,,,,,,
Geothlypis formosa,1583,species,Kentucky Warbler,Paruline du Kentucky,Passeriformes,Parulidae,,Geothlypis,Geothlypis formosa,Monotypic.,,,,,,
Geothlypis semiflava,1591,species,Olive-crowned Yellowthroat,Paruline des bambous,Passeriformes,Parulidae,,Geothlypis,Geothlypis semiflava,,,,,,,
Geothlypis speciosa,1592,species,Black-polled Yellowthroat,Paruline à face noire,Passeriformes,Parulidae,,Geothlypis,Geothlypis speciosa,,,,,,,
Geothlypis beldingi,1588,species,Belding's Yellowthroat,Paruline de Belding,Passeriformes,Parulidae,,Geothlypis,Geothlypis beldingi,,,,,,,
Geothlypis rostrata,1590,species,Bahama Yellowthroat,Paruline des Bahamas,Passeriformes,Parulidae,,Geothlypis,Geothlypis rostrata,,,,,,,
Geothlypis flavovelata,1589,species,Altamira Yellowthroat,Paruline à couronne jaune,Passeriformes,Parulidae,,Geothlypis,Geothlypis flavovelata,Monotypic.,,,,,,
Geothlypis trichas,1587,species,Common Yellowthroat,Paruline masquée,Passeriformes,Parulidae,,Geothlypis,Geothlypis trichas,,,,,,,
Geothlypis nelsoni,1593,species,Hooded Yellowthroat,Paruline de Nelson,Passeriformes,Parulidae,,Geothlypis,Geothlypis nelsoni,,,,,,,
Catharopeza bishopi,1574,species,Whistling Warbler,Paruline de Saint-Vincent,Passeriformes,Parulidae,,Catharopeza,Catharopeza bishopi,Monotypic.,,,,,,
Setophaga plumbea,1571,species,Plumbeous Warbler,Paruline caféiette,Passeriformes,Parulidae,,Setophaga,Setophaga plumbea,Monotypic.,,,,,,
Setophaga angelae,1573,species,Elfin-woods Warbler,Paruline d'Angela,Passeriformes,Parulidae,,Setophaga,Setophaga angelae,Monotypic.,,,,,,
Setophaga pharetra,1572,species,Arrowhead Warbler,Paruline de Jamaïque,Passeriformes,Parulidae,,Setophaga,Setophaga pharetra,Monotypic.,,,,,,
Setophaga citrina,1600,species,Hooded Warbler,Paruline à capuchon,Passeriformes,Parulidae,,Setophaga,Setophaga citrina,Monotypic.,,,,,,
Setophaga ruticilla,1576,species,American Redstart,Paruline flamboyante,Passeriformes,Parulidae,,Setophaga,Setophaga ruticilla,Monotypic.,,,,,,
Setophaga kirtlandii,1564,species,Kirtland's Warbler,Paruline de Kirtland,Passeriformes,Parulidae,,Setophaga,Setophaga kirtlandii,Monotypic.,,,,,,
Setophaga tigrina,1548,species,Cape May Warbler,Paruline tigrée,Passeriformes,Parulidae,,Setophaga,Setophaga tigrina,Monotypic.,,,,,,
Setophaga cerulea,1570,species,Cerulean Warbler,Paruline azurée,Passeriformes,Parulidae,,Setophaga,Setophaga cerulea,Monotypic.,,,,,,
Setophaga americana,1543,species,Northern Parula,Paruline à collier,Passeriformes,Parulidae,,Setophaga,Setophaga americana,Monotypic.,,,,,,
Setophaga pitiayumi,1544,species,Tropical Parula,Paruline à joues noires,Passeriformes,Parulidae,,Setophaga,Setophaga pitiayumi,,,,,,,
Setophaga magnolia,1547,species,Magnolia Warbler,Paruline à tête cendrée,Passeriformes,Parulidae,,Setophaga,Setophaga magnolia,Monotypic.,,,,,,
Setophaga castanea,1568,species,Bay-breasted Warbler,Paruline à poitrine baie,Passeriformes,Parulidae,,Setophaga,Setophaga castanea,Monotypic.,,,,,,
Setophaga fusca,1556,species,Blackburnian Warbler,Paruline à gorge orangée,Passeriformes,Parulidae,,Setophaga,Setophaga fusca,Monotypic.,,,,,,
Setophaga petechia,1545,species,Yellow Warbler,Paruline jaune,Passeriformes,Parulidae,,Setophaga,Setophaga petechia,,,,,,,
Setophaga pensylvanica,1546,species,Chestnut-sided Warbler,Paruline à flancs marron,Passeriformes,Parulidae,,Setophaga,Setophaga pensylvanica,Monotypic.,,,,,,
Setophaga striata,1569,species,Blackpoll Warbler,Paruline rayée,Passeriformes,Parulidae,,Setophaga,Setophaga striata,Monotypic.,,,,,,
Setophaga caerulescens,1549,species,Black-throated Blue Warbler,Paruline bleue,Passeriformes,Parulidae,,Setophaga,Setophaga caerulescens,,,,,,,
Setophaga palmarum,1567,species,Palm Warbler,Paruline à couronne rousse,Passeriformes,Parulidae,,Setophaga,Setophaga palmarum,,,,,,,
Setophaga pityophila,1562,species,Olive-capped Warbler,Paruline à calotte verte,Passeriformes,Parulidae,,Setophaga,Setophaga pityophila,Monotypic.,,,,,,
Setophaga pinus,1563,species,Pine Warbler,Paruline des pins,Passeriformes,Parulidae,,Setophaga,Setophaga pinus,,,,,,,
Setophaga coronata,1550,species,Yellow-rumped Warbler,Paruline à croupion jaune,Passeriformes,Parulidae,,Setophaga,Setophaga coronata,,,,,,,
Setophaga dominica,1557,species,Yellow-throated Warbler,Paruline à gorge jaune,Passeriformes,Parulidae,,Setophaga,Setophaga dominica,,,,,,,
Setophaga flavescens,2076,species,Bahama Warbler,Paruline de Todd,Passeriformes,Parulidae,,Setophaga,Setophaga flavescens,,,,,,,
Setophaga vitellina,1566,species,Vitelline Warbler,Paruline des Caïmans,Passeriformes,Parulidae,,Setophaga,Setophaga vitellina,,,,,,,
Setophaga discolor,1565,species,Prairie Warbler,Paruline des prés,Passeriformes,Parulidae,,Setophaga,Setophaga discolor,,,,,,,
Setophaga adelaidae,1559,species,Adelaide's Warbler,Paruline d'Adélaïde,Passeriformes,Parulidae,,Setophaga,Setophaga adelaidae,Monotypic.,,,,,,
Setophaga subita,1560,species,Barbuda Warbler,Paruline de Barbuda,Passeriformes,Parulidae,,Setophaga,Setophaga subita,Monotypic.,,,,,,
Setophaga delicata,1561,species,St. Lucia Warbler,Paruline de Sainte-Lucie,Passeriformes,Parulidae,,Setophaga,Setophaga delicata,Monotypic.,,,,,,
Setophaga graciae,1558,species,Grace's Warbler,Paruline de Grace,Passeriformes,Parulidae,,Setophaga,Setophaga graciae,,,,,,,
Setophaga nigrescens,1551,species,Black-throated Gray Warbler,Paruline grise,Passeriformes,Parulidae,,Setophaga,Setophaga nigrescens,,,,,,,
Setophaga townsendi,1554,species,Townsend's Warbler,Paruline de Townsend,Passeriformes,Parulidae,,Setophaga,Setophaga townsendi,Monotypic.,,,,,,
Setophaga occidentalis,1555,species,Hermit Warbler,Paruline à tête jaune,Passeriformes,Parulidae,,Setophaga,Setophaga occidentalis,Monotypic.,,,,,,
Setophaga chrysoparia,1552,species,Golden-cheeked Warbler,Paruline à dos noir,Passeriformes,Parulidae,,Setophaga,Setophaga chrysoparia,Monotypic.,,,,,,
Setophaga virens,1553,species,Black-throated Green Warbler,Paruline à gorge noire,Passeriformes,Parulidae,,Setophaga,Setophaga virens,Monotypic.,,,,,,
Myiothlypis fulvicauda,1616,species,Buff-rumped Warbler,Paruline à croupion fauve,Passeriformes,Parulidae,,Myiothlypis,Myiothlypis fulvicauda,,,,,,,
Basileuterus lachrymosus,1609,species,Fan-tailed Warbler,Paruline des rochers,Passeriformes,Parulidae,,Basileuterus,Basileuterus lachrymosus,,,,,,,
Basileuterus rufifrons,1611,species,Rufous-capped Warbler,Paruline à calotte rousse,Passeriformes,Parulidae,,Basileuterus,Basileuterus rufifrons,,,,,,,
Basileuterus delattrii,14991,species,Chestnut-capped Warbler,Paruline de Delattre,Passeriformes,Parulidae,,Basileuterus,Basileuterus delattrii,Formerly considered conspecific with Basileuterus rufifrons.,,,,,,
Basileuterus melanogenys,1613,species,Black-cheeked Warbler,Paruline sombre,Passeriformes,Parulidae,,Basileuterus,Basileuterus melanogenys,,,,,,,
Basileuterus ignotus,1614,species,Pirre Warbler,Paruline du Pirré,Passeriformes,Parulidae,,Basileuterus,Basileuterus ignotus,Monotypic.,,,,,,
Basileuterus belli,1612,species,Golden-browed Warbler,Paruline à sourcils dorés,Passeriformes,Parulidae,,Basileuterus,Basileuterus belli,,,,,,,
Basileuterus culicivorus,1610,species,Golden-crowned Warbler,Paruline à couronne dorée,Passeriformes,Parulidae,,Basileuterus,Basileuterus culicivorus,,,,,,,
Basileuterus melanotis,12091,species,Costa Rican Warbler,Paruline du Costa Rica,Passeriformes,Parulidae,,Basileuterus,Basileuterus melanotis,Formerly considered conspecific with Basileuterus tristriatus.,,,,,,
Basileuterus tacarcunae,12101,species,Tacarcuna Warbler,Paruline du Tacarcuna,Passeriformes,Parulidae,,Basileuterus,Basileuterus tacarcunae,Formerly considered conspecific with Basileuterus tristriatus and B. melanotis.,,,,,,
Cardellina canadensis,1602,species,Canada Warbler,Paruline du Canada,Passeriformes,Parulidae,,Cardellina,Cardellina canadensis,Monotypic.,,,,,,
Cardellina pusilla,1601,species,Wilson's Warbler,Paruline à calotte noire,Passeriformes,Parulidae,,Cardellina,Cardellina pusilla,,,,,,,
Cardellina rubrifrons,1603,species,Red-faced Warbler,Paruline à face rouge,Passeriformes,Parulidae,,Cardellina,Cardellina rubrifrons,Montypic.,,,,,,
Cardellina rubra,1604,species,Red Warbler,Paruline rouge,Passeriformes,Parulidae,,Cardellina,Cardellina rubra,,,,,,,
Cardellina versicolor,1605,species,Pink-headed Warbler,Paruline à tête rose,Passeriformes,Parulidae,,Cardellina,Cardellina versicolor,Monotypic.,,,,,,
Myioborus pictus,1606,species,Painted Redstart,Paruline à ailes blanches,Passeriformes,Parulidae,,Myioborus,Myioborus pictus,,,,,,,
Myioborus miniatus,1607,species,Slate-throated Redstart,Paruline ardoisée,Passeriformes,Parulidae,,Myioborus,Myioborus miniatus,,,,,,,
Myioborus torquatus,1608,species,Collared Redstart,Paruline ceinturée,Passeriformes,Parulidae,,Myioborus,Myioborus torquatus,Monotypic.,,,,,,
Piranga roseogularis,1953,species,Rose-throated Tanager,Piranga à gorge rose,Passeriformes,Cardinalidae,,Piranga,Piranga roseogularis,,,,,,,
Piranga flava,1954,species,Hepatic Tanager,Piranga orangé,Passeriformes,Cardinalidae,,Piranga,Piranga flava,,,,,,,
Piranga rubra,1955,species,Summer Tanager,Piranga vermillon,Passeriformes,Cardinalidae,,Piranga,Piranga rubra,,,,,,,
Piranga olivacea,1956,species,Scarlet Tanager,Piranga écarlate,Passeriformes,Cardinalidae,,Piranga,Piranga olivacea,Monotypic.,,,,,,
Piranga ludoviciana,1957,species,Western Tanager,Piranga à tête rouge,Passeriformes,Cardinalidae,,Piranga,Piranga ludoviciana,Monotypic.,,,,,,
Piranga bidentata,1958,species,Flame-colored Tanager,Piranga à dos rayé,Passeriformes,Cardinalidae,,Piranga,Piranga bidentata,,,,,,,
Piranga leucoptera,1959,species,White-winged Tanager,Piranga bifascié,Passeriformes,Cardinalidae,,Piranga,Piranga leucoptera,,,,,,,
Piranga erythrocephala,1960,species,Red-headed Tanager,Piranga érythrocéphale,Passeriformes,Cardinalidae,,Piranga,Piranga erythrocephala,,,,,,,
Driophlox fuscicauda,15101,species,Red-throated Ant-Tanager,Habia à gorge rouge,Passeriformes,Cardinalidae,,Driophlox,Driophlox fuscicauda,Formerly placed in the genus Habia.,,,,,,
Driophlox atrimaxillaris,15102,species,Black-cheeked Ant-Tanager,Habia à joues noires,Passeriformes,Cardinalidae,,Driophlox,Driophlox atrimaxillaris,Formerly placed in the genus Habia. Monotypic.,,,,,,
Habia rubica,1949,species,Red-crowned Ant-Tanager,Habia à couronne rouge,Passeriformes,Cardinalidae,,Habia,Habia rubica,,,,,,,
Chlorothraupis carmioli,1947,species,Carmiol's Tanager,Habia olive,Passeriformes,Cardinalidae,,Chlorothraupis,Chlorothraupis carmioli,,,,,,,
Chlorothraupis olivacea,1948,species,Lemon-spectacled Tanager,Habia à lunettes,Passeriformes,Cardinalidae,,Chlorothraupis,Chlorothraupis olivacea,Monotypic.,,,,,,
Periporphyrus celaeno,15067,species,Crimson-collared Grosbeak,Cardinal à collier,Passeriformes,Cardinalidae,,Periporphyrus,Periporphyrus celaeno,Formerly placed in the genus Rhodothraupis.,,,,,,
Caryothraustes poliogaster,1752,species,Black-faced Grosbeak,Cardinal à ventre blanc,Passeriformes,Cardinalidae,,Caryothraustes,Caryothraustes poliogaster,,,,,,,
Caryothraustes canadensis,1753,species,Yellow-green Grosbeak,Cardinal flavert,Passeriformes,Cardinalidae,,Caryothraustes,Caryothraustes canadensis,,,,,,,
Cardinalis cardinalis,1755,species,Northern Cardinal,Cardinal rouge,Passeriformes,Cardinalidae,,Cardinalis,Cardinalis cardinalis,,,,,,,
Cardinalis sinuatus,1756,species,Pyrrhuloxia,Cardinal pyrrhuloxia,Passeriformes,Cardinalidae,,Cardinalis,Cardinalis sinuatus,,,,,,,
Pheucticus chrysopeplus,1757,species,Yellow Grosbeak,Cardinal jaune,Passeriformes,Cardinalidae,,Pheucticus,Pheucticus chrysopeplus,,,,,,,
Pheucticus tibialis,1758,species,Black-thighed Grosbeak,Cardinal à cuisses noires,Passeriformes,Cardinalidae,,Pheucticus,Pheucticus tibialis,Monotypic.,,,,,,
Pheucticus ludovicianus,1759,species,Rose-breasted Grosbeak,Cardinal à poitrine rose,Passeriformes,Cardinalidae,,Pheucticus,Pheucticus ludovicianus,Monotypic.,,,,,,
Pheucticus melanocephalus,1760,species,Black-headed Grosbeak,Cardinal à tête noire,Passeriformes,Cardinalidae,,Pheucticus,Pheucticus melanocephalus,,,,,,,
Granatellus venustus,1619,species,Red-breasted Chat,Granatelle multicolore,Passeriformes,Cardinalidae,,Granatellus,Granatellus venustus,,,,,,,
Granatellus sallaei,1620,species,Gray-throated Chat,Granatelle à plastron,Passeriformes,Cardinalidae,,Granatellus,Granatellus sallaei,,,,,,,
Amaurospiza concolor,1665,species,Blue Seedeater,Évêque bleu,Passeriformes,Cardinalidae,,Amaurospiza,Amaurospiza concolor,,,,,,,
Cyanoloxia cyanoides,13831,species,Blue-black Grosbeak,Évêque bleu-noir,Passeriformes,Cardinalidae,,Cyanoloxia,Cyanoloxia cyanoides,Formerly placed in the genus Cyanocompsa.,,,,,,
Cyanocompsa parellina,1762,species,Blue Bunting,Évêque paré,Passeriformes,Cardinalidae,,Cyanocompsa,Cyanocompsa parellina,,,,,,,
Passerina caerulea,1763,species,Blue Grosbeak,Guiraca bleu,Passeriformes,Cardinalidae,,Passerina,Passerina caerulea,,,,,,,
Passerina amoena,1764,species,Lazuli Bunting,Passerin azuré,Passeriformes,Cardinalidae,,Passerina,Passerina amoena,Monotypic.,,,,,,
Passerina cyanea,1765,species,Indigo Bunting,Passerin indigo,Passeriformes,Cardinalidae,,Passerina,Passerina cyanea,Monotypic.,,,,,,
Passerina rositae,1766,species,Rose-bellied Bunting,Passerin à ventre rose,Passeriformes,Cardinalidae,,Passerina,Passerina rositae,Monotypic.,,,,,,
Passerina leclancherii,1767,species,Orange-breasted Bunting,Passerin arc-en-ciel,Passeriformes,Cardinalidae,,Passerina,Passerina leclancherii,,,,,,,
Passerina versicolor,1768,species,Varied Bunting,Passerin varié,Passeriformes,Cardinalidae,,Passerina,Passerina versicolor,,,,,,,
Passerina ciris,1769,species,Painted Bunting,Passerin nonpareil,Passeriformes,Cardinalidae,,Passerina,Passerina ciris,,,,,,,
Spiza americana,1770,species,Dickcissel,Dickcissel d'Amérique,Passeriformes,Cardinalidae,,Spiza,Spiza americana,Monotypic.,,,,,,
Mitrospingus cassinii,1946,species,Dusky-faced Tanager,Mitrospin obscur,Passeriformes,Mitrospingidae,,Mitrospingus,Mitrospingus cassinii,,,,,,,
Bangsia arcaei,1641,species,Blue-and-gold Tanager,Tangara jaune et bleu,Passeriformes,Thraupidae,Thraupinae,Bangsia,Bangsia arcaei,,,,,,,
Paroaria coronata,1672,species,Red-crested Cardinal,Paroare huppé,Passeriformes,Thraupidae,Thraupinae,Paroaria,Paroaria coronata,Monotypic.,,H,I,,,
Paroaria capitata,1673,species,Yellow-billed Cardinal,Paroare à bec jaune,Passeriformes,Thraupidae,Thraupinae,Paroaria,Paroaria capitata,,,H,I,,,
Ixothraupis guttata,13851,species,Speckled Tanager,Calliste tiqueté,Passeriformes,Thraupidae,Thraupinae,Ixothraupis,Ixothraupis guttata,Formerly placed in the genus Tangara.,,,,,,
Poecilostreptus palmeri,13871,species,Gray-and-gold Tanager,Calliste or-gris,Passeriformes,Thraupidae,Thraupinae,Poecilostreptus,Poecilostreptus palmeri,Formerly placed in the genus Tangara. Monotypic.,,,,,,
Poecilostreptus cabanisi,13881,species,Azure-rumped Tanager,Calliste azuré,Passeriformes,Thraupidae,Thraupinae,Poecilostreptus,Poecilostreptus cabanisi,Formerly placed in the genus Tangara. Monotypic.,,,,,,
Thraupis episcopus,1638,species,Blue-gray Tanager,Tangara évêque,Passeriformes,Thraupidae,Thraupinae,Thraupis,Thraupis episcopus,,,,,,,
Thraupis abbas,1639,species,Yellow-winged Tanager,Tangara à miroir jaune,Passeriformes,Thraupidae,Thraupinae,Thraupis,Thraupis abbas,Monotypic.,,,,,,
Thraupis palmarum,1640,species,Palm Tanager,Tangara des palmiers,Passeriformes,Thraupidae,Thraupinae,Thraupis,Thraupis palmarum,,,,,,,
Stilpnia larvata,13901,species,Golden-hooded Tanager,Calliste à coiffe d’or,Passeriformes,Thraupidae,Thraupinae,Stilpnia,Stilpnia larvata,Formerly placed in the genus Tangara.,,,,,,
Stilpnia cucullata,13911,species,Lesser Antillean Tanager,Calliste dos-bleu,Passeriformes,Thraupidae,Thraupinae,Stilpnia,Stilpnia cucullata,Formerly placed in the genus Tangara.,,,,,,
Tangara fucosa,1932,species,Green-naped Tanager,Calliste à nuque verte,Passeriformes,Thraupidae,Thraupinae,Tangara,Tangara fucosa,Monotypic.,,,,,,
Tangara dowii,1933,species,Spangle-cheeked Tanager,Calliste pailleté,Passeriformes,Thraupidae,Thraupinae,Tangara,Tangara dowii,Monotypic.,,,,,,
Tangara inornata,1642,species,Plain-colored Tanager,Calliste gris,Passeriformes,Thraupidae,Thraupinae,Tangara,Tangara inornata,,,,,,,
Tangara lavinia,1648,species,Rufous-winged Tanager,Calliste à ailes rousses,Passeriformes,Thraupidae,Thraupinae,Tangara,Tangara lavinia,,,,,,,
Tangara gyrola,2035,species,Bay-headed Tanager,Calliste rouverdin,Passeriformes,Thraupidae,Thraupinae,Tangara,Tangara gyrola,,,,,,,
Tangara florida,1644,species,Emerald Tanager,Calliste émeraude,Passeriformes,Thraupidae,Thraupinae,Tangara,Tangara florida,,,,,,,
Tangara icterocephala,1645,species,Silver-throated Tanager,Calliste safran,Passeriformes,Thraupidae,Thraupinae,Tangara,Tangara icterocephala,,,,,,,
Conirostrum leucogenys,1622,species,White-eared Conebill,Conirostre oreillard,Passeriformes,Thraupidae,Diglossinae,Conirostrum,Conirostrum leucogenys,,,,,,,
Sicalis flaveola,1669,species,Saffron Finch,Sicale bouton-d'or,Passeriformes,Thraupidae,Diglossinae,Sicalis,Sicalis flaveola,,,,I,,,
Sicalis luteola,1670,species,Grassland Yellow-Finch,Sicale des savanes,Passeriformes,Thraupidae,Diglossinae,Sicalis,Sicalis luteola,,,,,,,
Haplospiza rustica,1666,species,Slaty Finch,Haplospize ardoisé,Passeriformes,Thraupidae,Diglossinae,Haplospiza,Haplospiza rustica,,,,,,,
Acanthidops bairdi,1976,species,Peg-billed Finch,Bec-en-cheville gris,Passeriformes,Thraupidae,Diglossinae,Acanthidops,Acanthidops bairdi,Monotypic.,,,,,,
Diglossa baritula,1667,species,Cinnamon-bellied Flowerpiercer,Percefleur cannelle,Passeriformes,Thraupidae,Diglossinae,Diglossa,Diglossa baritula,,,,,,,
Diglossa plumbea,1668,species,Slaty Flowerpiercer,Percefleur ardoisé,Passeriformes,Thraupidae,Diglossinae,Diglossa,Diglossa plumbea,,,,,,,
Chlorophanes spiza,1652,species,Green Honeycreeper,Tangara émeraude,Passeriformes,Thraupidae,Hemithraupinae,Chlorophanes,Chlorophanes spiza,,,,,,,
Chrysothlypis chrysomelas,1624,species,Black-and-yellow Tanager,Tangara loriot,Passeriformes,Thraupidae,Hemithraupinae,Chrysothlypis,Chrysothlypis chrysomelas,,,,,,,
Heterospingus rubrifrons,1628,species,Sulphur-rumped Tanager,Tangara à croupion jaune,Passeriformes,Thraupidae,Hemithraupinae,Heterospingus,Heterospingus rubrifrons,Monotypic.,,,,,,
Heterospingus xanthopygius,1629,species,Scarlet-browed Tanager,Tangara à sourcils roux,Passeriformes,Thraupidae,Hemithraupinae,Heterospingus,Heterospingus xanthopygius,,,,,,,
Hemithraupis flavicollis,1623,species,Yellow-backed Tanager,Tangara à dos jaune,Passeriformes,Thraupidae,Hemithraupinae,Hemithraupis,Hemithraupis flavicollis,,,,,,,
Volatinia jacarina,1657,species,Blue-black Grassquit,Jacarini noir,Passeriformes,Thraupidae,Tachyphoninae,Volatinia,Volatinia jacarina,,,,,,,
Eucometis penicillata,1625,species,Gray-headed Tanager,Tangara à tête grise,Passeriformes,Thraupidae,Tachyphoninae,Eucometis,Eucometis penicillata,,,,,,,
Loriotus luctuosus,14531,species,White-shouldered Tanager,Tangara à épaulettes blanches,Passeriformes,Thraupidae,Tachyphoninae,Loriotus,Loriotus luctuosus,Formerly placed in the genus Tachyphonus.,,,,,,
Tachyphonus delatrii,1631,species,Tawny-crested Tanager,Tangara de Delattre,Passeriformes,Thraupidae,Tachyphoninae,Tachyphonus,Tachyphonus delatrii,Monotypic.,,,,,,
Tachyphonus rufus,1632,species,White-lined Tanager,Tangara à galons blancs,Passeriformes,Thraupidae,Tachyphoninae,Tachyphonus,Tachyphonus rufus,Monotypic.,,,,,,
Lanio aurantius,1626,species,Black-throated Shrike-Tanager,Tangara à gorge noire,Passeriformes,Thraupidae,Tachyphoninae,Lanio,Lanio aurantius,Monotypic.,,,,,,
Lanio leucothorax,1627,species,White-throated Shrike-Tanager,Tangara à gorge blanche,Passeriformes,Thraupidae,Tachyphoninae,Lanio,Lanio leucothorax,,,,,,,
Ramphocelus sanguinolentus,1633,species,Crimson-collared Tanager,Tangara ceinturé,Passeriformes,Thraupidae,Tachyphoninae,Ramphocelus,Ramphocelus sanguinolentus,,,,,,,
Ramphocelus flammigerus,1637,species,Flame-rumped Tanager,Tangara flamboyant,Passeriformes,Thraupidae,Tachyphoninae,Ramphocelus,Ramphocelus flammigerus,,,,,,,
Ramphocelus passerinii,1635,species,Scarlet-rumped Tanager,Tangara à croupion rouge,Passeriformes,Thraupidae,Tachyphoninae,Ramphocelus,Ramphocelus passerinii,,,,,,,
Ramphocelus dimidiatus,1634,species,Crimson-backed Tanager,Tangara à dos rouge,Passeriformes,Thraupidae,Tachyphoninae,Ramphocelus,Ramphocelus dimidiatus,,,,,,,
Tersina viridis,1656,species,Swallow Tanager,Tersine hirondelle,Passeriformes,Thraupidae,Dacninae,Tersina,Tersina viridis,,,,,,,
Cyanerpes lucidus,1653,species,Shining Honeycreeper,Guit-guit brillant,Passeriformes,Thraupidae,Dacninae,Cyanerpes,Cyanerpes lucidus,,,,,,,
Cyanerpes caeruleus,1654,species,Purple Honeycreeper,Guit-guit céruléen,Passeriformes,Thraupidae,Dacninae,Cyanerpes,Cyanerpes caeruleus,,,,,,,
Cyanerpes cyaneus,1655,species,Red-legged Honeycreeper,Guit-guit saï,Passeriformes,Thraupidae,Dacninae,Cyanerpes,Cyanerpes cyaneus,,,,,,,
Dacnis venusta,1649,species,Scarlet-thighed Dacnis,Dacnis à cuisses rouges,Passeriformes,Thraupidae,Dacninae,Dacnis,Dacnis venusta,,,,,,,
Dacnis cayana,1650,species,Blue Dacnis,Dacnis bleu,Passeriformes,Thraupidae,Dacninae,Dacnis,Dacnis cayana,,,,,,,
Dacnis viguieri,1651,species,Viridian Dacnis,Dacnis vert,Passeriformes,Thraupidae,Dacninae,Dacnis,Dacnis viguieri,Monotypic.,,,,,,
Coereba flaveola,1999,species,Bananaquit,Sucrier à ventre jaune,Passeriformes,Thraupidae,Coerebinae,Coereba,Coereba flaveola,,,,,,,
Tiaris olivaceus,1966,species,Yellow-faced Grassquit,Tiaris grand-chanteur,Passeriformes,Thraupidae,Coerebinae,Tiaris,Tiaris olivaceus,,,,,,,
Euneornis campestris,1973,species,Orangequit,Pique-orange de Jamaïque,Passeriformes,Thraupidae,Coerebinae,Euneornis,Euneornis campestris,Monotypic.,,,,,,
Melopyrrha portoricensis,13151,species,Puerto Rican Bullfinch,Pèrenoir de Porto Rico,Passeriformes,Thraupidae,Coerebinae,Melopyrrha,Melopyrrha portoricensis,Monotypic. Formerly included in the genus Loxigilla and considered conspecific with Melopyrrha grandis.,,,,,,
Melopyrrha grandis,14921,species,St. Kitts Bullfinch,Pèrenoir de Saint-Kitts,Passeriformes,Thraupidae,Coerebinae,Melopyrrha,Melopyrrha grandis,Monotypic. Formerly considered conspecific with Melopyrrha portoricensis.,,,,,†,
Melopyrrha nigra,1965,species,Cuban Bullfinch,Pèrenoir négrito,Passeriformes,Thraupidae,Coerebinae,Melopyrrha,Melopyrrha nigra,,,,,,,
Melopyrrha taylori,15068,species,Grand Cayman Bullfinch,Pèrenoir de Grande Caïman,Passeriformes,Thraupidae,Coerebinae,Melopyrrha,Melopyrrha taylori,Formerly considered conspecific with Melopyrrha nigra.,,,,,,
Melopyrrha violacea,13161,species,Greater Antillean Bullfinch,Pèrenoir petit-coq,Passeriformes,Thraupidae,Coerebinae,Melopyrrha,Melopyrrha violacea,Formerly included in the genus Loxigilla.,,,,,,
Loxipasser anoxanthus,1968,species,Yellow-shouldered Grassquit,Pèrenoir mantelé,Passeriformes,Thraupidae,Coerebinae,Loxipasser,Loxipasser anoxanthus,Monotypic.,,,,,,
Phonipara canora,13931,species,Cuban Grassquit,Petit-chanteur de Cuba,Passeriformes,Thraupidae,Coerebinae,Phonipara,Phonipara canora,Formerly placed in the genus Tiaris. Monotypic.,,,,,,
Loxigilla noctis,1971,species,Lesser Antillean Bullfinch,Pèrenoir rougegorge,Passeriformes,Thraupidae,Coerebinae,Loxigilla,Loxigilla noctis,,,,,,,
Loxigilla barbadensis,1972,species,Barbados Bullfinch,Pèrenoir de Barbade,Passeriformes,Thraupidae,Coerebinae,Loxigilla,Loxigilla barbadensis,Monotypic.,,,,,,
Melanospiza bicolor,13941,species,Black-faced Grassquit,Cici verdinère,Passeriformes,Thraupidae,Coerebinae,Melanospiza,Melanospiza bicolor,Formerly placed in the genus Tiaris.,,,,,,
Melanospiza richardsoni,1974,species,St. Lucia Black Finch,Moisson pied-blanc,Passeriformes,Thraupidae,Coerebinae,Melanospiza,Melanospiza richardsoni,Monotypic.,,,,,,
Pinaroloxias inornata,1975,species,Cocos Finch,Spizin de Cocos,Passeriformes,Thraupidae,Coerebinae,Pinaroloxias,Pinaroloxias inornata,Monotypic.,,,,,,
Sporophila bouvronides,15069,species,Lesson's Seedeater,Sporophile faux-bouvron,Passeriformes,Thraupidae,Sporophilinae,Sporophila,Sporophila bouvronides,,A,,,,,
Sporophila lineola,11071,species,Lined Seedeater,Sporophile bouveron,Passeriformes,Thraupidae,Sporophilinae,Sporophila,Sporophila lineola,,A,,,,,
Sporophila funerea,1664,species,Thick-billed Seed-Finch,Sporophile à bec fort,Passeriformes,Thraupidae,Sporophilinae,Sporophila,Sporophila funerea,Formerly placed in the genus Oryzoborus.,,,,,,
Sporophila crassirostris,2077,species,Large-billed Seed-Finch,Sporophile crassirostre,Passeriformes,Thraupidae,Sporophilinae,Sporophila,Sporophila crassirostris,Formerly placed in the genus Oryzoborus.,,,,,,
Sporophila nuttingi,1663,species,Nicaraguan Seed-Finch,Sporophile de Nutting,Passeriformes,Thraupidae,Sporophilinae,Sporophila,Sporophila nuttingi,Monotypic. Formerly placed in the genus Oryzoborus.,,,,,,
Sporophila corvina,11081,species,Variable Seedeater,Sporophile variable,Passeriformes,Thraupidae,Sporophilinae,Sporophila,Sporophila corvina,Formerly considered conspecific with Sporophila americana.,,,,,,
Sporophila schistacea,1658,species,Slate-colored Seedeater,Sporophile ardoisé,Passeriformes,Thraupidae,Sporophilinae,Sporophila,Sporophila schistacea,,,,,,,
Sporophila torqueola,1660,species,Cinnamon-rumped Seedeater,Sporophile à col blanc,Passeriformes,Thraupidae,Sporophilinae,Sporophila,Sporophila torqueola,,,,,,,
Sporophila morelleti,13321,species,Morelet's Seedeater,Sporophile de Morelet,Passeriformes,Thraupidae,Sporophilinae,Sporophila,Sporophila morelleti,Formerly considered conspecific with Sporophila torqueola.,,,,,,
Sporophila nigricollis,1661,species,Yellow-bellied Seedeater,Sporophile à ventre jaune,Passeriformes,Thraupidae,Sporophilinae,Sporophila,Sporophila nigricollis,,,,,,,
Sporophila minuta,1662,species,Ruddy-breasted Seedeater,Sporophile petit-louis,Passeriformes,Thraupidae,Sporophilinae,Sporophila,Sporophila minuta,,,,,,,
Emberizoides herbicola,1671,species,Wedge-tailed Grass-Finch,Grand Tardivole,Passeriformes,Thraupidae,Emberizoidinae,Emberizoides,Emberizoides herbicola,,,,,,,
Saltator atriceps,1750,species,Black-headed Saltator,Saltator à tête noire,Passeriformes,Thraupidae,Saltatorinae,Saltator,Saltator atriceps,,,,,,,
Saltator maximus,1749,species,Buff-throated Saltator,Saltator des grands-bois,Passeriformes,Thraupidae,Saltatorinae,Saltator,Saltator maximus,,,,,,,
Saltator grossus,1751,species,Slate-colored Grosbeak,Saltator ardoisé,Passeriformes,Thraupidae,Saltatorinae,Saltator,Saltator grossus,,,,,,,
Saltator albicollis,1746,species,Lesser Antillean Saltator,Saltator gros-bec,Passeriformes,Thraupidae,Saltatorinae,Saltator,Saltator albicollis,,,,,,,
Saltator grandis,15037,species,Cinnamon-bellied Saltator,Saltator du Mexique,Passeriformes,Thraupidae,Saltatorinae,Saltator,Saltator grandis,Formerly considered conspecific with Saltator coerulescens and S. olivascens.,,,,,,
Saltator striatipectus,1747,species,Streaked Saltator,Saltator strié,Passeriformes,Thraupidae,Saltatorinae,Saltator,Saltator striatipectus,,,,,,,
