AC_ID,TAXONOMIC_ORDER,TAXONOMIC_FAMILY,TAXONOMIC_SUBFAMILY,TAXONOMIC_GENUS,TAXONOMIC_SPECIES,SCIENTIFIC_NAME,ENGLISH_NAME,TAXONOMIC_ORDER2,MBTA,BCC,FedStatus
Acanthis flammea,PASSERIFORMES,FRINGILLIDAE,CARDUELINAE,Acanthis,flammea,Acanthis flammea,Common Redpoll,923,1,0,
Acanthis hornemanni,PASSERIFORMES,FRINGILLIDAE,CARDUELINAE,Acanthis,hornemanni,Acanthis hornemanni,Hoary Redpoll,924,1,0,
Accipiter cooperii,ACCIPITRIFORMES,ACCIPITRIDAE,ACCIPITRINAE,Accipiter,cooperii,Accipiter cooperii,Cooper's Hawk,521,1,0,
Accipiter gentilis,ACCIPITRIFORMES,ACCIPITRIDAE,ACCIPITRINAE,Accipiter,gentilis,Accipiter gentilis,Northern Goshawk,522,1,0,
Accipiter gularis,ACCIPITRIFORMES,ACCIPITRIDAE,ACCIPITRINAE,Accipiter,gularis,Accipiter gularis,Japanese Sparrowhawk,519,1,0,
Accipiter soloensis,ACCIPITRIFORMES,ACCIPITRIDAE,ACCIPITRINAE,Accipiter,soloensis,Accipiter soloensis,Chinese Sparrowhawk,518,1,0,
Accipiter striatus,ACCIPITRIFORMES,ACCIPITRIDAE,ACCIPITRINAE,Accipiter,striatus,Accipiter striatus,Sharp-shinned Hawk,520,1,0,
Acrocephalus dumetorum,PASSERIFORMES,ACROCEPHALIDAE,,Acrocephalus,dumetorum,Acrocephalus dumetorum,Blyth's Reed Warbler,741,1,0,
Acrocephalus familiaris,PASSERIFORMES,ACROCEPHALIDAE,,Acrocephalus,familiaris,Acrocephalus familiaris,Millerbird,739,1,0,
Acrocephalus hiwae,PASSERIFORMES,ACROCEPHALIDAE,,Acrocephalus,hiwae,Acrocephalus hiwae,Saipan Reed warbler,736,1,0,
Acrocephalus luscinius,PASSERIFORMES,ACROCEPHALIDAE,,Acrocephalus,luscinius,Acrocephalus luscinius,Nightingale Reed Warbler,735,1,0,
Acrocephalus nijoi,PASSERIFORMES,ACROCEPHALIDAE,,Acrocephalus,nijoi,Acrocephalus nijoi,Aguiguan Reed Warbler,737,1,0,
Acrocephalus schoenobaenus,PASSERIFORMES,ACROCEPHALIDAE,,Acrocephalus,schoenobaenus,Acrocephalus schoenobaenus,Sedge Warbler,740,1,0,
Acrocephalus yamashinae,PASSERIFORMES,ACROCEPHALIDAE,,Acrocephalus,yamashinae,Acrocephalus yamashinae,Pagan Reed Warbler,738,1,0,
Actitis hypoleucos,CHARADRIIFORMES,SCOLOPACIDAE,TRINGINAE,Actitis,hypoleucos,Actitis hypoleucos,Common Sandpiper,271,1,0,
Actitis macularius,CHARADRIIFORMES,SCOLOPACIDAE,TRINGINAE,Actitis,macularius,Actitis macularius,Spotted Sandpiper,272,1,0,
Aechmophorus clarkii,PODICIPEDIFORMES,PODICIPEDIDAE,,Aechmophorus,clarkii,Aechmophorus clarkii,Clark's Grebe,77,1,1,
Aechmophorus occidentalis,PODICIPEDIFORMES,PODICIPEDIDAE,,Aechmophorus,occidentalis,Aechmophorus occidentalis,Western Grebe,76,1,1,
Aegolius acadicus,STRIGIFORMES,STRIGIDAE,,Aegolius,acadicus,Aegolius acadicus,Northern Saw-whet Owl,569,1,0,
Aegolius funereus,STRIGIFORMES,STRIGIDAE,,Aegolius,funereus,Aegolius funereus,Boreal Owl,568,1,0,
Aerodramus bartschi,APODIFORMES,APODIDAE,CHAETURINAE,Aerodramus,bartschi,Aerodramus bartschi,Mariana Swiftlet,132,1,0,
Aerodramus spodiopygius,APODIFORMES,APODIDAE,CHAETURINAE,Aerodramus,spodiopygius,Aerodramus spodiopygius,White-rumped Swiftlet,131,1,0,
Aeronautes saxatalis,APODIFORMES,APODIDAE,APODINAE,Aeronautes,saxatalis,Aeronautes saxatalis,White-throated Swift,136,1,0,
Aethia cristatella,CHARADRIIFORMES,ALCIDAE,,Aethia,cristatella,Aethia cristatella,Crested Auklet,311,1,0,
Aethia psittacula,CHARADRIIFORMES,ALCIDAE,,Aethia,psittacula,Aethia psittacula,Parakeet Auklet,308,1,0,
Aethia pusilla,CHARADRIIFORMES,ALCIDAE,,Aethia,pusilla,Aethia pusilla,Least Auklet,309,1,0,
Aethia pygmaea,CHARADRIIFORMES,ALCIDAE,,Aethia,pygmaea,Aethia pygmaea,Whiskered Auklet,310,1,0,
Agelaius humeralis,PASSERIFORMES,ICTERIDAE,AGELAIINAE,Agelaius,humeralis,Agelaius humeralis,Tawny-shouldered Blackbird,1014,1,0,
Agelaius phoeniceus,PASSERIFORMES,ICTERIDAE,AGELAIINAE,Agelaius,phoeniceus,Agelaius phoeniceus,Red-winged Blackbird,1012,1,0,
Agelaius tricolor,PASSERIFORMES,ICTERIDAE,AGELAIINAE,Agelaius,tricolor,Agelaius tricolor,Tricolored Blackbird,1013,1,0,
Agelaius xanthomus,PASSERIFORMES,ICTERIDAE,AGELAIINAE,Agelaius,xanthomus,Agelaius xanthomus,Yellow-shouldered Blackbird,1015,1,0,
Agropsar philippensis,PASSERIFORMES,STURNIDAE,,Agropsar,philippensis,Agropsar philippensis,Chestnut-cheeked Starling,814,1,0,
Aimophila ruficeps,PASSERIFORMES,PASSERELLIDAE,,Aimophila,ruficeps,Aimophila ruficeps,Rufous-crowned Sparrow,988,1,0,
Aix sponsa,ANSERIFORMES,ANATIDAE,ANATINAE,Aix,sponsa,Aix sponsa,Wood Duck,21,1,0,
Akialoa ellisiana,PASSERIFORMES,FRINGILLIDAE,CARDUELINAE,Akialoa,ellisiana,Akialoa ellisiana,Oʻahu ʻAkialoa,902,1,0,
Akialoa lanaiensis,PASSERIFORMES,FRINGILLIDAE,CARDUELINAE,Akialoa,lanaiensis,Akialoa lanaiensis,Maui Nui 'Akialoa,903,1,0,
Akialoa stejnegeri,PASSERIFORMES,FRINGILLIDAE,CARDUELINAE,Akialoa,stejnegeri,Akialoa stejnegeri,Kauai ʻAkialoa,901,1,0,
Alauda arvensis,PASSERIFORMES,ALAUDIDAE,,Alauda,arvensis,Alauda arvensis,Eurasian Skylark,732,1,0,
Alca torda,CHARADRIIFORMES,ALCIDAE,,Alca,torda,Alca torda,Razorbill,297,1,0,
Alcedo atthis,CORACIIFORMES,ALCEDINIDAE,ALCEDININAE,Alcedo,atthis,Alcedo atthis,Common Kingfisher,574,1,0,
Alle alle,CHARADRIIFORMES,ALCIDAE,,Alle,alle,Alle alle,Dovekie,294,1,0,
Alopecoenas stairi,COLUMBIFORMES,COLUMBIDAE,,Alopecoenas,stairi,Alopecoenas stairi,Shy Ground Dove,84,1,0,
Alopecoenas xanthonurus,COLUMBIFORMES,COLUMBIDAE,,Alopecoenas,xanthonurus,Alopecoenas xanthonurus,White-throated Ground Dove,85,1,0,
Amazilia rutila,APODIFORMES,TROCHILIDAE,TROCHILINAE,Amazilia,rutila,Amazilia rutila,Cinnamon Hummingbird,167,1,0,
Amazilia yucatanensis,APODIFORMES,TROCHILIDAE,TROCHILINAE,Amazilia,yucatanensis,Amazilia yucatanensis,Buff-bellied Hummingbird,168,1,0,
Ammodramus savannarum,PASSERIFORMES,PASSERELLIDAE,,Ammodramus,savannarum,Ammodramus savannarum,Grasshopper Sparrow,952,1,0,E (in part)
Ammospiza caudacuta,PASSERIFORMES,PASSERELLIDAE,,Ammospiza,caudacuta,Ammospiza caudacuta,Saltmarsh Sparrow,978,1,0,
Ammospiza leconteii,PASSERIFORMES,PASSERELLIDAE,,Ammospiza,leconteii,Ammospiza leconteii,LeConte's Sparrow,975,1,0,
Ammospiza maritima,PASSERIFORMES,PASSERELLIDAE,,Ammospiza,maritima,Ammospiza maritima,Seaside Sparrow,976,1,0,
Ammospiza nelsoni,PASSERIFORMES,PASSERELLIDAE,,Ammospiza,nelsoni,Ammospiza nelsoni,Nelson's Sparrow,977,1,0,
Amphispiza bilineata,PASSERIFORMES,PASSERELLIDAE,,Amphispiza,bilineata,Amphispiza bilineata,Black-throated Sparrow,955,1,0,
Amphispizopsis quinquestriata,PASSERIFORMES,PASSERELLIDAE,,Amphispizopsis,quinquestriata,Amphispizopsis quinquestriata,Five-striped Sparrow,954,1,0,
Anas acuta,ANSERIFORMES,ANATIDAE,ANATINAE,Anas,acuta,Anas acuta,Northern Pintail,40,1,0,
Anas bahamensis,ANSERIFORMES,ANATIDAE,ANATINAE,Anas,bahamensis,Anas bahamensis,White-cheeked Pintail,39,1,0,
Anas crecca,ANSERIFORMES,ANATIDAE,ANATINAE,Anas,crecca,Anas crecca,Green-winged Teal,41,1,0,
Anas diazi,ANSERIFORMES,ANATIDAE,ANATINAE,Anas,diazi,Anas diazi,Mexican Duck,35,1,0,
Anas fulvigula,ANSERIFORMES,ANATIDAE,ANATINAE,Anas,fulvigula,Anas fulvigula,Mottled Duck,37,1,0,
Anas laysanensis,ANSERIFORMES,ANATIDAE,ANATINAE,Anas,laysanensis,Anas laysanensis,Laysan Duck,31,1,0,
Anas platyrhynchos,ANSERIFORMES,ANATIDAE,ANATINAE,Anas,platyrhynchos,Anas platyrhynchos,Mallard,34,1,0,
Anas rubripes,ANSERIFORMES,ANATIDAE,ANATINAE,Anas,rubripes,Anas rubripes,American Black Duck,36,1,0,
Anas superciliosa,ANSERIFORMES,ANATIDAE,ANATINAE,Anas,superciliosa,Anas superciliosa,Pacific Black Duck,38,1,0,
Anas wyvilliana,ANSERIFORMES,ANATIDAE,ANATINAE,Anas,wyvilliana,Anas wyvilliana,Hawaiian Duck,32,1,0,
Anas zonorhyncha,ANSERIFORMES,ANATIDAE,ANATINAE,Anas,zonorhyncha,Anas zonorhyncha,Eastern Spot-billed Duck,33,1,0,
Anhinga anhinga,SULIFORMES,ANHINGIDAE,,Anhinga,anhinga,Anhinga anhinga,Anhinga,466,1,0,
Anous ceruleus,CHARADRIIFORMES,LARIDAE,STERNINAE,Anous,ceruleus,Anous ceruleus,Blue-gray Noddy,349,1,0,
Anous minutus,CHARADRIIFORMES,LARIDAE,STERNINAE,Anous,minutus,Anous minutus,Black Noddy,348,1,0,
Anous stolidus,CHARADRIIFORMES,LARIDAE,STERNINAE,Anous,stolidus,Anous stolidus,Brown Noddy,347,1,0,
Anser albifrons,ANSERIFORMES,ANATIDAE,ANSERINAE,Anser,albifrons,Anser albifrons,Greater White-fronted Goose,7,1,0,
Anser brachyrhynchus,ANSERIFORMES,ANATIDAE,ANSERINAE,Anser,brachyrhynchus,Anser brachyrhynchus,Pink-footed Goose,11,1,0,
Anser caerulescens,ANSERIFORMES,ANATIDAE,ANSERINAE,Anser,caerulescens,Anser caerulescens,Snow Goose,5,1,0,
Anser canagicus,ANSERIFORMES,ANATIDAE,ANSERINAE,Anser,canagicus,Anser canagicus,Emperor Goose,4,1,0,
Anser erythropus,ANSERIFORMES,ANATIDAE,ANSERINAE,Anser,erythropus,Anser erythropus,Lesser White-fronted Goose,8,1,0,
Anser fabalis,ANSERIFORMES,ANATIDAE,ANSERINAE,Anser,fabalis,Anser fabalis,Taiga Bean-Goose,9,1,0,
Anser rossii,ANSERIFORMES,ANATIDAE,ANSERINAE,Anser,rossii,Anser rossii,Ross's Goose,6,1,0,
Anser serrirostris,ANSERIFORMES,ANATIDAE,ANSERINAE,Anser,serrirostris,Anser serrirostris,Tundra Bean-Goose,10,1,0,
Anthracothorax aurulentus,APODIFORMES,TROCHILIDAE,TROCHILINAE,Anthracothorax,aurulentus,Anthracothorax aurulentus,Puerto Rican Mango,140,1,0,
Anthracothorax prevostii,APODIFORMES,TROCHILIDAE,TROCHILINAE,Anthracothorax,prevostii,Anthracothorax prevostii,Green-breasted Mango,139,1,0,
Anthracothorax viridis,APODIFORMES,TROCHILIDAE,TROCHILINAE,Anthracothorax,viridis,Anthracothorax viridis,Green Mango,141,1,0,
Anthus cervinus,PASSERIFORMES,MOTACILLIDAE,,Anthus,cervinus,Anthus cervinus,Red-throated Pipit,873,1,0,
Anthus gustavi,PASSERIFORMES,MOTACILLIDAE,,Anthus,gustavi,Anthus gustavi,Pechora Pipit,872,1,0,
Anthus hodgsoni,PASSERIFORMES,MOTACILLIDAE,,Anthus,hodgsoni,Anthus hodgsoni,Olive-backed Pipit,871,1,0,
Anthus rubescens,PASSERIFORMES,MOTACILLIDAE,,Anthus,rubescens,Anthus rubescens,American Pipit,874,1,0,
Anthus spragueii,PASSERIFORMES,MOTACILLIDAE,,Anthus,spragueii,Anthus spragueii,Sprague's Pipit,875,1,1,
Anthus trivialis,PASSERIFORMES,MOTACILLIDAE,,Anthus,trivialis,Anthus trivialis,Tree Pipit,870,1,0,
Antigone canadensis,GRUIFORMES,GRUIDAE,GRUINAE,Antigone,canadensis,Antigone canadensis,Sandhill Crane,193,1,0,
Antrostomus arizonae,CAPRIMULGIFORMES,CAPRIMULGIDAE,CAPRIMULGINAE,Antrostomas,arizonae,Antrostomus arizonae,Mexican Whip-poor-will,121,1,1,
Antrostomus carolinensis,CAPRIMULGIFORMES,CAPRIMULGIDAE,CAPRIMULGINAE,Antrostomas,carolinensis,Antrostomus carolinensis,Chuck-will's-widow,118,1,0,
Antrostomus noctitherus,CAPRIMULGIFORMES,CAPRIMULGIDAE,CAPRIMULGINAE,Antrostomas,noctitherus,Antrostomus noctitherus,Puerto Rican Nightjar,122,1,0,
Antrostomus ridgwayi,CAPRIMULGIFORMES,CAPRIMULGIDAE,CAPRIMULGINAE,Antrostomas,ridgwayi,Antrostomus ridgwayi,Buff-collared Nightjar,119,1,0,
Antrostomus vociferus,CAPRIMULGIFORMES,CAPRIMULGIDAE,CAPRIMULGINAE,Antrostomas,vociferus,Antrostomus vociferus,Eastern Whip-poor-will,120,1,1,
Aphelocoma californica,PASSERIFORMES,CORVIDAE,,Aphelocoma,californica,Aphelocoma californica,California Scrub-Jay,704,1,0,
Aphelocoma coerulescens,PASSERIFORMES,CORVIDAE,,Aphelocoma,coerulescens,Aphelocoma coerulescens,Florida Scrub-Jay,702,1,0,
Aphelocoma insularis,PASSERIFORMES,CORVIDAE,,Aphelocoma,insularis,Aphelocoma insularis,Island Scrub-Jay,703,1,0,
Aphelocoma wollweberi,PASSERIFORMES,CORVIDAE,,Aphelocoma,wollweberi,Aphelocoma wollweberi,Mexican Jay,706,1,0,
Aphelocoma woodhouseii,PASSERIFORMES,CORVIDAE,,Aphelocoma,woodhouseii,Aphelocoma woodhouseii,Woodhouse's Scrub-Jay,705,1,0,
Apus apus,APODIFORMES,APODIDAE,APODINAE,Apus,apus,Apus apus,Common Swift,133,1,0,
Apus melba,APODIFORMES,APODIDAE,APODINAE,Apus,melba,Apus melba,Alpine Swift,135,1,0,
Apus pacificus,APODIFORMES,APODIDAE,APODINAE,Apus,pacificus,Apus pacificus,Fork-tailed Swift,134,1,0,
Aquila chrysaetos,ACCIPITRIFORMES,ACCIPITRIDAE,ACCIPITRINAE,Aquila,chrysaetos,Aquila chrysaetos,Golden Eagle,514,1,0,
Aramides axillaris,GRUIFORMES,RALLIDAE,,Aramides,axillaris,Aramides axillaris,Rufous-necked Wood-Rail,173,1,0,
Aramus guarauna,GRUIFORMES,ARAMIDAE,,Aramus,guarauna,Aramus guarauna,Limpkin,192,1,0,
Archilochus alexandri,APODIFORMES,TROCHILIDAE,TROCHILINAE,Archilochus,alexandri,Archilochus alexandri,Black-chinned Hummingbird,150,1,0,
Archilochus colubris,APODIFORMES,TROCHILIDAE,TROCHILINAE,Archilochus,colubris,Archilochus colubris,Ruby-throated Hummingbird,149,1,0,
Ardea alba,PELECANIFORMES,ARDEIDAE,,Ardea,alba,Ardea alba,Great Egret,484,1,0,
Ardea cinerea,PELECANIFORMES,ARDEIDAE,,Ardea,cinerea,Ardea cinerea,Gray Heron,483,1,0,
Ardea herodias,PELECANIFORMES,ARDEIDAE,,Ardea,herodias,Ardea herodias,Great Blue Heron,482,1,0,
Ardea intermedia,PELECANIFORMES,ARDEIDAE,,Ardea,intermedia,Ardea intermedia,Intermediate Egret,485,1,0,
Ardenna bulleri,PROCELLARIIFORMES,PROCELLARIIDAE,,Ardenna,bulleri,Ardenna bulleri,Buller's Shearwater,441,1,0,
Ardenna carneipes,PROCELLARIIFORMES,PROCELLARIIDAE,,Ardenna,carneipes,Ardenna carneipes,Flesh-footed Shearwater,446,1,0,
Ardenna creatopus,PROCELLARIIFORMES,PROCELLARIIDAE,,Ardenna,creatopus,Ardenna creatopus,Pink-footed Shearwater,445,1,0,
Ardenna gravis,PROCELLARIIFORMES,PROCELLARIIDAE,,Ardenna,gravis,Ardenna gravis,Great Shearwater,444,1,0,
Ardenna grisea,PROCELLARIIFORMES,PROCELLARIIDAE,,Ardenna,grisea,Ardenna grisea,Sooty Shearwater,443,1,0,
Ardenna pacifica,PROCELLARIIFORMES,PROCELLARIIDAE,,Ardenna,pacifica,Ardenna pacifica,Wedge-tailed Shearwater,440,1,0,
Ardenna tenuirostris,PROCELLARIIFORMES,PROCELLARIIDAE,,Ardenna,tenuirostris,Ardenna tenuirostris,Short-tailed Shearwater,442,1,0,
Ardeola bacchus,PELECANIFORMES,ARDEIDAE,,Ardeola,bacchus,Ardeola bacchus,Chinese Pond-Heron,495,1,0,
Arenaria interpres,CHARADRIIFORMES,SCOLOPACIDAE,ARENARIINAE,Arenaria,interpres,Arenaria interpres,Ruddy Turnstone,234,1,0,
Arenaria melanocephala,CHARADRIIFORMES,SCOLOPACIDAE,ARENARIINAE,Arenaria,melanocephala,Arenaria melanocephala,Black Turnstone,235,1,1,
Arremonops rufivirgatus,PASSERIFORMES,PASSERELLIDAE,,Arremonops,rufivirgatus,Arremonops rufivirgatus,Olive Sparrow,953,1,0,
Artemisiospiza belli,PASSERIFORMES,PASSERELLIDAE,,Artemisiospiza,belli,Artemisiospiza belli,Bell's Sparrow,973,1,0,T(in part)
Artemisiospiza nevadensis,PASSERIFORMES,PASSERELLIDAE,,Artemisiospiza,nevadensis,Artemisiospiza nevadensis,Sagebrush Sparrow,972,1,0,
Arundinax aedon ,PASSERIFORMES,ACROCEPHALIDAE,,Arundinax,aedon,Arundinax aedon ,Thick-billed Warbler,734,1,0,
Asio flammeus,STRIGIFORMES,STRIGIDAE,,Asio,flammeus,Asio flammeus,Short-eared Owl,567,1,1,
Asio otus,STRIGIFORMES,STRIGIDAE,,Asio,otus,Asio otus,Long-eared Owl,565,1,1,
Asio stygius,STRIGIFORMES,STRIGIDAE,,Asio,stygius,Asio stygius,Stygian Owl,566,1,0,
Athene cunicularia,STRIGIFORMES,STRIGIDAE,,Athene,cunicularia,Athene cunicularia,Burrowing Owl,560,1,0,
Auriparus flaviceps,PASSERIFORMES,REMIZIDAE,,Auriparus,flaviceps,Auriparus flaviceps,Verdin,719,1,0,
Aythya affinis,ANSERIFORMES,ANATIDAE,ANATINAE,Aythya,affinis,Aythya affinis,Lesser Scaup,49,1,0,
Aythya americana,ANSERIFORMES,ANATIDAE,ANATINAE,Aythya,americana,Aythya americana,Redhead,43,1,0,
Aythya baeri,ANSERIFORMES,ANATIDAE,ANATINAE,Aythya,baeri,Aythya baeri,Baer's Pochard,45,1,0,
Aythya collaris,ANSERIFORMES,ANATIDAE,ANATINAE,Aythya,collaris,Aythya collaris,Ring-necked Duck,46,1,0,
Aythya ferina,ANSERIFORMES,ANATIDAE,ANATINAE,Aythya,ferina,Aythya ferina,Common Pochard,44,1,0,
Aythya fuligula,ANSERIFORMES,ANATIDAE,ANATINAE,Aythya,fuligula,Aythya fuligula,Tufted Duck,47,1,0,
Aythya marila,ANSERIFORMES,ANATIDAE,ANATINAE,Aythya,marila,Aythya marila,Greater Scaup,48,1,0,
Aythya valisineria,ANSERIFORMES,ANATIDAE,ANATINAE,Aythya,valisineria,Aythya valisineria,Canvasback,42,1,0,
Baeolophus atricristatus,PASSERIFORMES,PARIDAE,,Baeolophus,atricristatus,Baeolophus atricristatus,Black-crested Titmouse,731,1,0,
Baeolophus bicolor,PASSERIFORMES,PARIDAE,,Baeolophus,bicolor,Baeolophus bicolor,Tufted Titmouse,730,1,0,
Baeolophus inornatus,PASSERIFORMES,PARIDAE,,Baeolophus,inornatus,Baeolophus inornatus,Oak Titmouse,728,1,0,
Baeolophus ridgwayi,PASSERIFORMES,PARIDAE,,Baeolophus,ridgwayi,Baeolophus ridgwayi,Juniper Titmouse,729,1,0,
Baeolophus wollweberi,PASSERIFORMES,PARIDAE,,Baeolophus,wollweberi,Baeolophus wollweberi,Bridled Titmouse,727,1,0,
Bartramia longicauda,CHARADRIIFORMES,SCOLOPACIDAE,NUMENIINAE,Bartramia,longicauda,Bartramia longicauda,Upland Sandpiper,222,1,0,
Basileuterus culicivorus,PASSERIFORMES,PARULIDAE,,Basileuterus,culicivorus,Basileuterus culicivorus,Golden-crowned Warbler,1077,1,0,
Basileuterus lachrymosus,PASSERIFORMES,PARULIDAE,,Basileuterus,lachrymosus,Basileuterus lachrymosus,Fan-tailed Warbler,1075,1,0,
Basileuterus rufifrons,PASSERIFORMES,PARULIDAE,,Basileuterus,rufifrons,Basileuterus rufifrons,Rufous-capped Warbler,1076,1,0,
Basilinna leucotis,APODIFORMES,TROCHILIDAE,TROCHILINAE,Basilinna,leucotis,Basilinna leucotis,White-eared Hummingbird,162,1,0,
Basilinna xantusii,APODIFORMES,TROCHILIDAE,TROCHILINAE,Basilinna,xantusii,Basilinna xantusii,Xantus's Hummingbird,163,1,0,
Bombycilla cedrorum,PASSERIFORMES,BOMBYCILLIDAE,,Bombycilla,cedrorum,Bombycilla cedrorum,Cedar Waxwing,777,1,0,
Bombycilla garrulus,PASSERIFORMES,BOMBYCILLIDAE,,Bombycilla,garrulus,Bombycilla garrulus,Bohemian Waxwing,776,1,0,
Botaurus lentiginosus,PELECANIFORMES,ARDEIDAE,,Botaurus,lentiginosus,Botaurus lentiginosus,American Bittern,476,1,0,
Brachyramphus brevirostris,CHARADRIIFORMES,ALCIDAE,,Brachyramphus,brevirostris,Brachyramphus brevirostris,Kittlitz's Murrelet,302,1,0,
Brachyramphus marmoratus,CHARADRIIFORMES,ALCIDAE,,Brachyramphus,marmoratus,Brachyramphus marmoratus,Marbled Murrelet,301,1,0,
Brachyramphus perdix,CHARADRIIFORMES,ALCIDAE,,Brachyramphus,perdix,Brachyramphus perdix,Long-billed Murrelet,300,1,0,
Branta bernicla,ANSERIFORMES,ANATIDAE,ANSERINAE,Branta,bernicla,Branta bernicla,Brant,12,1,0,
Branta canadensis,ANSERIFORMES,ANATIDAE,ANSERINAE,Branta,canadensis,Branta canadensis,Canada Goose,15,1,0,
Branta hutchinsii,ANSERIFORMES,ANATIDAE,ANSERINAE,Branta,hutchinsii,Branta hutchinsii,Cackling Goose,14,1,0,
Branta leucopsis,ANSERIFORMES,ANATIDAE,ANSERINAE,Branta,leucopsis,Branta leucopsis,Barnacle Goose,13,1,0,
Branta sandvicensis,ANSERIFORMES,ANATIDAE,ANSERINAE,Branta,sandvicensis,Branta sandvicensis,Hawaiian Goose,16,1,0,
Bubo scandiacus,STRIGIFORMES,STRIGIDAE,,Bubo,scandiacus,Bubo scandiacus,Snowy Owl,555,1,0,
Bubo virginianus,STRIGIFORMES,STRIGIDAE,,Bubo,virginianus,Bubo virginianus,Great Horned Owl,554,1,0,
Bubulcus ibis,PELECANIFORMES,ARDEIDAE,,Bubulcus,ibis,Bubulcus ibis,Cattle Egret,494,1,0,
Bucephala albeola,ANSERIFORMES,ANATIDAE,ANATINAE,Bucephala,albeola,Bucephala albeola,Bufflehead,61,1,0,
Bucephala clangula,ANSERIFORMES,ANATIDAE,ANATINAE,Bucephala,clangula,Bucephala clangula,Common Goldeneye,62,1,0,
Bucephala islandica,ANSERIFORMES,ANATIDAE,ANATINAE,Bucephala,islandica,Bucephala islandica,Barrow's Goldeneye,63,1,0,
Bulweria bulwerii,PROCELLARIIFORMES,PROCELLARIIDAE,,Bulweria,bulwerii,Bulweria bulwerii,Bulwer's Petrel,433,1,0,
Bulweria fallax,PROCELLARIIFORMES,PROCELLARIIDAE,,Bulweria,fallax,Bulweria fallax,Jouanin's Petrel,434,1,0,
Butastur indicus,ACCIPITRIFORMES,ACCIPITRIDAE,,Butastur,indicus,Butastur indicus,Gray-faced Buzzard,528,1,0,
Buteo albonotatus,ACCIPITRIFORMES,ACCIPITRIDAE,ACCIPITRINAE,Buteo,albonotatus,Buteo albonotatus,Zone-tailed Hawk,542,1,0,
Buteo brachyurus,ACCIPITRIFORMES,ACCIPITRIDAE,ACCIPITRINAE,Buteo,brachyurus,Buteo brachyurus,Short-tailed Hawk,540,1,0,
Buteo jamaicensis,ACCIPITRIFORMES,ACCIPITRIDAE,ACCIPITRINAE,Buteo,jamaicensis,Buteo jamaicensis,Red-tailed Hawk,543,1,0,
Buteo lagopus,ACCIPITRIFORMES,ACCIPITRIDAE,ACCIPITRINAE,Buteo,lagopus,Buteo lagopus,Rough-legged Hawk,544,1,0,
Buteo lineatus,ACCIPITRIFORMES,ACCIPITRIDAE,ACCIPITRINAE,Buteo,lineatus,Buteo lineatus,Red-shouldered Hawk,537,1,0,
Buteo plagiatus,ACCIPITRIFORMES,ACCIPITRIDAE,ACCIPITRINAE,Buteo,plagiatus,Buteo plagiatus,Gray Hawk,536,1,0,
Buteo platypterus,ACCIPITRIFORMES,ACCIPITRIDAE,ACCIPITRINAE,Buteo,platypterus,Buteo platypterus,Broad-winged Hawk,538,1,0,
Buteo regalis,ACCIPITRIFORMES,ACCIPITRIDAE,ACCIPITRINAE,Buteo,regalis,Buteo regalis,Ferruginous Hawk,545,1,0,
Buteo rufinus,ACCIPITRIFORMES,ACCIPITRIDAE,ACCIPITRINAE,Buteo,rufinus,Buteo rufinus,Long-legged Buzzard,546,1,0,
Buteo solitarius,ACCIPITRIFORMES,ACCIPITRIDAE,ACCIPITRINAE,Buteo,solitarius,Buteo solitarius,Hawaiian Hawk,539,1,0,
Buteo swainsoni,ACCIPITRIFORMES,ACCIPITRIDAE,ACCIPITRINAE,Buteo,swainsoni,Buteo swainsoni,Swainson's Hawk,541,1,0,
Buteogallus anthracinus,ACCIPITRIFORMES,ACCIPITRIDAE,ACCIPITRINAE,Buteogallus,anthracinus,Buteogallus anthracinus,Common Black Hawk,531,1,0,
Buteogallus urubitinga,ACCIPITRIFORMES,ACCIPITRIDAE,ACCIPITRINAE,Buteogallus,urubitinga,Buteogallus urubitinga,Great Black Hawk,532,1,0,
Butorides virescens,PELECANIFORMES,ARDEIDAE,,Butorides,virescens,Butorides virescens,Green Heron,496,1,0,
Cairina moschata,ANSERIFORMES,ANATIDAE,ANATINAE,Cairina,moschata,Cairina moschata,Muscovy Duck,20,1,0,
Calamospiza melanocorys,PASSERIFORMES,PASSERELLIDAE,,Calamospiza,melanocorys,Calamospiza melanocorys,Lark Bunting,957,1,0,
Calcarius lapponicus,PASSERIFORMES,CALCARIIDAE,,Calcarius,lapponicus,Calcarius lapponicus,Lapland Longspur,933,1,0,
Calcarius ornatus,PASSERIFORMES,CALCARIIDAE,,Calcarius,ornatus,Calcarius ornatus,Chestnut-collared Longspur,934,1,1,
Calcarius pictus,PASSERIFORMES,CALCARIIDAE,,Calcarius,pictus,Calcarius pictus,Smith's Longspur,935,1,0,
Calidris acuminata,CHARADRIIFORMES,SCOLOPACIDAE,ARENARIINAE,Calidris,acuminata,Calidris acuminata,Sharp-tailed Sandpiper,241,1,0,
Calidris alba,CHARADRIIFORMES,SCOLOPACIDAE,ARENARIINAE,Calidris,alba,Calidris alba,Sanderling,248,1,0,
Calidris alpina,CHARADRIIFORMES,SCOLOPACIDAE,ARENARIINAE,Calidris,alpina,Calidris alpina,Dunlin,249,1,0,
Calidris bairdii,CHARADRIIFORMES,SCOLOPACIDAE,ARENARIINAE,Calidris,bairdii,Calidris bairdii,Baird's Sandpiper,252,1,0,
Calidris canutus,CHARADRIIFORMES,SCOLOPACIDAE,ARENARIINAE,Calidris,canutus,Calidris canutus,Red Knot,237,1,1,
Calidris falcinellus,CHARADRIIFORMES,SCOLOPACIDAE,ARENARIINAE,Calidris,falcinellus,Calidris falcinellus,Broad-billed Sandpiper,240,1,0,
Calidris ferruginea,CHARADRIIFORMES,SCOLOPACIDAE,ARENARIINAE,Calidris,ferruginea,Calidris ferruginea,Curlew Sandpiper,243,1,0,
Calidris fuscicollis,CHARADRIIFORMES,SCOLOPACIDAE,ARENARIINAE,Calidris,fuscicollis,Calidris fuscicollis,White-rumped Sandpiper,255,1,0,
Calidris himantopus,CHARADRIIFORMES,SCOLOPACIDAE,ARENARIINAE,Calidris,himantopus,Calidris himantopus,Stilt Sandpiper,242,1,0,
Calidris maritima,CHARADRIIFORMES,SCOLOPACIDAE,ARENARIINAE,Calidris,maritima,Calidris maritima,Purple Sandpiper,251,1,0,
Calidris mauri,CHARADRIIFORMES,SCOLOPACIDAE,ARENARIINAE,Calidris,mauri,Calidris mauri,Western Sandpiper,259,1,0,
Calidris melanotos,CHARADRIIFORMES,SCOLOPACIDAE,ARENARIINAE,Calidris,melanotos,Calidris melanotos,Pectoral Sandpiper,257,1,1,
Calidris minuta,CHARADRIIFORMES,SCOLOPACIDAE,ARENARIINAE,Calidris,minuta,Calidris minuta,Little Stint,253,1,0,
Calidris minutilla,CHARADRIIFORMES,SCOLOPACIDAE,ARENARIINAE,Calidris,minutilla,Calidris minutilla,Least Sandpiper,254,1,0,
Calidris ptilocnemis,CHARADRIIFORMES,SCOLOPACIDAE,ARENARIINAE,Calidris,ptilocnemis,Calidris ptilocnemis,Rock Sandpiper,250,1,0,
Calidris pugnax,CHARADRIIFORMES,SCOLOPACIDAE,ARENARIINAE,Calidris,pugnax,Calidris pugnax,Ruff,239,1,0,
Calidris pusilla,CHARADRIIFORMES,SCOLOPACIDAE,ARENARIINAE,Calidris,pusilla,Calidris pusilla,Semipalmated Sandpiper,258,1,0,
Calidris pygmea,CHARADRIIFORMES,SCOLOPACIDAE,ARENARIINAE,Calidris,pygmea,Calidris pygmea,Spoon-billed Sandpiper,246,1,0,
Calidris ruficollis,CHARADRIIFORMES,SCOLOPACIDAE,ARENARIINAE,Calidris,ruficollis,Calidris ruficollis,Red-necked Stint,247,1,0,
Calidris subminuta,CHARADRIIFORMES,SCOLOPACIDAE,ARENARIINAE,Calidris,subminuta,Calidris subminuta,Long-toed Stint,245,1,0,
Calidris subruficollis,CHARADRIIFORMES,SCOLOPACIDAE,ARENARIINAE,Calidris,subruficollis,Calidris subruficollis,Buff-breasted Sandpiper,256,1,1,
Calidris temminckii,CHARADRIIFORMES,SCOLOPACIDAE,ARENARIINAE,Calidris,temminckii,Calidris temminckii,Temminck's Stint,244,1,0,
Calidris tenuirostris,CHARADRIIFORMES,SCOLOPACIDAE,ARENARIINAE,Calidris,tenuirostris,Calidris tenuirostris,Great Knot,236,1,0,
Calidris virgata,CHARADRIIFORMES,SCOLOPACIDAE,ARENARIINAE,Calidris,virgata,Calidris virgata,Surfbird,238,1,0,
Calliope calliope,PASSERIFORMES,MUSCICAPIDAE,,Calliope,calliope,Calliope calliope,Siberian Rubythroat,854,1,0,
Calonectris diomedea,PROCELLARIIFORMES,PROCELLARIIDAE,,Calonectris,diomedea,Calonectris diomedea,Cory's Shearwater,438,1,0,
Calonectris edwardsii,PROCELLARIIFORMES,PROCELLARIIDAE,,Calonectris,edwardsii,Calonectris edwardsii,Cape Verde Shearwater,439,1,0,
Calonectris leucomelas,PROCELLARIIFORMES,PROCELLARIIDAE,,Calonectris,leucomelas,Calonectris leucomelas,Streaked Shearwater,437,1,0,
Calothorax lucifer,APODIFORMES,TROCHILIDAE,TROCHILINAE,Calothorax,lucifer,Calothorax lucifer,Lucifer Hummingbird,148,1,1,
Calypte anna,APODIFORMES,TROCHILIDAE,TROCHILINAE,Calypte,anna,Calypte anna,Anna's Hummingbird,153,1,0,
Calypte costae,APODIFORMES,TROCHILIDAE,TROCHILINAE,Calypte,costae,Calypte costae,Costa's Hummingbird,154,1,0,
Campephilus principalis,PICIFORMES,PICIDAE,PICINAE,Campephilus,principalis,Campephilus principalis,Ivory-billed Woodpecker,607,1,0,
Camptostoma imberbe,PASSERIFORMES,TYRANNIDAE,ELAENIINAE,Camptostoma,imberbe,Camptostoma imberbe,Northern Beardless-Tyrannulet,623,1,0,
Campylorhynchus brunneicapillus,PASSERIFORMES,TROGLODYTIDAE,,Campylorhynchus,brunneicapillus,Campylorhynchus brunneicapillus,Cactus Wren,792,1,0,
Caprimulgus jotaka,CAPRIMULGIFORMES,CAPRIMULGIDAE,CAPRIMULGINAE,Caprimulgus,jotaka,Caprimulgus jotaka,Gray Nightjar,124,1,0,
Caracara plancus,FALCONIFORMES,FALCONIDAE,FALCONINAE,Caracara,plancus,Caracara plancus,Crested Caracara,609,1,0,
Cardellina canadensis,PASSERIFORMES,PARULIDAE,,Cardellina,canadensis,Cardellina canadensis,Canada Warbler,1078,1,1,
Cardellina pusilla,PASSERIFORMES,PARULIDAE,,Cardellina,pusilla,Cardellina pusilla,Wilson's Warbler,1079,1,0,
Cardellina rubrifrons,PASSERIFORMES,PARULIDAE,,Cardellina,rubrifrons,Cardellina rubrifrons,Red-faced Warbler,1080,1,1,
Cardinalis cardinalis,PASSERIFORMES,CARDINALIDAE,,Cardinalis,cardinalis,Cardinalis cardinalis,Northern Cardinal,1089,1,0,
Cardinalis sinuatus,PASSERIFORMES,CARDINALIDAE,,Cardinalis,sinuatus,Cardinalis sinuatus,Pyrrhuloxia,1090,1,0,
Carpodacus erythrinus,PASSERIFORMES,FRINGILLIDAE,CARDUELINAE,Carpodacus,erythrinus,Carpodacus erythrinus,Common Rosefinch,881,1,0,
Carpodacus roseus ,PASSERIFORMES,FRINGILLIDAE,CARDUELINAE,Carpodacus,roseus,Carpodacus roseus ,Pallas’s Rosefinch,882,1,0,
Cathartes aura,CARTHARTIFORMES,CATHARTIDAE,,Cathartes,aura,Cathartes aura,Turkey Vulture,509,1,0,
Catharus aurantiirostris,PASSERIFORMES,TURDIDAE,,Catharus,aurantiirostris,Catharus aurantiirostris,Orange-billed Nightingale-Thrush,826,1,0,
Catharus bicknelli,PASSERIFORMES,TURDIDAE,,Catharus,bicknelli,Catharus bicknelli,Bicknell's Thrush,830,1,1,
Catharus fuscescens,PASSERIFORMES,TURDIDAE,,Catharus,fuscescens,Catharus fuscescens,Veery,828,1,0,
Catharus guttatus,PASSERIFORMES,TURDIDAE,,Catharus,guttatus,Catharus guttatus,Hermit Thrush,832,1,0,
Catharus mexicanus,PASSERIFORMES,TURDIDAE,,Catharus,mexicanus,Catharus mexicanus,Black-headed Nightingale-Thrush,827,1,0,
Catharus minimus,PASSERIFORMES,TURDIDAE,,Catharus,minimus,Catharus minimus,Gray-cheeked Thrush,829,1,0,
Catharus ustulatus,PASSERIFORMES,TURDIDAE,,Catharus,ustulatus,Catharus ustulatus,Swainson's Thrush,831,1,0,
Catherpes mexicanus,PASSERIFORMES,TROGLODYTIDAE,,Catherpes,mexicanus,Catherpes mexicanus,Canyon Wren,790,1,0,
Centronyx bairdii,PASSERIFORMES,PASSERELLIDAE,,Centronyx,bairdii,Centronyx bairdii,Baird's Sparrow,979,1,1,
Centronyx henslowii,PASSERIFORMES,PASSERELLIDAE,,Centronyx,henslowii,Centronyx henslowii,Henslow's Sparrow,980,1,0,
Cepphus columba,CHARADRIIFORMES,ALCIDAE,,Cepphus,columba,Cepphus columba,Pigeon Guillemot,299,1,0,
Cepphus grylle,CHARADRIIFORMES,ALCIDAE,,Cepphus,grylle,Cepphus grylle,Black Guillemot,298,1,0,
Cerorhinca monocerata,CHARADRIIFORMES,ALCIDAE,,Cerorhinca,monocerata,Cerorhinca monocerata,Rhinoceros Auklet,312,1,0,
Certhia americana,PASSERIFORMES,CERTHIIDAE,CERTHIINAE,Certhia,americana,Certhia americana,Brown Creeper,784,1,0,
Chaetura brachyura,APODIFORMES,APODIDAE,CHAETURINAE,Chaetura,brachyura,Chaetura brachyura,Short-tailed Swift,129,1,0,
Chaetura pelagica,APODIFORMES,APODIDAE,CHAETURINAE,Chaetura,pelagica,Chaetura pelagica,Chimney Swift,127,1,1,
Chaetura vauxi,APODIFORMES,APODIDAE,CHAETURINAE,Chaetura,vauxi,Chaetura vauxi,Vaux's Swift,128,1,0,
Chamaea fasciata,PASSERIFORMES,SYLVIIDAE,,Chamaea,fasciata,Chamaea fasciata,Wrentit,773,1,0,
Charadrius alexandrinus,CHARADRIIFORMES,CHARADRIIDAE,CHARADRIINAE,Charadrius,alexandrinus,Charadrius alexandrinus,Kentish Plover,218,1,0,
Charadrius collaris,CHARADRIIFORMES,CHARADRIIDAE,CHARADRIINAE,Charadrius,collaris,Charadrius collaris,Collared Plover,217,1,0,
Charadrius dubius,CHARADRIIFORMES,CHARADRIIDAE,CHARADRIINAE,Charadrius,dubius,Charadrius dubius,Little Ringed Plover,213,1,0,
Charadrius hiaticula,CHARADRIIFORMES,CHARADRIIDAE,CHARADRIINAE,Charadrius,hiaticula,Charadrius hiaticula,Common Ringed Plover,210,1,0,
Charadrius leschenaultii,CHARADRIIFORMES,CHARADRIIDAE,CHARADRIINAE,Charadrius,leschenaultii,Charadrius leschenaultii,Greater Sand-Plover,215,1,0,
Charadrius melodus,CHARADRIIFORMES,CHARADRIIDAE,CHARADRIINAE,Charadrius,melodus,Charadrius melodus,Piping Plover,212,1,0,T(E in part)
Charadrius mongolus,CHARADRIIFORMES,CHARADRIIDAE,CHARADRIINAE,Charadrius,mongolus,Charadrius mongolus,Lesser Sand-Plover,214,1,0,
Charadrius montanus,CHARADRIIFORMES,CHARADRIIDAE,CHARADRIINAE,Charadrius,montanus,Charadrius montanus,Mountain Plover,219,1,1,
Charadrius morinellus,CHARADRIIFORMES,CHARADRIIDAE,CHARADRIINAE,Charadrius,morinellus,Charadrius morinellus,Eurasian Dotterel,208,1,0,
Charadrius nivosus,CHARADRIIFORMES,CHARADRIIDAE,CHARADRIINAE,Charadrius,nivosus,Charadrius nivosus,Snowy Plover,220,1,1,T(in part)
Charadrius semipalmatus,CHARADRIIFORMES,CHARADRIIDAE,CHARADRIINAE,Charadrius,semipalmatus,Charadrius semipalmatus,Semipalmated Plover,211,1,0,
Charadrius vociferus,CHARADRIIFORMES,CHARADRIIDAE,CHARADRIINAE,Charadrius,vociferus,Charadrius vociferus,Killdeer,209,1,0,
Charadrius wilsonia,CHARADRIIFORMES,CHARADRIIDAE,CHARADRIINAE,Charadrius,wilsonia,Charadrius wilsonia,Wilson's Plover,216,1,1,
Chlidonias hybrida,CHARADRIIFORMES,LARIDAE,STERNINAE,Chlidonias,hybrida,Chlidonias hybrida,Whiskered Tern,363,1,0,
Chlidonias leucopterus,CHARADRIIFORMES,LARIDAE,STERNINAE,Chlidonias,leucopterus,Chlidonias leucopterus,White-winged Tern,362,1,0,
Chlidonias niger,CHARADRIIFORMES,LARIDAE,STERNINAE,Chlidonias,niger,Chlidonias niger,Black Tern,361,1,1,
Chloris sinica,PASSERIFORMES,FRINGILLIDAE,CARDUELINAE,Chloris,sinica,Chloris sinica,Oriental Greenfinch,922,1,0,
Chloroceryle amazona,CORACIIFORMES,ALCEDINIDAE,CERYLINAE,Cholorceryle,amazona,Chloroceryle amazona,Amazon Kingfisher,580,1,0,
Chloroceryle americana,CORACIIFORMES,ALCEDINIDAE,CERYLINAE,Chloroceryle,americana,Chloroceryle americana,Green Kingfisher,581,1,0,
Chlorodrepanis flava,PASSERIFORMES,FRINGILLIDAE,CARDUELINAE,Chlorodrepanis,flava,Chlorodrepanis flava,Oʻahu ʻAmakihi,906,1,0,
Chlorodrepanis stejnegeri,PASSERIFORMES,FRINGILLIDAE,CARDUELINAE,Chlorodrepanis,stejnegeri,Chlorodrepanis stejnegeri,Kauaʻi ʻAmakihi,907,1,0,
Chlorodrepanis virens,PASSERIFORMES,FRINGILLIDAE,CARDUELINAE,Chlorodrepanis,virens,Chlorodrepanis virens,Hawaii ʻAmakihi,905,1,0,
Chlorophonia musica,PASSERIFORMES,FRINGILLIDAE,EUPHONIINAE,Chlorophonia,musica,Chlorophonia musica,Antillean Euphonia,878,1,0,
Chondestes grammacus,PASSERIFORMES,PASSERELLIDAE,,Chondestes,grammacus,Chondestes grammacus,Lark Sparrow,956,1,0,
Chondrohierax uncinatus,ACCIPITRIFORMES,ACCIPITRIDAE,GYPAETINAE,Chondrohierax,uncinatus,Chondrohierax uncinatus,Hook-billed Kite,512,1,0,
Chordeiles acutipennis,CAPRIMULGIFORMES,CAPRIMULGIDAE,CHORDEILINAE,Chordeiles,acutipennis,Chordeiles acutipennis,Lesser Nighthawk,113,1,0,
Chordeiles gundlachii,CAPRIMULGIFORMES,CAPRIMULGIDAE,CHORDEILINAE,Chordeiles,gundlachii,Chordeiles gundlachii,Antillean Nighthawk,115,1,0,
Chordeiles minor,CAPRIMULGIFORMES,CAPRIMULGIDAE,CHORDEILINAE,Chordeiles,minor,Chordeiles minor,Common Nighthawk,114,1,0,
Chroicocephalus cirrocephalus,CHARADRIIFORMES,LARIDAE,LARINAE,Chroicocephalus,cirrocephalus,Chroicocephalus cirrocephalus,Gray-hooded Gull,322,1,0,
Chroicocephalus philadelphia,CHARADRIIFORMES,LARIDAE,LARINAE,Chroicocephalus,philadelphia,Chroicocephalus philadelphia,Bonaparte's Gull,321,1,0,
Chroicocephalus ridibundus,CHARADRIIFORMES,LARIDAE,LARINAE,Chroicocephalus,ridibundus,Chroicocephalus ridibundus,Black-headed Gull,323,1,0,
Cinclus mexicanus,PASSERIFORMES,CINCLIDAE,,Cinclus,mexicanus,Cinclus mexicanus,American Dipper,816,1,0,
Circus hudsonius,ACCIPITRIFORMES,ACCIPITRIDAE,ACCIPITRINAE,Circus,hudsonius,Circus hudsonius,Northern Harrier,516,1,0,
Circus spilonotus,ACCIPITRIFORMES,ACCIPITRIDAE,ACCIPITRINAE,Circus,spilonotus,Circus spilonotus,Eastern Marsh-Harrier,517,1,0,
Cistothorus palustris,PASSERIFORMES,TROGLODYTIDAE,,Cistothorus,palustris,Cistothorus palustris,Marsh Wren,799,1,0,
Cistothorus stellaris,PASSERIFORMES,TROGLODYTIDAE,,Cistothorus,stellaris,Cistothorus stellaris,Sedge Wren,798,1,0,
Clamator coromandus,CUCULIFORMES,CUCULIDAE,CUCULINAE,Clamator,coromandus,Clamator coromandus,Chestnut-winged Cuckoo,107,1,0,
Clangula hyemalis,ANSERIFORMES,ANATIDAE,ANATINAE,Clangula,hyemalis,Clangula hyemalis,Long-tailed Duck,60,1,0,
Coccothraustes coccothraustes,PASSERIFORMES,FRINGILLIDAE,CARDUELINAE,Coccothraustes,coccothraustes,Coccothraustes coccothraustes,Hawfinch,880,1,0,
Coccothraustes vespertinus,PASSERIFORMES,FRINGILLIDAE,CARDUELINAE,Coccothraustes,vespertinus,Coccothraustes vespertinus,Evening Grosbeak,879,1,0,
Coccyzus americanus,CUCULIFORMES,CUCULIDAE,CUCULINAE,Coccyzus,americanus,Coccyzus americanus,Yellow-billed Cuckoo,109,1,0,
Coccyzus erythropthalmus,CUCULIFORMES,CUCULIDAE,CUCULINAE,Coccyzus,erythropthalmus,Coccyzus erythropthalmus,Black-billed Cuckoo,111,1,1,
Coccyzus melacoryphus,CUCULIFORMES,CUCULIDAE,CUCULINAE,Coccyzus,melacoryphus,Coccyzus melacoryphus,Dark-billed Cuckoo,108,1,0,
Coccyzus minor,CUCULIFORMES,CUCULIDAE,CUCULINAE,Coccyzus,minor,Coccyzus minor,Mangrove Cuckoo,110,1,0,
Coccyzus vieilloti,CUCULIFORMES,CUCULIDAE,CUCULINAE,Coccyzus,vieilloti,Coccyzus vieilloti,Puerto Rican Lizard-Cuckoo,112,1,0,
Coereba flaveola,PASSERIFORMES,THRAUPIDAE,COEREBINAE,Coereba,flaveola,Coereba flaveola,Bananaquit,1102,1,0,
Colaptes auratus,PICIFORMES,PICIDAE,PICINAE,Colaptes,auratus,Colaptes auratus,Northern Flicker,604,1,0,
Colaptes chrysoides,PICIFORMES,PICIDAE,PICINAE,Colaptes,chrysoides,Colaptes chrysoides,Gilded Flicker,605,1,0,
Colibri thalassinus,APODIFORMES,TROCHILIDAE,TROCHILINAE,Colibri,thalassinus,Colibri thalassinus,Mexican Violetear,138,1,0,
Columbina inca,COLUMBIFORMES,COLUMBIDAE,,Columbina,inca,Columbina inca,Inca Dove,86,1,0,
Columbina passerina,COLUMBIFORMES,COLUMBIDAE,,Columbina,passerina,Columbina passerina,Common Ground Dove,87,1,0,
Columbina talpacoti,COLUMBIFORMES,COLUMBIDAE,,Columbina,talpacoti,Columbina talpacoti,Ruddy Ground Dove,88,1,0,
Contopus caribaeus,PASSERIFORMES,TYRANNIDAE,FLUVICOLINAE,Contopus,caribaeus,Contopus caribaeus,Cuban Pewee,656,1,0,
Contopus cooperi,PASSERIFORMES,TYRANNIDAE,FLUVICOLINAE,Contopus,cooperi,Contopus cooperi,Olive-sided Flycatcher,652,1,1,
Contopus hispaniolensis,PASSERIFORMES,TYRANNIDAE,FLUVICOLINAE,Contopus,hispaniolensis,Contopus hispaniolensis,Hispaniolan Pewee,657,1,0,
Contopus latirostris,PASSERIFORMES,TYRANNIDAE,FLUVICOLINAE,Contopus,latirostris,Contopus latirostris,Lesser Antillean Pewee,658,1,0,
Contopus pertinax,PASSERIFORMES,TYRANNIDAE,FLUVICOLINAE,Contopus,pertinax,Contopus pertinax,Greater Pewee,653,1,0,
Contopus sordidulus,PASSERIFORMES,TYRANNIDAE,FLUVICOLINAE,Contopus,sordidulus,Contopus sordidulus,Western Wood-Pewee,654,1,0,
Contopus virens,PASSERIFORMES,TYRANNIDAE,FLUVICOLINAE,Contopus,virens,Contopus virens,Eastern Wood-Pewee,655,1,0,
Coragyps atratus,CARTHARTIFORMES,CATHARTIDAE,,Coragyps,atratus,Coragyps atratus,Black Vulture,508,1,0,
Corthylio calendula,PASSERIFORMES,REGULIDAE,,Corthylio,calendula,Corthylio calendula,Ruby-crowned Kinglet,774,1,0,
Corvus brachyrhynchos,PASSERIFORMES,CORVIDAE,,Corvus,brachyrhynchos,Corvus brachyrhynchos,American Crow,712,1,0,
Corvus corax,PASSERIFORMES,CORVIDAE,,Corvus,corax,Corvus corax,Common Raven,718,1,0,
Corvus cryptoleucus,PASSERIFORMES,CORVIDAE,,Corvus,cryptoleucus,Corvus cryptoleucus,Chihuahuan Raven,717,1,0,
Corvus hawaiiensis,PASSERIFORMES,CORVIDAE,,Corvus,hawaiiensis,Corvus hawaiiensis,Hawaiian Crow,716,1,0,
Corvus imparatus,PASSERIFORMES,CORVIDAE,,Corvus,imparatus,Corvus imparatus,Tamaulipas Crow,714,1,0,
Corvus kubaryi,PASSERIFORMES,CORVIDAE,,Corvus,kubaryi,Corvus kubaryi,Mariana Crow,711,1,0,
Corvus leucognaphalus,PASSERIFORMES,CORVIDAE,,Corvus,leucognaphalus,Corvus leucognaphalus,White-necked Crow,713,1,0,
Corvus monedula,PASSERIFORMES,CORVIDAE,,Corvus,monedula,Corvus monedula,Eurasian Jackdaw,710,1,0,
Corvus ossifragus,PASSERIFORMES,CORVIDAE,,Corvus,ossifragus,Corvus ossifragus,Fish Crow,715,1,0,
Coturnicops noveboracensis,GRUIFORMES,RALLIDAE,,Coturnicops,noveboracensis,Coturnicops noveboracensis,Yellow Rail,189,1,0,
Creagrus furcatus,CHARADRIIFORMES,LARIDAE,LARINAE,Creagrus,furcatus,Creagrus furcatus,Swallow-tailed Gull,316,1,0,
Crex crex,GRUIFORMES,RALLIDAE,,Crex,crex,Crex crex,Corn Crake,178,1,0,
Crotophaga ani,CUCULIFORMES,CUCULIDAE,CROTOPHAGINAE,Crotophaga,ani,Crotophaga ani,Smooth-billed Ani,100,1,0,
Crotophaga sulcirostris,CUCULIFORMES,CUCULIDAE,CROTOPHAGINAE,Crotophaga,sulcirostris,Crotophaga sulcirostris,Groove-billed Ani,101,1,0,
Cuculus canorus,CUCULIFORMES,CUCULIDAE,CUCULINAE,Cuculus,canorus,Cuculus canorus,Common Cuckoo,105,1,0,
Cuculus optatus,CUCULIFORMES,CUCULIDAE,CUCULINAE,Cuculus,optatus,Cuculus optatus,Oriental Cuckoo,106,1,0,
Cyanecula svecica,PASSERIFORMES,MUSCICAPIDAE,,Cyanecula,svecica,Cyanecula svecica,Bluethroat,853,1,0,
Cyanerpes cyaneus,PASSERIFORMES,THRAUPIDAE,DACNINAE,Cyanerpes,cyaneus,Cyanerpes cyaneus,Red-legged Honeycreeper,1101,1,0,
Cyanocitta cristata,PASSERIFORMES,CORVIDAE,,Cyanocitta,cristata,Cyanocitta cristata,Blue Jay,701,1,0,
Cyanocitta stelleri,PASSERIFORMES,CORVIDAE,,Cyanocitta,stelleri,Cyanocitta stelleri,Steller's Jay,700,1,0,
Cyanocompsa parellina,PASSERIFORMES,CARDINALIDAE,,Cyanocompsa,parellina,Cyanocompsa parellina,Blue Bunting,1094,1,0,
Cyanocorax yncas,PASSERIFORMES,CORVIDAE,,Cyanocorax,yncas,Cyanocorax yncas,Green Jay,698,1,0,
Cygnus buccinator,ANSERIFORMES,ANATIDAE,ANSERINAE,Cygnus,buccinator,Cygnus buccinator,Trumpeter Swan,17,1,0,
Cygnus columbianus,ANSERIFORMES,ANATIDAE,ANSERINAE,Cygnus,columbianus,Cygnus columbianus,Tundra Swan,18,1,0,
Cygnus cygnus,ANSERIFORMES,ANATIDAE,ANSERINAE,Cygnus,cygnus,Cygnus cygnus,Whooper Swan,19,1,0,
Cynanthus latirostris,APODIFORMES,TROCHILIDAE,TROCHILINAE,Cynanthus,latirostris,Cynanthus latirostris,Broad-billed Hummingbird,161,1,0,
Cypseloides niger,APODIFORMES,APODIDAE,CYPSELOIDINAE,Cypseloides,niger,Cypseloides niger,Black Swift,125,1,1,
Delichon urbicum,PASSERIFORMES,HIRUNDINIDAE,HIRUNDININAE,Hirundo,urbicum,Delichon urbicum,Common House-Martin,760,1,0,
Dendrocopos major,PICIFORMES,PICIDAE,PICINAE,Dendrocopos,major,Dendrocopos major,Great Spotted Woodpecker,596,1,0,
Dendrocygna arborea,ANSERIFORMES,ANATIDAE,DENDROCYGNINAE,Dendrocygna,arborea,Dendrocygna arborea,West Indian Whistling-Duck,2,1,0,
Dendrocygna autumnalis,ANSERIFORMES,ANATIDAE,DENDROCYGNINAE,Dendrocygna,autumnalis,Dendrocygna autumnalis,Black-bellied Whistling-Duck,1,1,0,
Dendrocygna bicolor,ANSERIFORMES,ANATIDAE,DENDROCYGNINAE,Dendrocygna,bicolor,Dendrocygna bicolor,Fulvous Whistling-Duck,3,1,0,
Diomedea exulans,PROCELLARIIFORMES,DIOMEDEIDAE,,Diomedea,exulans,Diomedea exulans,Wandering Albatross,388,1,0,
Dolichonyx oryzivorus,PASSERIFORMES,ICTERIDAE,DOLICHONYCHINAE,Dolichonyx,oryzivorus,Dolichonyx oryzivorus,Bobolink,997,1,1,
Drepanis coccinea,PASSERIFORMES,FRINGILLIDAE,CARDUELINAE,Drepanis,coccinea,Drepanis coccinea,ʻIʻiwi,894,1,0,
Dryobates albolarvatus,PICIFORMES,PICIDAE,PICINAE,Dryobates,albolarvatus,Dryobates albolarvatus,White-headed Woodpecker,602,1,0,
Dryobates arizonae,PICIFORMES,PICIDAE,PICINAE,Dryobates,arizonae,Dryobates arizonae,Arizona Woodpecker,603,1,0,
Dryobates borealis,PICIFORMES,PICIDAE,PICINAE,Dryobates,borealis,Dryobates borealis,Red-cockaded Woodpecker,600,1,0,
Dryobates nuttallii,PICIFORMES,PICIDAE,PICINAE,Dryobates,nuttallii,Dryobates nuttallii,Nuttall's Woodpecker,598,1,0,
Dryobates pubescens,PICIFORMES,PICIDAE,PICINAE,Dryobates,pubescens,Dryobates pubescens,Downy Woodpecker,597,1,0,
Dryobates scalaris,PICIFORMES,PICIDAE,PICINAE,Dryobates,scalaris,Dryobates scalaris,Ladder-backed Woodpecker,599,1,0,
Dryobates villosus,PICIFORMES,PICIDAE,PICINAE,Dryobates,villosus,Dryobates villosus,Hairy Woodpecker,601,1,0,
Dryocopus pileatus,PICIFORMES,PICIDAE,PICINAE,Dryocopus,pileatus,Dryocopus pileatus,Pileated Woodpecker,606,1,0,
Ducula pacifica,COLUMBIFORMES,COLUMBIDAE,,Ducula,pacifica,Ducula pacifica,Pacific Imperial-Pigeon,99,1,0,
Dumetella carolinensis,PASSERIFORMES,MIMIDAE,,Dumetella,carolinensis,Dumetella carolinensis,Gray Catbird,802,1,0,
Egretta caerulea,PELECANIFORMES,ARDEIDAE,,Egretta,caerulea,Egretta caerulea,Little Blue Heron,491,1,0,
Egretta eulophotes,PELECANIFORMES,ARDEIDAE,,Egretta,eulophotes,Egretta eulophotes,Chinese Egret,486,1,0,
Egretta garzetta,PELECANIFORMES,ARDEIDAE,,Egretta,garzetta,Egretta garzetta,Little Egret,487,1,0,
Egretta gularis,PELECANIFORMES,ARDEIDAE,,Egretta,gularis,Egretta gularis,Western Reef-Heron,489,1,0,
Egretta rufescens,PELECANIFORMES,ARDEIDAE,,Egretta,rufescens,Egretta rufescens,Reddish Egret,493,1,1,
Egretta sacra,PELECANIFORMES,ARDEIDAE,,Egretta,sacra,Egretta sacra,Pacific Reef-Heron,488,1,0,
Egretta thula,PELECANIFORMES,ARDEIDAE,,Egretta,thula,Egretta thula,Snowy Egret,490,1,0,
Egretta tricolor,PELECANIFORMES,ARDEIDAE,,Egretta,tricolor,Egretta tricolor,Tricolored Heron,492,1,0,
Elaenia albiceps,PASSERIFORMES,TYRANNIDAE,ELAENIINAE,Elaenia,albiceps,Elaenia albiceps,White-crested Elaenia,626,1,0,
Elaenia martinica,PASSERIFORMES,TYRANNIDAE,ELAENIINAE,Elaenia,martinica,Elaenia martinica,Caribbean Elaenia,625,1,0,
Elaenia parvirostris,PASSERIFORMES,TYRANNIDAE,ELAENIINAE,Elaenia,parvirostris,Elaenia parvirostris,Small-billed Elaenia,627,1,0,
Elanoides forficatus,ACCIPITRIFORMES,ACCIPITRIDAE,GYPAETINAE,Elanoides,forficatus,Elanoides forficatus,Swallow-tailed Kite,513,1,1,
Elanus leucurus,ACCIPITRIFORMES,ACCIPITRIDAE,ELANINAE,Elanus,leucurus,Elanus leucurus,White-tailed Kite,511,1,0,
Emberiza aureola,PASSERIFORMES,EMBERIZIDAE,,Emberiza,aureola,Emberiza aureola,Yellow-breasted Bunting,944,1,0,
Emberiza chrysophrys,PASSERIFORMES,EMBERIZIDAE,,Emberiza,chrysophrys,Emberiza chrysophrys,Yellow-browed Bunting,940,1,0,
Emberiza elegans,PASSERIFORMES,EMBERIZIDAE,,Emberiza,elegans,Emberiza elegans,Yellow-throated Bunting,943,1,0,
Emberiza leucocephalos,PASSERIFORMES,EMBERIZIDAE,,Emberiza,leucocephalos,Emberiza leucocephalos,Pine Bunting,939,1,0,
Emberiza pallasi,PASSERIFORMES,EMBERIZIDAE,,Emberiza,pallasi,Emberiza pallasi,Pallas's Bunting,946,1,0,
Emberiza pusilla,PASSERIFORMES,EMBERIZIDAE,,Emberiza,pusilla,Emberiza pusilla,Little Bunting,941,1,0,
Emberiza rustica,PASSERIFORMES,EMBERIZIDAE,,Emberiza,rustica,Emberiza rustica,Rustic Bunting,942,1,0,
Emberiza schoeniclus,PASSERIFORMES,EMBERIZIDAE,,Emberiza,schoeniclus,Emberiza schoeniclus,Reed Bunting,947,1,0,
Emberiza variabilis,PASSERIFORMES,EMBERIZIDAE,,Emberiza,variabilis,Emberiza variabilis,Gray Bunting,945,1,0,
Empidonax affinis,PASSERIFORMES,TYRANNIDAE,FLUVICOLINAE,Empidonax,affinis,Empidonax affinis,Pine Flycatcher,667,1,0,
Empidonax alnorum,PASSERIFORMES,TYRANNIDAE,FLUVICOLINAE,Empidonax,alnorum,Empidonax alnorum,Alder Flycatcher,661,1,0,
Empidonax difficilis,PASSERIFORMES,TYRANNIDAE,FLUVICOLINAE,Empidonax,difficilis,Empidonax difficilis,Pacific-slope Flycatcher,668,1,0,
Empidonax flaviventris,PASSERIFORMES,TYRANNIDAE,FLUVICOLINAE,Empidonax,flaviventris,Empidonax flaviventris,Yellow-bellied Flycatcher,659,1,0,
Empidonax fulvifrons,PASSERIFORMES,TYRANNIDAE,FLUVICOLINAE,Empidonax,fulvifrons,Empidonax fulvifrons,Buff-breasted Flycatcher,670,1,0,
Empidonax hammondii,PASSERIFORMES,TYRANNIDAE,FLUVICOLINAE,Empidonax,hammondii,Empidonax hammondii,Hammond's Flycatcher,664,1,0,
Empidonax minimus,PASSERIFORMES,TYRANNIDAE,FLUVICOLINAE,Empidonax,minimus,Empidonax minimus,Least Flycatcher,663,1,0,
Empidonax oberholseri,PASSERIFORMES,TYRANNIDAE,FLUVICOLINAE,Empidonax,oberholseri,Empidonax oberholseri,Dusky Flycatcher,666,1,0,
Empidonax occidentalis,PASSERIFORMES,TYRANNIDAE,FLUVICOLINAE,Empidonax,occidentalis,Empidonax occidentalis,Cordilleran Flycatcher,669,1,0,
Empidonax traillii,PASSERIFORMES,TYRANNIDAE,FLUVICOLINAE,Empidonax,traillii,Empidonax traillii,Willow Flycatcher,662,1,0,E (in part)
Empidonax virescens,PASSERIFORMES,TYRANNIDAE,FLUVICOLINAE,Empidonax,virescens,Empidonax virescens,Acadian Flycatcher,660,1,0,
Empidonax wrightii,PASSERIFORMES,TYRANNIDAE,FLUVICOLINAE,Empidonax,wrightii,Empidonax wrightii,Gray Flycatcher,665,1,0,
Empidonomus aurantioatrocristatus,PASSERIFORMES,TYRANNIDAE,TYRANNINAE,Empidonomus,aurantioatrocristatus,Empidonomus aurantioatrocristatus,Crowned Slaty Flycatcher,640,1,0,
Empidonomus varius,PASSERIFORMES,TYRANNIDAE,TYRANNINAE,Empidonomus,varius,Empidonomus varius,Variegated Flycatcher,639,1,0,
Eremophila alpestris,PASSERIFORMES,ALAUDIDAE,,Eremophila,alpestris,Eremophila alpestris,Horned Lark,733,1,0,
Erithacus rubecula,PASSERIFORMES,MUSCICAPIDAE,,Erithacus,rubecula,Erithacus rubecula,European Robin,850,1,0,
Eudocimus albus,PELECANIFORMES,THRESKIORNITHIDAE,THRESKIORNITHINAE,Eudocimus,albus,Eudocimus albus,White Ibis,502,1,0,
Eudocimus ruber,PELECANIFORMES,THRESKIORNITHIDAE,THRESKIORNITHINAE,Eudocimus,ruber,Eudocimus ruber,Scarlet Ibis,503,1,0,
Eugenes fulgens,APODIFORMES,TROCHILIDAE,TROCHILINAE,Eugenes,fulgens,Eugenes fulgens,Rivoli's Hummingbird,144,1,0,
Eulampis holosericeus,APODIFORMES,TROCHILIDAE,TROCHILINAE,Eulampis,holosericeus,Eulampis holosericeus,Green-throated Carib,143,1,0,
Eulampis jugularis,APODIFORMES,TROCHILIDAE,TROCHILINAE,Eulampis,jugularis,Eulampis jugularis,Purple-throated Carib,142,1,0,
Euphagus carolinus,PASSERIFORMES,ICTERIDAE,AGELAIINAE,Euphagus,carolinus,Euphagus carolinus,Rusty Blackbird,1019,1,0,
Euphagus cyanocephalus,PASSERIFORMES,ICTERIDAE,AGELAIINAE,Euphagus,cyanocephalus,Euphagus cyanocephalus,Brewer's Blackbird,1020,1,0,
Euptilotis neoxenus,TROGONIFORMES,TROGONIDAE,TROGONINAE,Euptilotis,neoxenus,Euptilotis neoxenus,Eared Quetzal,572,1,0,
Falco amurensis,FALCONIFORMES,FALCONIDAE,FALCONINAE,Falco,amurensis,Falco amurensis,Amur Falcon,613,1,0,
Falco columbarius,FALCONIFORMES,FALCONIDAE,FALCONINAE,Falco,columbarius,Falco columbarius,Merlin,614,1,0,
Falco femoralis,FALCONIFORMES,FALCONIDAE,FALCONINAE,Falco,femoralis,Falco femoralis,Aplomado Falcon,616,1,0,
Falco mexicanus,FALCONIFORMES,FALCONIDAE,FALCONINAE,Falco,mexicanus,Falco mexicanus,Prairie Falcon,619,1,0,
Falco peregrinus,FALCONIFORMES,FALCONIDAE,FALCONINAE,Falco,peregrinus,Falco peregrinus,Peregrine Falcon,618,1,0,
Falco rusticolus,FALCONIFORMES,FALCONIDAE,FALCONINAE,Falco,rusticolus,Falco rusticolus,Gyrfalcon,617,1,0,
Falco sparverius,FALCONIFORMES,FALCONIDAE,FALCONINAE,Falco,sparverius,Falco sparverius,American Kestrel,611,1,0,
Falco subbuteo,FALCONIFORMES,FALCONIDAE,FALCONINAE,Falco,subbuteo,Falco subbuteo,Eurasian Hobby,615,1,0,
Falco tinnunculus,FALCONIFORMES,FALCONIDAE,FALCONINAE,Falco,tinnunculus,Falco tinnunculus,Eurasian Kestrel,610,1,0,
Falco vespertinus,FALCONIFORMES,FALCONIDAE,FALCONINAE,Falco,vespertinus,Falco vespertinus,Red-footed Falcon,612,1,0,
Ficedula albicilla,PASSERIFORMES,MUSCICAPIDAE,,Ficedula,albicilla,Ficedula albicilla,Taiga Flycatcher,858,1,0,
Ficedula mugimaki,PASSERIFORMES,MUSCICAPIDAE,,Ficedula,mugimaki,Ficedula mugimaki,Mugimaki Flycatcher,857,1,0,
Ficedula narcissina,PASSERIFORMES,MUSCICAPIDAE,,Ficedula,narcissina,Ficedula narcissina,Narcissus Flycatcher,856,1,0,
Fratercula arctica,CHARADRIIFORMES,ALCIDAE,,Fratercula,arctica,Fratercula arctica,Atlantic Puffin,313,1,0,
Fratercula cirrhata,CHARADRIIFORMES,ALCIDAE,,Fratercula,cirrhata,Fratercula cirrhata,Tufted Puffin,315,1,0,
Fratercula corniculata,CHARADRIIFORMES,ALCIDAE,,Fratercula,corniculata,Fratercula corniculata,Horned Puffin,314,1,0,
Fregata ariel,SULIFORMES,FREGATIDAE,,Fregata,ariel,Fregata ariel,Lesser Frigatebird,456,1,0,
Fregata magnificens,SULIFORMES,FREGATIDAE,,Fregata,magnificens,Fregata magnificens,Magnificent Frigatebird,457,1,0,
Fregata minor,SULIFORMES,FREGATIDAE,,Fregata,minor,Fregata minor,Great Frigatebird,458,1,0,
Fregetta grallaria,PROCELLARIIFORMES,OCEANITIDAE,,Fregetta,grallaria,Fregetta grallaria,White-bellied Storm-Petrel,394,1,0,
Fregetta tropica,PROCELLARIIFORMES,OCEANITIDAE,,Fregetta,tropica,Fregetta tropica,Black-bellied Storm-Petrel,395,1,0,
Fringilla coelebs,PASSERIFORMES,FRINGILLIDAE,FRINGILLINAE,Fringilla,coelebs,Fringilla coelebs,Common Chaffinch,876,1,0,
Fringilla montifringilla,PASSERIFORMES,FRINGILLIDAE,FRINGILLINAE,Fringilla,montifringilla,Fringilla montifringilla,Brambling,877,1,0,
Fulica alai,GRUIFORMES,RALLIDAE,,Fulica,alai,Fulica alai,Hawaiian Coot,183,1,0,
Fulica americana,GRUIFORMES,RALLIDAE,,Fulica,americana,Fulica americana,American Coot,184,1,0,
Fulica atra,GRUIFORMES,RALLIDAE,,Fulica,atra,Fulica atra,Eurasian Coot,182,1,0,
Fulmarus glacialis,PROCELLARIIFORMES,PROCELLARIIDAE,,Fulmarus,glacialis,Fulmarus glacialis,Northern Fulmar,411,1,0,
Gallinago delicata,CHARADRIIFORMES,SCOLOPACIDAE,SCOLOPACINAE,Gallinago,delicata,Gallinago delicata,Wilson's Snipe,269,1,0,
Gallinago gallinago,CHARADRIIFORMES,SCOLOPACIDAE,SCOLOPACINAE,Gallinago,gallinago,Gallinago gallinago,Common Snipe,268,1,0,
Gallinago megala,CHARADRIIFORMES,SCOLOPACIDAE,SCOLOPACINAE,Gallinago,megala,Gallinago megala,Swinhoe's Snipe,267,1,0,
Gallinago solitaria,CHARADRIIFORMES,SCOLOPACIDAE,SCOLOPACINAE,Gallinago,solitaria,Gallinago solitaria,Solitary Snipe,265,1,0,
Gallinago stenura,CHARADRIIFORMES,SCOLOPACIDAE,SCOLOPACINAE,Gallinago,stenura,Gallinago stenura,Pin-tailed Snipe,266,1,0,
Gallinula chloropus,GRUIFORMES,RALLIDAE,,Gallinula,chloropus,Gallinula chloropus,Eurasian Moorhen,181,1,0,
Gallinula galeata,GRUIFORMES,RALLIDAE,,Gallinula,galeata,Gallinula galeata,Common Gallinule,180,1,0,
Gallirallus owstoni,GRUIFORMES,RALLIDAE,,Gallirallus,owstoni,Gallirallus owstoni,Guam Rail,170,1,0,
Gallirallus philippensis,GRUIFORMES,RALLIDAE,,Gallirallus,philippensis,Gallirallus philippensis,Buff-banded Rail,169,1,0,
Gavia adamsii,GAVIIFORMES,GAVIIDAE,,Gavia,adamsii,Gavia adamsii,Yellow-billed Loon,381,1,0,
Gavia arctica,GAVIIFORMES,GAVIIDAE,,Gavia,arctica,Gavia arctica,Arctic Loon,378,1,0,
Gavia immer,GAVIIFORMES,GAVIIDAE,,Gavia,immer,Gavia immer,Common Loon,380,1,0,
Gavia pacifica,GAVIIFORMES,GAVIIDAE,,Gavia,pacifica,Gavia pacifica,Pacific Loon,379,1,0,
Gavia stellata,GAVIIFORMES,GAVIIDAE,,Gavia,stellata,Gavia stellata,Red-throated Loon,377,1,0,
Gelochelidon nilotica,CHARADRIIFORMES,LARIDAE,STERNINAE,Gelochelidon,nilotica,Gelochelidon nilotica,Gull-billed Tern,358,1,1,
Geococcyx californianus,CUCULIFORMES,CUCULIDAE,NEOMORPHINAE,Geococcyx,californianus,Geococcyx californianus,Greater Roadrunner,102,1,0,
Geothlypis formosa,PASSERIFORMES,PARULIDAE,,Geothlypis,formosa,Geothlypis formosa,Kentucky Warbler,1046,1,1,
Geothlypis philadelphia,PASSERIFORMES,PARULIDAE,,Geothlypis,philadelphia,Geothlypis philadelphia,Mourning Warbler,1045,1,0,
Geothlypis poliocephala,PASSERIFORMES,PARULIDAE,,Geothlypis,poliocephala,Geothlypis poliocephala,Gray-crowned Yellowthroat,1043,1,0,
Geothlypis tolmiei,PASSERIFORMES,PARULIDAE,,Geothlypis,tolmiei,Geothlypis tolmiei,MacGillivray's Warbler,1044,1,0,
Geothlypis trichas,PASSERIFORMES,PARULIDAE,,Geothlypis,trichas,Geothlypis trichas,Common Yellowthroat,1047,1,0,
Geotrygon chrysia,COLUMBIFORMES,COLUMBIDAE,,Geotrygon,chrysia,Geotrygon chrysia,Key West Quail-Dove,90,1,0,
Geotrygon montana,COLUMBIFORMES,COLUMBIDAE,,Geotrygon,montana,Geotrygon montana,Ruddy Quail-Dove,89,1,0,
Geotrygon mystacea,COLUMBIFORMES,COLUMBIDAE,,Geotrygon,mystacea,Geotrygon mystacea,Bridled Quail-Dove,91,1,0,
Geranoaetus albicaudatus,ACCIPITRIFORMES,ACCIPITRIDAE,ACCIPITRINAE,Geranoaetus,albicaudatus,Geranoaetus albicaudatus,White-tailed Hawk,535,1,0,
Geranospiza caerulescens,ACCIPITRIFORMES,ACCIPITRIDAE,ACCIPITRINAE,Geranospiza,caerulescens,Geranospiza caerulescens,Crane Hawk,529,1,0,
Glaucidium brasilianum,STRIGIFORMES,STRIGIDAE,,Glaucidium,brasilianum,Glaucidium brasilianum,Ferruginous Pygmy-Owl,558,1,0,
Glaucidium gnoma,STRIGIFORMES,STRIGIDAE,,Glaucidium,gnoma,Glaucidium gnoma,Northern Pygmy-Owl,557,1,0,
Gorsachius goisagi,PELECANIFORMES,ARDEIDAE,,Gorsachius,goisagi,Gorsachius goisagi,Japanese Night-Heron,500,1,0,
Gorsachius melanolophus,PELECANIFORMES,ARDEIDAE,,Gorsachius,melanolophus,Gorsachius melanolophus,Malayan Night-Heron,501,1,0,
Grus americana,GRUIFORMES,GRUIDAE,GRUINAE,Grus,americana,Grus americana,Whooping Crane,196,1,0,
Grus grus,GRUIFORMES,GRUIDAE,GRUINAE,Grus,grus,Grus grus,Common Crane,194,1,0,
Grus monacha,GRUIFORMES,GRUIDAE,GRUINAE,Grus,monacha,Grus monacha,Hooded Crane,195,1,0,
Gygis alba,CHARADRIIFORMES,LARIDAE,STERNINAE,Gygis,alba,Gygis alba,White Tern,350,1,0,
Gymnasio nudipes,STRIGIFORMES,STRIGIDAE,,Gymnasio,nudipes,Gymnasio nudipes,Puerto Rican Owl,550,1,0,
Gymnogyps californianus,CARTHARTIFORMES,CATHARTIDAE,,Gymnogyps,californianus,Gymnogyps californianus,California Condor,507,1,0,
Gymnorhinus cyanocephalus,PASSERIFORMES,CORVIDAE,,Gymnorhinus,cyanocephalus,Gymnorhinus cyanocephalus,Pinyon Jay,699,1,0,
Haematopus bachmani,CHARADRIIFORMES,HAEMATOPODIDAE,,Haematopus,bachmani,Haematopus bachmani,Black Oystercatcher,202,1,0,
Haematopus ostralegus,CHARADRIIFORMES,HAEMATOPODIDAE,,Haematopus,ostralegus,Haematopus ostralegus,Eurasian Oystercatcher,200,1,0,
Haematopus palliatus,CHARADRIIFORMES,HAEMATOPODIDAE,,Haematopus,palliatus,Haematopus palliatus,American Oystercatcher,201,1,1,
Haemorhous cassinii,PASSERIFORMES,FRINGILLIDAE,CARDUELINAE,Haemorhous,cassinii,Haemorhous cassinii,Cassin's Finch,921,1,1,
Haemorhous mexicanus,PASSERIFORMES,FRINGILLIDAE,CARDUELINAE,Haemorhous,mexicanus,Haemorhous mexicanus,House Finch,919,1,0,
Haemorhous purpureus,PASSERIFORMES,FRINGILLIDAE,CARDUELINAE,Haemorhous,purpureus,Haemorhous purpureus,Purple Finch,920,1,0,
Haliaeetus albicilla,ACCIPITRIFORMES,ACCIPITRIDAE,ACCIPITRINAE,Haliaeetus,albicilla,Haliaeetus albicilla,White-tailed Eagle,525,1,0,
Haliaeetus leucocephalus,ACCIPITRIFORMES,ACCIPITRIDAE,ACCIPITRINAE,Haliaeetus,leucocephalus,Haliaeetus leucocephalus,Bald Eagle,524,1,0,
Haliaeetus pelagicus,ACCIPITRIFORMES,ACCIPITRIDAE,ACCIPITRINAE,Haliaeetus,pelagicus,Haliaeetus pelagicus,Steller's Sea-Eagle,526,1,0,
Hapalocrex flaviventer,GRUIFORMES,RALLIDAE,,Hapalocrex,flaviventer,Hapalocrex flaviventer,Yellow-breasted Crake,190,1,0,
Harpagus bidentatus,ACCIPITRIFORMES,ACCIPITRIDAE,ACCIPITRINAE,Harpagus,bidentatus,Harpagus bidentatus,Double-toothed Kite,515,1,0,
Heliomaster constantii,APODIFORMES,TROCHILIDAE,TROCHILINAE,Heliomaster,constantii,Heliomaster constantii,Plain-capped Starthroat,145,1,0,
Helmitheros vermivorum,PASSERIFORMES,PARULIDAE,,Helmitheros,vermivorum,Helmitheros vermivorum,Worm-eating Warbler,1026,1,0,
Helopsaltes certhiola,PASSERIFORMES,LOCUSTELLIDAE,,Helopsaltes,certhiola,Helopsaltes certhiola,Pallas's Grasshopper Warbler,742,1,0,
Helopsaltes ochotensis,PASSERIFORMES,LOCUSTELLIDAE,,Helopsaltes,ochotensis,Helopsaltes ochotensis,Middendorff's Grasshopper Warbler,743,1,0,
Hemignathus affinis,PASSERIFORMES,FRINGILLIDAE,CARDUELINAE,Hemignathus,affinis,Hemignathus affinis,Maui Nukupuʻu,899,1,0,
Hemignathus hanapepe,PASSERIFORMES,FRINGILLIDAE,CARDUELINAE,Hemignathus,hanapepe,Hemignathus hanapepe,Kauai Nukupuʻu,897,1,0,
Hemignathus lucidus,PASSERIFORMES,FRINGILLIDAE,CARDUELINAE,Hemignathus,lucidus,Hemignathus lucidus,Oʻahu Nukupuʻu,898,1,0,
Hemignathus wilsoni,PASSERIFORMES,FRINGILLIDAE,CARDUELINAE,Hemignathus,wilsoni,Hemignathus wilsoni,ʻAkiapolaʻau,900,1,0,
Hierococcyx nisicolor,CUCULIFORMES,CUCULIDAE,CUCULINAE,Hierococcyx,nisicolor,Hierococcyx nisicolor,Hodgson's Hawk-Cuckoo,104,1,0,
Himantopus himantopus,CHARADRIIFORMES,RECURVIROSTRIDAE,,Himantopus,himantopus,Himantopus himantopus,Black-winged Stilt,197,1,0,
Himantopus mexicanus,CHARADRIIFORMES,RECURVIROSTRIDAE,,Himantopus,mexicanus,Himantopus mexicanus,Black-necked Stilt,198,1,0,
Himatione fraithii,PASSERIFORMES,FRINGILLIDAE,CARDUELINAE,Himatione,fraithii,Himatione fraithii,Laysan Honeycreeper,892,1,0,
Himatione sanguinea,PASSERIFORMES,FRINGILLIDAE,CARDUELINAE,Himatione,sanguinea,Himatione sanguinea,ʻApapane,893,1,0,
Hirundapus caudacutus,APODIFORMES,APODIDAE,CHAETURINAE,Hirundapus,caudacutus,Hirundapus caudacutus,White-throated Needletail,130,1,0,
Hirundo rustica,PASSERIFORMES,HIRUNDINIDAE,HIRUNDININAE,Hirundo,rustica,Hirundo rustica,Barn Swallow,759,1,0,
Histrionicus histrionicus,ANSERIFORMES,ANATIDAE,ANATINAE,Histrionicus,histrionicus,Histrionicus histrionicus,Harlequin Duck,54,1,0,
Hydrobates castro,PROCELLARIIFORMES,HYDROBATIDAE,,Hydrobates,castro,Hydrobates castro,Band-rumped Storm-Petrel,404,1,0,
Hydrobates furcatus,PROCELLARIIFORMES,HYDROBATIDAE,,Hydrobates,furcatus,Hydrobates furcatus,Fork-tailed Storm-Petrel,398,1,0,
Hydrobates homochroa,PROCELLARIIFORMES,HYDROBATIDAE,,Hydrobates,homochroa,Hydrobates homochroa,Ashy Storm-Petrel,403,1,1,
Hydrobates hornbyi,PROCELLARIIFORMES,HYDROBATIDAE,,Hydrobates,hornbyi,Hydrobates hornbyi,Ringed Storm-Petrel,399,1,0,
Hydrobates leucorhous,PROCELLARIIFORMES,HYDROBATIDAE,,Hydrobates,leucorhous,Hydrobates leucorhous,Leach's Storm-Petrel,401,1,0,
Hydrobates matsudairae,PROCELLARIIFORMES,HYDROBATIDAE,,Hydrobates,matsudairae,Hydrobates matsudairae,Matsudaira's Storm-Petrel,407,1,0,
Hydrobates melania,PROCELLARIIFORMES,HYDROBATIDAE,,Hydrobates,melania,Hydrobates melania,Black Storm-Petrel,406,1,1,
Hydrobates microsoma,PROCELLARIIFORMES,HYDROBATIDAE,,Hydrobates,microsoma,Hydrobates microsoma,Least Storm-Petrel,409,1,0,
Hydrobates monorhis,PROCELLARIIFORMES,HYDROBATIDAE,,Hydrobates,monorhis,Hydrobates monorhis,Swinhoe's Storm-Petrel,400,1,0,
Hydrobates pelagicus,PROCELLARIIFORMES,HYDROBATIDAE,,Hydrobates,pelagicus,Hydrobates pelagicus,European Storm-Petrel,397,1,0,
Hydrobates socorroensis,PROCELLARIIFORMES,HYDROBATIDAE,,Hydrobates,socorroensis,Hydrobates socorroensis,Townsend's Storm-Petrel,402,1,0,
Hydrobates tethys,PROCELLARIIFORMES,HYDROBATIDAE,,Hydrobates,tethys,Hydrobates tethys,Wedge-rumped Storm-Petrel,405,1,0,
Hydrobates tristrami,PROCELLARIIFORMES,HYDROBATIDAE,,Hydrobates,tristrami,Hydrobates tristrami,Tristram's Storm-Petrel,408,1,0,
Hydrocoloeus minutus,CHARADRIIFORMES,LARIDAE,LARINAE,Hydrocoloeus,minutus,Hydrocoloeus minutus,Little Gull,324,1,0,
Hydroprogne caspia,CHARADRIIFORMES,LARIDAE,STERNINAE,Hydroprogne,caspia,Hydroprogne caspia,Caspian Tern,359,1,0,
Hydropsalis cayennensis,CAPRIMULGIFORMES,CAPRIMULGIDAE,CAPRIMULGINAE,Hydropsalis,cayennensis,Hydropsalis cayennensis,White-tailed Nightjar,123,1,0,
Hylocichla mustelina,PASSERIFORMES,TURDIDAE,,Hylocichla,mustelina,Hylocichla mustelina,Wood Thrush,833,1,1,
Ichthyaetus ichthyaetus,CHARADRIIFORMES,LARIDAE,LARINAE,Ichthyaetus,ichthyaetus,Ichthyaetus ichthyaetus,Pallas's Gull,328,1,0,
Icteria virens,PASSERIFORMES,ICTERIIDAE,,Icteria,virens,Icteria virens,Yellow-breasted Chat,995,1,0,
Icterus abeillei,PASSERIFORMES,ICTERIDAE,ICTERINAE,Icterus,abeillei ,Icterus abeillei,Black-backed Oriole,1010,1,0,
Icterus bullockii,PASSERIFORMES,ICTERIDAE,ICTERINAE,Icterus,bullockii,Icterus bullockii,Bullock's Oriole,1006,1,0,
Icterus cucullatus,PASSERIFORMES,ICTERIDAE,ICTERINAE,Icterus,cucullatus,Icterus cucullatus,Hooded Oriole,1004,1,0,
Icterus galbula,PASSERIFORMES,ICTERIDAE,ICTERINAE,Icterus,galbula,Icterus galbula,Baltimore Oriole,1009,1,0,
Icterus graduacauda,PASSERIFORMES,ICTERIDAE,ICTERINAE,Icterus,graduacauda,Icterus graduacauda,Audubon's Oriole,1008,1,0,
Icterus gularis,PASSERIFORMES,ICTERIDAE,ICTERINAE,Icterus,gularis,Icterus gularis,Altamira Oriole,1007,1,0,
Icterus parisorum,PASSERIFORMES,ICTERIDAE,ICTERINAE,Icterus,parisorum,Icterus parisorum,Scott's Oriole,1011,1,0,
Icterus portoricensis,PASSERIFORMES,ICTERIDAE,ICTERINAE,Icterus,portoricensis,Icterus portoricensis,Puerto Rican Oriole,1001,1,0,
Icterus pustulatus,PASSERIFORMES,ICTERIDAE,ICTERINAE,Icterus,pustulatus,Icterus pustulatus,Streak-backed Oriole,1005,1,0,
Icterus spurius,PASSERIFORMES,ICTERIDAE,ICTERINAE,Icterus,spurius,Icterus spurius,Orchard Oriole,1003,1,0,
Icterus wagleri,PASSERIFORMES,ICTERIDAE,ICTERINAE,Icterus,wagleri,Icterus wagleri,Black-vented Oriole,1002,1,0,
Ictinia mississippiensis,ACCIPITRIFORMES,ACCIPITRIDAE,ACCIPITRINAE,Ictinia,mississippiensis,Ictinia mississippiensis,Mississippi Kite,527,1,0,
Ixobrychus eurhythmus,PELECANIFORMES,ARDEIDAE,,Ixobrychus,eurhythmus,Ixobrychus eurhythmus,Schrenck's Bittern,479,1,0,
Ixobrychus exilis,PELECANIFORMES,ARDEIDAE,,Ixobrychus,exilis,Ixobrychus exilis,Least Bittern,478,1,0,
Ixobrychus flavicollis,PELECANIFORMES,ARDEIDAE,,Ixobrychus,flavicollis,Ixobrychus flavicollis,Black Bittern,480,1,0,
Ixobrychus sinensis,PELECANIFORMES,ARDEIDAE,,Ixobrychus,sinensis,Ixobrychus sinensis,Yellow Bittern,477,1,0,
Ixoreus naevius,PASSERIFORMES,TURDIDAE,,Ixoreus,naevius,Ixoreus naevius,Varied Thrush,844,1,0,
Jabiru mycteria,CICONIIFORMES,CICONIIDAE,,Jabiru,mycteria,Jabiru mycteria,Jabiru,454,1,0,
Jacana spinosa,CHARADRIIFORMES,JACANIDAE,,Jacana,spinosa,Jacana spinosa,Northern Jacana,221,1,0,
Junco hyemalis,PASSERIFORMES,PASSERELLIDAE,,Junco,hyemalis,Junco hyemalis,Dark-eyed Junco,966,1,0,
Junco phaeonotus,PASSERIFORMES,PASSERELLIDAE,,Junco,phaeonotus,Junco phaeonotus,Yellow-eyed Junco,967,1,0,
Jynx torquilla,PICIFORMES,PICIDAE,JYNGINAE,Jynx,torquilla,Jynx torquilla,Eurasian Wryneck,582,1,0,
Lampornis amethystinus,APODIFORMES,TROCHILIDAE,TROCHILINAE,Lampornis,amethystinus,Lampornis amethystinus,Amethyst-throated Mountain-gem,146,1,0,
Lampornis clemenciae,APODIFORMES,TROCHILIDAE,TROCHILINAE,Lampornis,clemenciae,Lampornis clemenciae,Blue-throated Mountain-gem,147,1,0,
Lanius borealis,PASSERIFORMES,LANIIDAE,,Lanius,borealis,Lanius borealis,Northern Shrike,695,1,0,
Lanius cristatus,PASSERIFORMES,LANIIDAE,,Lanius,cristatus,Lanius cristatus,Brown Shrike,693,1,0,
Lanius ludovicianus,PASSERIFORMES,LANIIDAE,,Lanius,ludovicianus,Lanius ludovicianus,Loggerhead Shrike,694,1,0,
Larosterna inca,,,STERNINAE,Larosterna,inca,Larosterna inca,Inca Tern,360,1,0,
Larus argentatus,CHARADRIIFORMES,LARIDAE,LARINAE,Larus,argentatus,Larus argentatus,Herring Gull,338,1,0,
Larus belcheri,CHARADRIIFORMES,LARIDAE,LARINAE,Larus,belcheri,Larus belcheri,Belcher's Gull,329,1,0,
Larus brachyrhynchus,CHARADRIIFORMES,LARIDAE,LARINAE,Larus,brachyrhynchus,Larus brachyrhynchus,Short-billed Gull,333,1,0,
Larus californicus,CHARADRIIFORMES,LARIDAE,LARINAE,Larus,californicus,Larus californicus,California Gull,337,1,1,
Larus canus,CHARADRIIFORMES,LARIDAE,LARINAE,Larus,canus,Larus canus,Common Gull,332,1,0,
Larus crassirostris,CHARADRIIFORMES,LARIDAE,LARINAE,Larus,crassirostris,Larus crassirostris,Black-tailed Gull,330,1,0,
Larus delawarensis,CHARADRIIFORMES,LARIDAE,LARINAE,Larus,delawarensis,Larus delawarensis,Ring-billed Gull,334,1,0,
Larus dominicanus,CHARADRIIFORMES,LARIDAE,LARINAE,Larus,dominicanus,Larus dominicanus,Kelp Gull,346,1,0,
Larus fuscus,CHARADRIIFORMES,LARIDAE,LARINAE,Larus,fuscus,Larus fuscus,Lesser Black-backed Gull,341,1,0,
Larus glaucescens,CHARADRIIFORMES,LARIDAE,LARINAE,Larus,glaucescens,Larus glaucescens,Glaucous-winged Gull,343,1,0,
Larus glaucoides,CHARADRIIFORMES,LARIDAE,LARINAE,Larus,glaucoides,Larus glaucoides,Iceland Gull,340,1,0,
Larus heermanni,CHARADRIIFORMES,LARIDAE,LARINAE,Larus,heermanni,Larus heermanni,Heermann's Gull,331,1,0,
Larus hyperboreus,CHARADRIIFORMES,LARIDAE,LARINAE,Larus,hyperboreus,Larus hyperboreus,Glaucous Gull,344,1,0,
Larus livens,CHARADRIIFORMES,LARIDAE,LARINAE,Larus,livens,Larus livens,Yellow-footed Gull,336,1,0,
Larus marinus,CHARADRIIFORMES,LARIDAE,LARINAE,Larus,marinus,Larus marinus,Great Black-backed Gull,345,1,0,
Larus michahellis,CHARADRIIFORMES,LARIDAE,LARINAE,Larus,michahellis,Larus michahellis,Yellow-legged Gull,339,1,0,
Larus occidentalis,CHARADRIIFORMES,LARIDAE,LARINAE,Larus,occidentalis,Larus occidentalis,Western Gull,335,1,1,
Larus schistisagus,CHARADRIIFORMES,LARIDAE,LARINAE,Larus,schistisagus,Larus schistisagus,Slaty-backed Gull,342,1,0,
Larvivora cyane,PASSERIFORMES,MUSCICAPIDAE,,Larvivora,cyane,Larvivora cyane,Siberian Blue Robin,851,1,0,
Larvivora sibilans,PASSERIFORMES,MUSCICAPIDAE,,Larvivora,sibilans,Larvivora sibilans,Rufous-tailed Robin,852,1,0,
Laterallus jamaicensis,GRUIFORMES,RALLIDAE,,Laterallus,jamaicensis,Laterallus jamaicensis,Black Rail,191,1,0,
Legatus leucophaius,PASSERIFORMES,TYRANNIDAE,TYRANNINAE,Legatus,leucophaius,Legatus leucophaius,Piratic Flycatcher,638,1,0,
Leiothlypis celata,PASSERIFORMES,PARULIDAE,,Leiothlypis,celata,Leiothlypis celata,Orange-crowned Warbler,1037,1,0,
Leiothlypis crissalis,PASSERIFORMES,PARULIDAE,,Leiothlypis,crissalis,Leiothlypis crissalis,Colima Warbler,1038,1,1,
Leiothlypis luciae,PASSERIFORMES,PARULIDAE,,Leiothlypis,luciae,Leiothlypis luciae,Lucy's Warbler,1039,1,0,
Leiothlypis peregrina,PASSERIFORMES,PARULIDAE,,Leiothlypis,peregrina,Leiothlypis peregrina,Tennessee Warbler,1036,1,0,
Leiothlypis ruficapilla,PASSERIFORMES,PARULIDAE,,Leiothlypis,ruficapilla,Leiothlypis ruficapilla,Nashville Warbler,1040,1,0,
Leiothlypis virginiae,PASSERIFORMES,PARULIDAE,,Leiothlypis,virginiae,Leiothlypis virginiae,Virginia's Warbler,1041,1,1,
Leptotila verreauxi,COLUMBIFORMES,COLUMBIDAE,,Leptotila,verreauxi,Leptotila verreauxi,White-tipped Dove,92,1,0,
Leucophaeus atricilla,CHARADRIIFORMES,LARIDAE,LARINAE,Leucophaeus,atricilla,Leucophaeus atricilla,Laughing Gull,326,1,0,
Leucophaeus pipixcan,CHARADRIIFORMES,LARIDAE,LARINAE,Leucophaeus,pipixcan,Leucophaeus pipixcan,Franklin's Gull,327,1,1,
Leucosticte arctoa,PASSERIFORMES,FRINGILLIDAE,CARDUELINAE,Leucosticte,arctoa,Leucosticte arctoa,Asian Rosy-Finch,915,1,0,
Leucosticte atrata,PASSERIFORMES,FRINGILLIDAE,CARDUELINAE,Leucosticte,atrata,Leucosticte atrata,Black Rosy-Finch,917,1,0,
Leucosticte australis,PASSERIFORMES,FRINGILLIDAE,CARDUELINAE,Leucosticte,australis,Leucosticte australis,Brown-capped Rosy-Finch,918,1,0,
Leucosticte tephrocotis,PASSERIFORMES,FRINGILLIDAE,CARDUELINAE,Leucosticte,tephrocotis,Leucosticte tephrocotis,Gray-crowned Rosy-Finch,916,1,0,
Limnodromus griseus,CHARADRIIFORMES,SCOLOPACIDAE,SCOLOPACINAE,Limnodromus,griseus,Limnodromus griseus,Short-billed Dowitcher,260,1,1,
Limnodromus scolopaceus,CHARADRIIFORMES,SCOLOPACIDAE,SCOLOPACINAE,Limnodromus,scolopaceus,Limnodromus scolopaceus,Long-billed Dowitcher,261,1,0,
Limnothlypis swainsonii,PASSERIFORMES,PARULIDAE,,Limnothlypis,swainsonii,Limnothlypis swainsonii,Swainson's Warbler,1034,1,0,
Limosa fedoa,CHARADRIIFORMES,SCOLOPACIDAE,LIMOSINAE,Limosa,fedoa,Limosa fedoa,Marbled Godwit,233,1,1,
Limosa haemastica,CHARADRIIFORMES,SCOLOPACIDAE,LIMOSINAE,Limosa,haemastica,Limosa haemastica,Hudsonian Godwit,232,1,1,
Limosa lapponica,CHARADRIIFORMES,SCOLOPACIDAE,LIMOSINAE,Limosa,lapponica,Limosa lapponica,Bar-tailed Godwit,230,1,0,
Limosa limosa,CHARADRIIFORMES,SCOLOPACIDAE,LIMOSINAE,Limosa,limosa,Limosa limosa,Black-tailed Godwit,231,1,0,
Locustella fluviatilis,PASSERIFORMES,LOCUSTELLIDAE,,Locustella,fluviatilis,Locustella fluviatilis,River Warbler,745,1,0,
Locustella lanceolata,PASSERIFORMES,LOCUSTELLIDAE,,Locustella,lanceolata,Locustella lanceolata,Lanceolated Warbler,744,1,0,
Lophodytes cucullatus,ANSERIFORMES,ANATIDAE,ANATINAE,Lophodytes,cucullatus,Lophodytes cucullatus,Hooded Merganser,65,1,0,
Loxia curvirostra,PASSERIFORMES,FRINGILLIDAE,CARDUELINAE,Loxia,curvirostra,Loxia curvirostra,Red Crossbill,925,1,0,
Loxia leucoptera,PASSERIFORMES,FRINGILLIDAE,CARDUELINAE,Loxia,leucoptera,Loxia leucoptera,White-winged Crossbill,927,1,0,
Loxia sinesciuris,PASSERIFORMES,FRINGILLIDAE,CARDUELINAE,Loxia,sinesciuris,Loxia sinesciuris,Cassia Crossbill,926,1,0,
Loxioides bailleui,PASSERIFORMES,FRINGILLIDAE,CARDUELINAE,Loxioides,bailleui,Loxioides bailleui,Palila,888,1,0,
Loxops caeruleirostris,PASSERIFORMES,FRINGILLIDAE,CARDUELINAE,Loxops,caeruleirostris,Loxops caeruleirostris,‘Akeke‘e,909,1,0,
Loxops coccineus,PASSERIFORMES,FRINGILLIDAE,CARDUELINAE,Loxops,coccineus,Loxops coccineus,Hawaii ʻAkepa,912,1,0,
Loxops mana,PASSERIFORMES,FRINGILLIDAE,CARDUELINAE,Loxops,mana,Loxops mana,Hawaii Creeper,908,1,0,
Loxops ochraceus,PASSERIFORMES,FRINGILLIDAE,CARDUELINAE,Loxops,ochraceus,Loxops ochraceus,Maui ʻAkepa,911,1,0,
Loxops wolstenholmei,PASSERIFORMES,FRINGILLIDAE,CARDUELINAE,Loxops,wolstenholmei,Loxops wolstenholmei,Oʻahu ʻAkepa,910,1,0,
Lymnocryptes minimus,CHARADRIIFORMES,SCOLOPACIDAE,SCOLOPACINAE,Lymnocryptes,minimus,Lymnocryptes minimus,Jack Snipe,262,1,0,
Macronectes halli ,PROCELLARIIFORMES,PROCELLARIIDAE,,Macronectes,halli,Macronectes halli ,Northern Giant-Petrel,410,1,0,
Magumma parva,PASSERIFORMES,FRINGILLIDAE,CARDUELINAE,Magumma,parva,Magumma parva,ʻAnianiau,904,1,0,
Mareca americana,ANSERIFORMES,ANATIDAE,ANATINAE,Mareca,americana,Mareca americana,American Wigeon,30,1,0,
Mareca falcata,ANSERIFORMES,ANATIDAE,ANATINAE,Mareca,falcata,Mareca falcata,Falcated Duck,28,1,0,
Mareca penelope,ANSERIFORMES,ANATIDAE,ANATINAE,Mareca,penelope,Mareca penelope,Eurasian Wigeon,29,1,0,
Mareca strepera,ANSERIFORMES,ANATIDAE,ANATINAE,Mareca,strepera,Mareca strepera,Gadwall,27,1,0,
Margarops fuscatus,PASSERIFORMES,MIMIDAE,,Margarops,fuscatus,Margarops fuscatus,Pearly-eyed Thrasher,803,1,0,
Megaceryle alcyon,CORACIIFORMES,ALCEDINIDAE,CERYLINAE,Megaceryle,alcyon,Megaceryle alcyon,Belted Kingfisher,579,1,0,
Megaceryle torquata,CORACIIFORMES,ALCEDINIDAE,CERYLINAE,Megaceryle,torquata,Megaceryle torquata,Ringed Kingfisher,578,1,0,
Megascops asio,STRIGIFORMES,STRIGIDAE,,Megascops,asio,Megascops asio,Eastern Screech-Owl,553,1,0,
Megascops kennicottii,STRIGIFORMES,STRIGIDAE,,Megascops,kennicottii,Megascops kennicottii,Western Screech-Owl,552,1,0,
Megascops trichopsis,STRIGIFORMES,STRIGIDAE,,Megascops,trichopsis,Megascops trichopsis,Whiskered Screech-Owl,551,1,0,
Melamprosops phaeosoma,PASSERIFORMES,FRINGILLIDAE,CARDUELINAE,Melamprosops,phaeosoma,Melamprosops phaeosoma,Poʻouli,883,1,0,
Melanerpes aurifrons,PICIFORMES,PICIDAE,PICINAE,Melanerpes,aurifrons,Melanerpes aurifrons,Golden-fronted Woodpecker,588,1,0,
Melanerpes carolinus,PICIFORMES,PICIDAE,PICINAE,Melanerpes,carolinus,Melanerpes carolinus,Red-bellied Woodpecker,589,1,0,
Melanerpes erythrocephalus,PICIFORMES,PICIDAE,PICINAE,Melanerpes,erythrocephalus,Melanerpes erythrocephalus,Red-headed Woodpecker,585,1,0,
Melanerpes formicivorus,PICIFORMES,PICIDAE,PICINAE,Melanerpes,formicivorus,Melanerpes formicivorus,Acorn Woodpecker,586,1,0,
Melanerpes lewis,PICIFORMES,PICIDAE,PICINAE,Melanerpes,lewis,Melanerpes lewis,Lewis's Woodpecker,583,1,0,
Melanerpes portoricensis,PICIFORMES,PICIDAE,PICINAE,Melanerpes,portoricensis,Melanerpes portoricensis,Puerto Rican Woodpecker,584,1,0,
Melanerpes uropygialis,PICIFORMES,PICIDAE,PICINAE,Melanerpes,uropygialis,Melanerpes uropygialis,Gila Woodpecker,587,1,0,
Melanitta americana,ANSERIFORMES,ANATIDAE,ANATINAE,Melanitta,americana,Melanitta americana,Black Scoter,59,1,0,
Melanitta deglandi,ANSERIFORMES,ANATIDAE,ANATINAE,Melanitta,deglandi,Melanitta deglandi,White-winged Scoter,56,1,0,
Melanitta nigra,ANSERIFORMES,ANATIDAE,ANATINAE,Melanitta,nigra,Melanitta nigra,Common Scoter,58,1,0,
Melanitta perspicillata,ANSERIFORMES,ANATIDAE,ANATINAE,Melanitta,perspicillata,Melanitta perspicillata,Surf Scoter,55,1,0,
Melanitta stejneger,ANSERIFORMES,ANATIDAE,ANATINAE,Melanitta,stejnegeri,Melanitta stejneger,Stejneger’s Scoter,57,1,0,
Melanoptila glabrirostris,PASSERIFORMES,MIMIDAE,,Melanoptila,glabrirostris,Melanoptila glabrirostris,Black Catbird,801,1,0,
Melanospiza bicolor,PASSERIFORMES,THRAUPIDAE,COEREBINAE,Melanospiza,bicolor,Melanospiza bicolor,Black-faced Grassquit,1105,1,0,
Melanotis caerulescens,PASSERIFORMES,MIMIDAE,,Melanotis,caerulescens,Melanotis caerulescens,Blue Mockingbird,800,1,0,
Mellisuga minima,APODIFORMES,TROCHILIDAE,TROCHILINAE,Mellisuga,minima,Mellisuga minima,Vervain Hummingbird,151,1,0,
Melopyrrha portoricensis,PASSERIFORMES,THRAUPIDAE,COEREBINAE,Melopyrrha,portoricensis,Melopyrrha portoricensis,Puerto Rican Bullfinch,1104,1,0,
Melospiza georgiana,PASSERIFORMES,PASSERELLIDAE,,Melospiza,georgiana,Melospiza georgiana,Swamp Sparrow,984,1,0,
Melospiza lincolnii,PASSERIFORMES,PASSERELLIDAE,,Melospiza,lincolnii,Melospiza lincolnii,Lincoln's Sparrow,983,1,0,
Melospiza melodia,PASSERIFORMES,PASSERELLIDAE,,Melospiza,melodia,Melospiza melodia,Song Sparrow,982,1,0,
Melozone aberti,PASSERIFORMES,PASSERELLIDAE,,Melozone,aberti,Melozone aberti,Abert's Towhee,986,1,0,
Melozone crissalis,PASSERIFORMES,PASSERELLIDAE,,Melozone,crissalis,Melozone crissalis,California Towhee,987,1,0,
Melozone fusca,PASSERIFORMES,PASSERELLIDAE,,Melozone,fusca,Melozone fusca,Canyon Towhee,985,1,0,
Mergellus albellus,ANSERIFORMES,ANATIDAE,ANATINAE,Mergellus,albellus,Mergellus albellus,Smew,64,1,0,
Mergus merganser,ANSERIFORMES,ANATIDAE,ANATINAE,Mergus,merganser,Mergus merganser,Common Merganser,66,1,0,
Mergus serrator,ANSERIFORMES,ANATIDAE,ANATINAE,Mergus,serrator,Mergus serrator,Red-breasted Merganser,67,1,0,
Micrastur semitorquatus,FALCONIFORMES,FALCONIDAE,HERPETOTHERINAE,Micrastur,semitorquatus,Micrastur semitorquatus,Collared Forest-Falcon,608,1,0,
Micrathene whitneyi,STRIGIFORMES,STRIGIDAE,,Micrathene,whitneyi,Micrathene whitneyi,Elf Owl,559,1,0,
Microcarbo melanoleucos,SULIFORMES,PHALACROCORACIDAE,,Microcarbo,melanoleucos,Microcarbo melanoleucos,Little Pied Cormorant,467,1,0,
Milvus migrans,ACCIPITRIFORMES,ACCIPITRIDAE,ACCIPITRINAE,Milvus,migrans,Milvus migrans,Black Kite,523,1,0,
Mimus gundlachii,PASSERIFORMES,MIMIDAE,,Mimus,gundlachii,Mimus gundlachii,Bahama Mockingbird,812,1,0,
Mimus polyglottos,PASSERIFORMES,MIMIDAE,,Mimus,polyglottos,Mimus polyglottos,Northern Mockingbird,813,1,0,
Mitrephanes phaeocercus,PASSERIFORMES,TYRANNIDAE,FLUVICOLINAE,Mitrephanes,phaeocercus,Mitrephanes phaeocercus,Tufted Flycatcher,651,1,0,
Mniotilta varia,PASSERIFORMES,PARULIDAE,,Mniotilta,varia,Mniotilta varia,Black-and-white Warbler,1032,1,0,
Molothrus aeneus,PASSERIFORMES,ICTERIDAE,AGELAIINAE,Molothrus,aeneus,Molothrus aeneus,Bronzed Cowbird,1017,1,0,
Molothrus ater,PASSERIFORMES,ICTERIDAE,AGELAIINAE,Molothrus,ater,Molothrus ater,Brown-headed Cowbird,1018,1,0,
Molothrus bonariensis,PASSERIFORMES,ICTERIDAE,AGELAIINAE,Molothrus,bonariensis,Molothrus bonariensis,Shiny Cowbird,1016,1,0,
Monticola solitarius,PASSERIFORMES,MUSCICAPIDAE,,Monticola,solitarius,Monticola solitarius,Blue Rock-Thrush,863,1,0,
Morus bassanus,SULIFORMES,SULIDAE,,Morus,bassanus,Morus bassanus,Northern Gannet,465,1,0,
Motacilla alba,PASSERIFORMES,MOTACILLIDAE,,Motacilla,alba,Motacilla alba,White Wagtail,869,1,0,
Motacilla cinerea,PASSERIFORMES,MOTACILLIDAE,,Motacilla,cinerea,Motacilla cinerea,Gray Wagtail,868,1,0,
Motacilla citreola,PASSERIFORMES,MOTACILLIDAE,,Motacilla,citreola,Motacilla citreola,Citrine Wagtail,867,1,0,
Motacilla tschutschensis,PASSERIFORMES,MOTACILLIDAE,,Motacilla,tschutschensis,Motacilla tschutschensis,Eastern Yellow Wagtail,866,1,0,
Muscicapa dauurica,PASSERIFORMES,MUSCICAPIDAE,,Muscicapa,dauurica,Muscicapa dauurica,Asian Brown Flycatcher,847,1,0,
Muscicapa griseisticta,PASSERIFORMES,MUSCICAPIDAE,,Muscicapa,griseisticta,Muscicapa griseisticta,Gray-streaked Flycatcher,846,1,0,
Muscicapa sibirica,PASSERIFORMES,MUSCICAPIDAE,,Muscicapa,sibirica,Muscicapa sibirica,Dark-sided Flycatcher,849,1,0,
Muscicapa striata,PASSERIFORMES,MUSCICAPIDAE,,Muscicapa,striata,Muscicapa striata,Spotted Flycatcher,848,1,0,
Myadestes lanaiensis,PASSERIFORMES,TURDIDAE,,Myadestes,lanaiensis,Myadestes lanaiensis,Olomaʻo,823,1,0,
Myadestes myadestinus,PASSERIFORMES,TURDIDAE,,Myadestes,myadestinus,Myadestes myadestinus,Kāmaʻo,822,1,0,
Myadestes obscurus,PASSERIFORMES,TURDIDAE,,Myadestes,obscurus,Myadestes obscurus,‘Ōma’o,824,1,0,
Myadestes occidentalis,PASSERIFORMES,TURDIDAE,,Myadestes,occidentalis,Myadestes occidentalis,Brown-backed Solitaire,821,1,0,
Myadestes palmeri,PASSERIFORMES,TURDIDAE,,Myadestes,palmeri,Myadestes palmeri,Puaiohi,825,1,0,
Myadestes townsendi,PASSERIFORMES,TURDIDAE,,Myadestes,townsendi,Myadestes townsendi,Townsend's Solitaire,820,1,0,
Mycteria americana,CICONIIFORMES,CICONIIDAE,,Mycteria,americana,Mycteria americana,Wood Stork,455,1,0,E
Myiarchus antillarum,PASSERIFORMES,TYRANNIDAE,TYRANNINAE,Myiarchus,antillarum,Myiarchus antillarum,Puerto Rican Flycatcher,634,1,0,
Myiarchus cinerascens,PASSERIFORMES,TYRANNIDAE,TYRANNINAE,Myiarchus,cinerascens,Myiarchus cinerascens,Ash-throated Flycatcher,629,1,0,
Myiarchus crinitus,PASSERIFORMES,TYRANNIDAE,TYRANNINAE,Myiarchus,crinitus,Myiarchus crinitus,Great Crested Flycatcher,631,1,0,
Myiarchus nuttingi,PASSERIFORMES,TYRANNIDAE,TYRANNINAE,Myiarchus,nuttingi,Myiarchus nuttingi,Nutting's Flycatcher,630,1,0,
Myiarchus sagrae,PASSERIFORMES,TYRANNIDAE,TYRANNINAE,Myiarchus,sagrae,Myiarchus sagrae,La Sagra's Flycatcher,633,1,0,
Myiarchus tuberculifer,PASSERIFORMES,TYRANNIDAE,TYRANNINAE,Myiarchus,tuberculifer,Myiarchus tuberculifer,Dusky-capped Flycatcher,628,1,0,
Myiarchus tyrannulus,PASSERIFORMES,TYRANNIDAE,TYRANNINAE,Myiarchus,tyrannulus,Myiarchus tyrannulus,Brown-crested Flycatcher,632,1,0,
Myioborus miniatus,PASSERIFORMES,PARULIDAE,,Myioborus,miniatus,Myioborus miniatus,Slate-throated Redstart,1082,1,0,
Myioborus pictus,PASSERIFORMES,PARULIDAE,,Myioborus,pictus,Myioborus pictus,Painted Redstart,1081,1,0,
Myiodynastes luteiventris,PASSERIFORMES,TYRANNIDAE,TYRANNINAE,Myiodynastes,luteiventris,Myiodynastes luteiventris,Sulphur-bellied Flycatcher,637,1,0,
Myiopagis viridicata,PASSERIFORMES,TYRANNIDAE,ELAENIINAE,Myiopagis,viridicata,Myiopagis viridicata,Greenish Elaenia,624,1,0,
Myiozetetes similis,PASSERIFORMES,TYRANNIDAE,TYRANNINAE,Myiozetetes,similis,Myiozetetes similis,Social Flycatcher,636,1,0,
Nannopterum auritum,SULIFORMES,PHALACROCORACIDAE,,Nannopterum,auritum,Nannopterum auritum,Double-crested Cormorant,472,1,0,
Nannopterum brasilianum,SULIFORMES,PHALACROCORACIDAE,,Nannopterum,brasilianum,Nannopterum brasilianum,Neotropic Cormorant,473,1,0,
Neocrex erythrops,GRUIFORMES,RALLIDAE,,Neocrex,erythrops,Neocrex erythrops,Paint-billed Crake,171,1,0,
Nesofregetta fuliginosa,PROCELLARIIFORMES,OCEANITIDAE,,Nesofregetta,fuliginosa,Nesofregetta fuliginosa,Polynesian Storm-Petrel,396,1,0,
Nesophlox evelynae,APODIFORMES,TROCHILIDAE,TROCHILINAE,Nesophlox,evelynae,Nesophlox evelynae,Bahama Woodstar,152,1,0,
Nesospingus speculiferus,PASSERIFORMES,NESOSPINGIDAE,,Nesospingus,speculiferus,Nesospingus speculiferus,Puerto Rican Tanager,992,1,0,
Ninox japonica,STRIGIFORMES,STRIGIDAE,,Ninox,japonica,Ninox japonica,Northern Boobook,570,1,0,
Nomonyx dominicus,ANSERIFORMES,ANATIDAE,ANATINAE,Nomonyx,dominicus,Nomonyx dominicus,Masked Duck,68,1,0,
Nucifraga columbiana,PASSERIFORMES,CORVIDAE,,Nucifraga,columbiana,Nucifraga columbiana,Clark's Nutcracker,707,1,0,
Numenius americanus,CHARADRIIFORMES,SCOLOPACIDAE,NUMENIINAE,Numenius,americanus,Numenius americanus,Long-billed Curlew,227,1,0,
Numenius arquata,CHARADRIIFORMES,SCOLOPACIDAE,NUMENIINAE,Numenius,arquata,Numenius arquata,Eurasian Curlew,229,1,0,
Numenius borealis,CHARADRIIFORMES,SCOLOPACIDAE,NUMENIINAE,Numenius,borealis,Numenius borealis,Eskimo Curlew,226,1,0,E
Numenius madagascariensis,CHARADRIIFORMES,SCOLOPACIDAE,NUMENIINAE,Numenius,madagascariensis,Numenius madagascariensis,Far Eastern Curlew,228,1,0,
Numenius minutus,CHARADRIIFORMES,SCOLOPACIDAE,NUMENIINAE,Numenius,minutus,Numenius minutus,Little Curlew,225,1,0,
Numenius phaeopus,CHARADRIIFORMES,SCOLOPACIDAE,NUMENIINAE,Numenius,phaeopus,Numenius phaeopus,Whimbrel,224,1,0,
Numenius tahitiensis,CHARADRIIFORMES,SCOLOPACIDAE,NUMENIINAE,Numenius,tahitiensis,Numenius tahitiensis,Bristle-thighed Curlew,223,1,0,
Nyctanassa violacea,PELECANIFORMES,ARDEIDAE,,Nyctanassa,violacea,Nyctanassa violacea,Yellow-crowned Night-Heron,499,1,0,
Nycticorax caledonicus,PELECANIFORMES,ARDEIDAE,,Nycticorax,caledonicus,Nycticorax caledonicus,Nankeen Night-Heron,498,1,0,
Nycticorax nycticorax,PELECANIFORMES,ARDEIDAE,,Nycticorax,nycticorax,Nycticorax nycticorax,Black-crowned Night-Heron,497,1,0,
Nyctidromus albicollis,CAPRIMULGIFORMES,CAPRIMULGIDAE,CAPRIMULGINAE,Nyctidromus,albicollis,Nyctidromus albicollis,Common Pauraque,116,1,0,
Oceanites oceanicus,PROCELLARIIFORMES,OCEANITIDAE,,Oceanites,oceanicus,Oceanites oceanicus,Wilson's Storm-Petrel,392,1,0,
Oenanthe oenanthe,PASSERIFORMES,MUSCICAPIDAE,,Oenanthe,oenanthe,Oenanthe oenanthe,Northern Wheatear,861,1,0,
Oenanthe pleschanka,PASSERIFORMES,MUSCICAPIDAE,,Oenanthe,pleschanka,Oenanthe pleschanka,Pied Wheatear,862,1,0,
Onychoprion aleuticus,CHARADRIIFORMES,LARIDAE,STERNINAE,Onychoprion,aleuticus,Onychoprion aleuticus,Aleutian Tern,354,1,0,
Onychoprion anaethetus,CHARADRIIFORMES,LARIDAE,STERNINAE,Onychoprion,anaethetus,Onychoprion anaethetus,Bridled Tern,353,1,0,
Onychoprion fuscatus,CHARADRIIFORMES,LARIDAE,STERNINAE,Onychoprion,fuscatus,Onychoprion fuscatus,Sooty Tern,351,1,0,
Onychoprion lunatus,CHARADRIIFORMES,LARIDAE,STERNINAE,Onychoprion,lunatus,Onychoprion lunatus,Gray-backed Tern,352,1,0,
Oporornis agilis,PASSERIFORMES,PARULIDAE,,Oporornis,agilis,Oporornis agilis,Connecticut Warbler,1042,1,1,
Oreomystis bairdi,PASSERIFORMES,FRINGILLIDAE,CARDUELINAE,Oreomystis,bairdi,Oreomystis bairdi,ʻAkikiki,884,1,0,
Oreoscoptes montanus,PASSERIFORMES,MIMIDAE,,Oreoscoptes,montanus,Oreoscoptes montanus,Sage Thrasher,811,1,0,
Oreothlypis superciliosa,PASSERIFORMES,PARULIDAE,,Oreothlypis,superciliosa,Oreothlypis superciliosa,Crescent-chested Warbler,1035,1,0,
Orthorhyncus cristatus,APODIFORMES,TROCHILIDAE,TROCHILINAE,Orthorhyncus,cristatus,Orthorhyncus cristatus,Antillean Crested Hummingbird,164,1,0,
Otus sunia,STRIGIFORMES,STRIGIDAE,,Otus,sunia,Otus sunia,Oriental Scops-Owl,548,1,0,
Oxyura jamaicensis,ANSERIFORMES,ANATIDAE,ANATINAE,Oxyura,jamaicensis,Oxyura jamaicensis,Ruddy Duck,69,1,0,
Pachyramphus aglaiae,PASSERIFORMES,TITYRIDAE,,Pachyramphus,aglaiae,Pachyramphus aglaiae,Rose-throated Becard,622,1,0,
Pachyramphus major,PASSERIFORMES,TITYRIDAE,,Pachyramphus,major,Pachyramphus major,Gray-collared Becard,621,1,0,
Pagophila eburnea,CHARADRIIFORMES,LARIDAE,LARINAE,Pagophila,eburnea,Pagophila eburnea,Ivory Gull,319,1,0,
Palmeria dolei,PASSERIFORMES,FRINGILLIDAE,CARDUELINAE,Palmeria,dolei,Palmeria dolei,ʻAkohekohe,891,1,0,
Pandion haliaetus,ACCIPITRIFORMES,PANDIONIDAE,,Pandion,haliaetus,Pandion haliaetus,Osprey,510,1,0,
Papasula abbotti,SULIFORMES,SULIDAE,,Papasula,abbotti,Papasula abbotti,Abbott's Booby,464,1,0,
Parabuteo unicinctus,ACCIPITRIFORMES,ACCIPITRIDAE,ACCIPITRINAE,Parabuteo,unicinctus,Parabuteo unicinctus,Harris's Hawk,534,1,0,
Pardirallus maculatus,GRUIFORMES,RALLIDAE,,Pardirallus,maculatus,Pardirallus maculatus,Spotted Rail,172,1,0,
Parkesia motacilla,PASSERIFORMES,PARULIDAE,,Parkesia,motacilla,Parkesia motacilla,Louisiana Waterthrush,1027,1,0,
Parkesia noveboracensis,PASSERIFORMES,PARULIDAE,,Parkesia,noveboracensis,Parkesia noveboracensis,Northern Waterthrush,1028,1,0,
Paroreomyza flammea,PASSERIFORMES,FRINGILLIDAE,CARDUELINAE,Paroreomyza,flammea,Paroreomyza flammea,Kākāwahie,886,1,0,
Paroreomyza maculata,PASSERIFORMES,FRINGILLIDAE,CARDUELINAE,Paroreomyza,maculata,Paroreomyza maculata,Oʻahu ʻAlauahio,885,1,0,
Paroreomyza montana,PASSERIFORMES,FRINGILLIDAE,CARDUELINAE,Paroreomyza,montana,Paroreomyza montana,Maui 'Alauahio,887,1,0,
Passerculus sandwichensis,PASSERIFORMES,PASSERELLIDAE,,Passerculus,sandwichensis,Passerculus sandwichensis,Savannah Sparrow,981,1,0,
Passerella iliaca,PASSERIFORMES,PASSERELLIDAE,,Passerella,iliaca,Passerella iliaca,Fox Sparrow,964,1,0,
Passerina amoena,PASSERIFORMES,CARDINALIDAE,,Passerina,amoena,Passerina amoena,Lazuli Bunting,1096,1,0,
Passerina caerulea,PASSERIFORMES,CARDINALIDAE,,Passerina,caerulea,Passerina caerulea,Blue Grosbeak,1095,1,0,
Passerina ciris,PASSERIFORMES,CARDINALIDAE,,Passerina,ciris,Passerina ciris,Painted Bunting,1099,1,0,
Passerina cyanea,PASSERIFORMES,CARDINALIDAE,,Passerina,cyanea,Passerina cyanea,Indigo Bunting,1097,1,0,
Passerina versicolor,PASSERIFORMES,CARDINALIDAE,,Passerina,versicolor,Passerina versicolor,Varied Bunting,1098,1,1,
Patagioenas fasciata,COLUMBIFORMES,COLUMBIDAE,,Patagioenas,fasciata,Patagioenas fasciata,Band-tailed Pigeon,82,1,0,
Patagioenas flavirostris,COLUMBIFORMES,COLUMBIDAE,,Patagioenas,flavirostris,Patagioenas flavirostris,Red-billed Pigeon,80,1,0,
Patagioenas inornata,COLUMBIFORMES,COLUMBIDAE,,Patagioenas,inornata,Patagioenas inornata,Plain Pigeon,81,1,0,
Patagioenas leucocephala,COLUMBIFORMES,COLUMBIDAE,,Patagioenas,leucocephala,Patagioenas leucocephala,White-crowned Pigeon,79,1,1,
Patagioenas squamosa,COLUMBIFORMES,COLUMBIDAE,,Patagioenas,squamosa,Patagioenas squamosa,Scaly-naped Pigeon,78,1,0,
Pelagodroma marina,PROCELLARIIFORMES,OCEANITIDAE,,Pelagodroma,marina,Pelagodroma marina,White-faced Storm-Petrel,393,1,0,
Pelecanus erythrorhynchos,PELECANIFORMES,PELECANIDAE,,Pelecanus,erythrorhynchos,Pelecanus erythrorhynchos,American White Pelican,474,1,0,
Pelecanus occidentalis,PELECANIFORMES,PELECANIDAE,,Pelecanus,occidentalis,Pelecanus occidentalis,Brown Pelican,475,1,0,
Perisoreus canadensis,PASSERIFORMES,CORVIDAE,,Perisoreus,canadensis,Perisoreus canadensis,Canada Jay,696,1,0,
Petrochelidon fulva,PASSERIFORMES,HIRUNDINIDAE,HIRUNDININAE,Petrochelidon,fulva,Petrochelidon fulva,Cave Swallow,762,1,0,
Petrochelidon pyrrhonota,PASSERIFORMES,HIRUNDINIDAE,HIRUNDININAE,Petrochelidon,pyrrhonota,Petrochelidon pyrrhonota,Cliff Swallow,761,1,0,
Peucaea aestivalis,PASSERIFORMES,PASSERELLIDAE,,Peucaea,aestivalis,Peucaea aestivalis,Bachman's Sparrow,951,1,0,
Peucaea botterii,PASSERIFORMES,PASSERELLIDAE,,Peucaea,botterii,Peucaea botterii,Botteri's Sparrow,949,1,0,
Peucaea carpalis,PASSERIFORMES,PASSERELLIDAE,,Peucaea,carpalis,Peucaea carpalis,Rufous-winged Sparrow,948,1,0,
Peucaea cassinii,PASSERIFORMES,PASSERELLIDAE,,Peucaea,cassinii,Peucaea cassinii,Cassin's Sparrow,950,1,0,
Peucedramus taeniatus,PASSERIFORMES,PEUCEDRAMIDAE,,Peucedramus,taeniatus,Peucedramus taeniatus,Olive Warbler,864,1,0,
Phaethon aethereus,PHAETHONTIFORMES,PHAETHONTIDAE,,Phaethon,aethereus,Phaethon aethereus,Red-billed Tropicbird,375,1,0,
Phaethon lepturus,PHAETHONTIFORMES,PHAETHONTIDAE,,Phaethon,lepturus,Phaethon lepturus,White-tailed Tropicbird,374,1,0,
Phaethon rubricauda,PHAETHONTIFORMES,PHAETHONTIDAE,,Phaethon,rubricauda,Phaethon rubricauda,Red-tailed Tropicbird,376,1,0,
Phaetusa simplex,CHARADRIIFORMES,LARIDAE,STERNINAE,Phaetusa,simplex,Phaetusa simplex,Large-billed Tern,357,1,0,
Phainopepla nitens,PASSERIFORMES,PTILIOGONATIDAE,,Phainopepla,nitens,Phainopepla nitens,Phainopepla,779,1,0,
Phalacrocorax carbo,SULIFORMES,PHALACROCORACIDAE,,Phalacrocorax,carbo,Phalacrocorax carbo,Great Cormorant,471,1,0,
Phalaenoptilus nuttallii,CAPRIMULGIFORMES,CAPRIMULGIDAE,CAPRIMULGINAE,Phalaenoptilus,nuttallii,Phalaenoptilus nuttallii,Common Poorwill,117,1,0,
Phalaropus fulicarius,CHARADRIIFORMES,SCOLOPACIDAE,TRINGINAE,Phalaropus,fulicarius,Phalaropus fulicarius,Red Phalarope,288,1,0,
Phalaropus lobatus,CHARADRIIFORMES,SCOLOPACIDAE,TRINGINAE,Phalaropus,lobatus,Phalaropus lobatus,Red-necked Phalarope,287,1,0,
Phalaropus tricolor,CHARADRIIFORMES,SCOLOPACIDAE,TRINGINAE,Phalaropus,tricolor,Phalaropus tricolor,Wilson's Phalarope,286,1,0,
Pheucticus chrysopeplus,PASSERIFORMES,CARDINALIDAE,,Pheucticus,chrysopeplus,Pheucticus chrysopeplus,Yellow Grosbeak,1091,1,0,
Pheucticus ludovicianus,PASSERIFORMES,CARDINALIDAE,,Pheucticus,ludovicianus,Pheucticus ludovicianus,Rose-breasted Grosbeak,1092,1,0,
Pheucticus melanocephalus,PASSERIFORMES,CARDINALIDAE,,Pheucticus,melanocephalus,Pheucticus melanocephalus,Black-headed Grosbeak,1093,1,0,
Phoebastria albatrus,PROCELLARIIFORMES,DIOMEDEIDAE,,Phoebastria,albatrus,Phoebastria albatrus,Short-tailed Albatross,391,1,0,
Phoebastria immutabilis,PROCELLARIIFORMES,DIOMEDEIDAE,,Phoebastria,immutabilis,Phoebastria immutabilis,Laysan Albatross,389,1,0,
Phoebastria nigripes,PROCELLARIIFORMES,DIOMEDEIDAE,,Phoebastria,nigripes,Phoebastria nigripes,Black-footed Albatross,390,1,0,
Phoebetria palpebrata,PROCELLARIIFORMES,DIOMEDEIDAE,,Phoebetria,palpebrata,Phoebetria palpebrata,Light-mantled Albatross,387,1,0,
Phoenicopterus ruber,PHOENICOPTERIFORMES,PHOENICOPTERIDAE,,Phoenicopterus,ruber,Phoenicopterus ruber,American Flamingo,70,1,0,
Phoenicurus phoenicurus,PASSERIFORMES,MUSCICAPIDAE,,Phoenicurus,phoenicurus,Phoenicurus phoenicurus,Common Redstart,859,1,0,
Phylloscopus borealis,PASSERIFORMES,PHYLLOSCOPIDAE,,Phylloscopus,borealis,Phylloscopus borealis,Arctic Warbler,770,1,0,
Phylloscopus collybita,PASSERIFORMES,PHYLLOSCOPIDAE,,Phylloscopus,collybita,Phylloscopus collybita,Common Chiffchaff,765,1,0,
Phylloscopus examinandus,PASSERIFORMES,PHYLLOSCOPIDAE,,Phylloscopus,examinandus,Phylloscopus examinandus,Kamchatka Leaf Warbler,771,1,0,
Phylloscopus fuscatus,PASSERIFORMES,PHYLLOSCOPIDAE,,Phylloscopus,fuscatus,Phylloscopus fuscatus,Dusky Warbler,767,1,0,
Phylloscopus inornatus,PASSERIFORMES,PHYLLOSCOPIDAE,,Phylloscopus,inornatus,Phylloscopus inornatus,Yellow-browed Warbler,769,1,0,
Phylloscopus proregulus,PASSERIFORMES,PHYLLOSCOPIDAE,,Phylloscopus,proregulus,Phylloscopus proregulus,Pallas's Leaf Warbler,768,1,0,
Phylloscopus sibilatrix,PASSERIFORMES,PHYLLOSCOPIDAE,,Phylloscopus,sibilatrix,Phylloscopus sibilatrix,Wood Warbler,766,1,0,
Phylloscopus trochilus,PASSERIFORMES,PHYLLOSCOPIDAE,,Phylloscopus,trochilus,Phylloscopus trochilus,Willow Warbler,764,1,0,
Pica hudsonia,PASSERIFORMES,CORVIDAE,,Pica,hudsonia,Pica hudsonia,Black-billed Magpie,708,1,0,
Pica nuttalli,PASSERIFORMES,CORVIDAE,,Pica,nuttalli,Pica nuttalli,Yellow-billed Magpie,709,1,0,
Picoides arcticus,PICIFORMES,PICIDAE,PICINAE,Picoides,arcticus,Picoides arcticus,Black-backed Woodpecker,595,1,0,
Picoides dorsalis,PICIFORMES,PICIDAE,PICINAE,Picoides,dorsalis,Picoides dorsalis,American Three-toed Woodpecker,594,1,0,
Pinicola enucleator,PASSERIFORMES,FRINGILLIDAE,CARDUELINAE,Pinicola,enucleator,Pinicola enucleator,Pine Grosbeak,913,1,0,
Pipilo chlorurus,PASSERIFORMES,PASSERELLIDAE,,Pipilo,chlorurus,Pipilo chlorurus,Green-tailed Towhee,989,1,0,
Pipilo erythrophthalmus,PASSERIFORMES,PASSERELLIDAE,,Pipilo,erythrophthalmus,Pipilo erythrophthalmus,Eastern Towhee,991,1,0,
Pipilo maculatus,PASSERIFORMES,PASSERELLIDAE,,Pipilo,maculatus,Pipilo maculatus,Spotted Towhee,990,1,0,
Piranga bidentata,PASSERIFORMES,CARDINALIDAE,,Piranga,bidentata,Piranga bidentata,Flame-colored Tanager,1087,1,0,
Piranga flava,PASSERIFORMES,CARDINALIDAE,,Piranga,flava,Piranga flava,Hepatic Tanager,1083,1,0,
Piranga ludoviciana,PASSERIFORMES,CARDINALIDAE,,Piranga,ludoviciana,Piranga ludoviciana,Western Tanager,1086,1,0,
Piranga olivacea,PASSERIFORMES,CARDINALIDAE,,Piranga,olivacea,Piranga olivacea,Scarlet Tanager,1085,1,0,
Piranga rubra,PASSERIFORMES,CARDINALIDAE,,Piranga,rubra,Piranga rubra,Summer Tanager,1084,1,0,
Pitangus sulphuratus,PASSERIFORMES,TYRANNIDAE,TYRANNINAE,Pitangus,sulphuratus,Pitangus sulphuratus,Great Kiskadee,635,1,0,
Platalea ajaja,PELECANIFORMES,THRESKIORNITHIDAE,PLATALEINAE,Platalea,ajaja,Platalea ajaja,Roseate Spoonbill,506,1,0,
Plectrophenax hyperboreus,PASSERIFORMES,CALCARIIDAE,,Plectrophenax,hyperboreus,Plectrophenax hyperboreus,McKay's Bunting,938,1,0,
Plectrophenax nivalis,PASSERIFORMES,CALCARIIDAE,,Plectrophenax,nivalis,Plectrophenax nivalis,Snow Bunting,937,1,0,
Plegadis chihi,PELECANIFORMES,THRESKIORNITHIDAE,THRESKIORNITHINAE,Plegadis,chihi,Plegadis chihi,White-faced Ibis,505,1,0,
Plegadis falcinellus,PELECANIFORMES,THRESKIORNITHIDAE,THRESKIORNITHINAE,Plegadis,falcinellus,Plegadis falcinellus,Glossy Ibis,504,1,0,
Pluvialis apricaria,CHARADRIIFORMES,CHARADRIIDAE,CHARADRIINAE,Pluvialis,apricaria,Pluvialis apricaria,European Golden-Plover,205,1,0,
Pluvialis dominica,CHARADRIIFORMES,CHARADRIIDAE,CHARADRIINAE,Pluvialis,dominica,Pluvialis dominica,American Golden-Plover,206,1,1,
Pluvialis fulva,CHARADRIIFORMES,CHARADRIIDAE,CHARADRIINAE,Pluvialis,fulva,Pluvialis fulva,Pacific Golden-Plover,207,1,0,
Pluvialis squatarola,CHARADRIIFORMES,CHARADRIIDAE,CHARADRIINAE,Pluvialis,squatarola,Pluvialis squatarola,Black-bellied Plover,204,1,0,
Podiceps auritus,PODICIPEDIFORMES,PODICIPEDIDAE,,Podiceps,auritus,Podiceps auritus,Horned Grebe,73,1,0,
Podiceps grisegena,PODICIPEDIFORMES,PODICIPEDIDAE,,Podiceps,grisegena,Podiceps grisegena,Red-necked Grebe,74,1,0,
Podiceps nigricollis,PODICIPEDIFORMES,PODICIPEDIDAE,,Podiceps,nigricollis,Podiceps nigricollis,Eared Grebe,75,1,0,
Podilymbus podiceps,PODICIPEDIFORMES,PODICIPEDIDAE,,Podilymbus,podiceps,Podilymbus podiceps,Pied-billed Grebe,72,1,0,
Poecile atricapillus,PASSERIFORMES,PARIDAE,,Poecile,atricapillus,Poecile atricapillus,Black-capped Chickadee,721,1,0,
Poecile carolinensis,PASSERIFORMES,PARIDAE,,Poecile,carolinensis,Poecile carolinensis,Carolina Chickadee,720,1,0,
Poecile cinctus,PASSERIFORMES,PARIDAE,,Poecile,cinctus,Poecile cinctus,Gray-headed Chickadee,726,1,0,
Poecile gambeli,PASSERIFORMES,PARIDAE,,Poecile,gambeli,Poecile gambeli,Mountain Chickadee,722,1,0,
Poecile hudsonicus,PASSERIFORMES,PARIDAE,,Poecile,hudsonicus,Poecile hudsonicus,Boreal Chickadee,725,1,0,
Poecile rufescens,PASSERIFORMES,PARIDAE,,Poecile,rufescens,Poecile rufescens,Chestnut-backed Chickadee,724,1,0,
Poecile sclateri,PASSERIFORMES,PARIDAE,,Poecile,sclateri,Poecile sclateri,Mexican Chickadee,723,1,0,
Polioptila caerulea,PASSERIFORMES,POLIOPTILIDAE,,Polioptila,caerulea,Polioptila caerulea,Blue-Gray Gnatcatcher,785,1,0,
Polioptila californica,PASSERIFORMES,POLIOPTILIDAE,,Polioptila,californica,Polioptila californica,California Gnatcatcher,787,1,0,
Polioptila melanura,PASSERIFORMES,POLIOPTILIDAE,,Polioptila,melanura,Polioptila melanura,Black-tailed Gnatcatcher,786,1,0,
Polioptila nigriceps,PASSERIFORMES,POLIOPTILIDAE,,Polioptila,nigriceps,Polioptila nigriceps,Black-capped Gnatcatcher,788,1,0,
Polysticta stelleri,ANSERIFORMES,ANATIDAE,ANATINAE,Polysticta,stelleri,Polysticta stelleri,Steller's Eider,50,1,0,
Pooecetes gramineus,PASSERIFORMES,PASSERELLIDAE,,Pooecetes,gramineus,Pooecetes gramineus,Vesper Sparrow,974,1,0,
Porphyrio flavirostris,GRUIFORMES,RALLIDAE,,Porphyrio,flavirostris,Porphyrio flavirostris,Azure Gallinule,186,1,0,
Porphyrio martinica,GRUIFORMES,RALLIDAE,,Porphyrio,martinicus,Porphyrio martinicus,Purple Gallinule,185,1,0,
Porphyrio porphyrio,GRUIFORMES,RALLIDAE,,Porphyrio,porphyrio,Porphyrio porphyrio,Purple Swamphen,187,1,0,
Porzana carolina,GRUIFORMES,RALLIDAE,,Porzana,carolina,Porzana carolina,Sora,179,1,0,
Porzana tabuensis,GRUIFORMES,RALLIDAE,,Porzana,tabuensis,Porzana tabuensis,Spotless Crake,188,1,0,
Procellaria aequinoctialis,PROCELLARIIFORMES,PROCELLARIIDAE,,Procellaria,aequinoctialis,Procellaria aequinoctialis,White-chinned Petrel,435,1,0,
Procellaria parkinsoni,PROCELLARIIFORMES,PROCELLARIIDAE,,Procellaria,parkinsoni,Procellaria parkinsoni,Parkinson's Petrel,436,1,0,
Progne chalybea,PASSERIFORMES,HIRUNDINIDAE,HIRUNDININAE,Progne,chalybea,Progne chalybea,Gray-breasted Martin,756,1,0,
Progne cryptoleuca,PASSERIFORMES,HIRUNDINIDAE,HIRUNDININAE,Progne,cryptoleuca,Progne cryptoleuca,Cuban Martin,757,1,0,
Progne dominicensis,PASSERIFORMES,HIRUNDINIDAE,HIRUNDININAE,Progne,dominicensis,Progne dominicensis,Caribbean Martin,758,1,0,
Progne elegans,PASSERIFORMES,HIRUNDINIDAE,HIRUNDININAE,Progne,elegans,Progne elegans,Southern Martin,755,1,0,
Progne subis,PASSERIFORMES,HIRUNDINIDAE,HIRUNDININAE,Progne,subis,Progne subis,Purple Martin,754,1,0,
Progne tapera,PASSERIFORMES,HIRUNDINIDAE,HIRUNDININAE,Progne,tapera,Progne tapera,Brown-chested Martin,753,1,0,
Protonotaria citrea,PASSERIFORMES,PARULIDAE,,Protonotaria,citrea,Protonotaria citrea,Prothonotary Warbler,1033,1,1,
Prunella montanella,PASSERIFORMES,PRUNELLIDAE,,Prunella,montanella,Prunella montanella,Siberian Accentor,865,1,0,
Psaltriparus minimus,PASSERIFORMES,AEGITHALIDAE,,Psaltriparus,minimus,Psaltriparus minimus,Bushtit,763,1,0,
Pseudobulweria rostrata,PROCELLARIIFORMES,PROCELLARIIDAE,,Pseudobulweria,rostrata,Pseudobulweria rostrata,Tahiti Petrel,432,1,0,
Pseudonestor xanthophrys,PASSERIFORMES,FRINGILLIDAE,CARDUELINAE,Pseudonestor,xanthophrys,Pseudonestor xanthophrys,Maui Parrotbill,896,1,0,
Psilorhinus morio,PASSERIFORMES,CORVIDAE,,Psilorhinus,morio,Psilorhinus morio,Brown Jay,697,1,0,
Psiloscops flammeolus,STRIGIFORMES,STRIGIDAE,,Psiloscops,flammeolus,Psiloscops flammeolus,Flammulated Owl,549,1,1,
Psittirostra psittacea,PASSERIFORMES,FRINGILLIDAE,CARDUELINAE,Psittirostra,psittacea,Psittirostra psittacea,ʻŌʻū,895,1,0,
Pterodroma alba,PROCELLARIIFORMES,PROCELLARIIDAE,,Pterodroma,alba,Pterodroma alba,Phoenix Petrel,431,1,0,
Pterodroma arminjoniana,PROCELLARIIFORMES,PROCELLARIIDAE,,Pterodroma,arminjoniana,Pterodroma arminjoniana,Trindade Petrel,415,1,0,
Pterodroma cahow,PROCELLARIIFORMES,PROCELLARIIDAE,,Pterodroma,cahow,Pterodroma cahow,Bermuda Petrel,419,1,0,
Pterodroma cervicalis,PROCELLARIIFORMES,PROCELLARIIDAE,,Pterodroma,cervicalis,Pterodroma cervicalis,White-necked Petrel,423,1,0,
Pterodroma cookii,PROCELLARIIFORMES,PROCELLARIIDAE,,Pterodroma,cookii,Pterodroma cookii,Cook's Petrel,428,1,0,
Pterodroma externa,PROCELLARIIFORMES,PROCELLARIIDAE,,Pterodroma,externa,Pterodroma externa,Juan Fernandez Petrel,421,1,0,
Pterodroma feae,PROCELLARIIFORMES,PROCELLARIIDAE,,Pterodroma,feae,Pterodroma feae,Fea's Petrel,426,1,0,
Pterodroma gouldi,PROCELLARIIFORMES,PROCELLARIIDAE,,Pterodroma,gouldi,Pterodroma gouldi,Gray-faced Petrel,412,1,0,
Pterodroma hasitata,PROCELLARIIFORMES,PROCELLARIIDAE,,Pterodroma,hasitata,Pterodroma hasitata,Black-capped Petrel,420,1,0,
Pterodroma heraldica,PROCELLARIIFORMES,PROCELLARIIDAE,,Pterodroma,heralica,Pterodroma heraldica,Herald Petrel,416,1,0,
Pterodroma hypoleuca,PROCELLARIIFORMES,PROCELLARIIDAE,,Pterodroma,hypoleuca,Pterodroma hypoleuca,Bonin Petrel,424,1,0,
Pterodroma inexpectata,PROCELLARIIFORMES,PROCELLARIIDAE,,Pterodroma,inexpectata,Pterodroma inexpectata,Mottled Petrel,418,1,0,
Pterodroma leucoptera,PROCELLARIIFORMES,PROCELLARIIDAE,,Pterodroma,leucoptera,Pterodroma leucoptera,Gould's Petrel,429,1,0,
Pterodroma longirostris,PROCELLARIIFORMES,PROCELLARIIDAE,,Pterodroma,longirostris,Pterodroma longirostris,Stejneger's Petrel,430,1,0,
Pterodroma madeira,PROCELLARIIFORMES,PROCELLARIIDAE,,Pterodroma,madeira,Pterodroma madeira,Zino's Petrel,427,1,0,
Pterodroma neglecta,PROCELLARIIFORMES,PROCELLARIIDAE,,Pterodroma,neglecta,Pterodroma neglecta,Kermadec Petrel,414,1,0,
Pterodroma nigripennis,PROCELLARIIFORMES,PROCELLARIIDAE,,Pterodroma,nigripennis,Pterodroma nigripennis,Black-winged Petrel,425,1,0,
Pterodroma sandwichensis,PROCELLARIIFORMES,PROCELLARIIDAE,,Pterodroma,sandwichensis,Pterodroma sandwichensis,Hawaiian Petrel,422,1,0,
Pterodroma solandri,PROCELLARIIFORMES,PROCELLARIIDAE,,Pterodroma,solandri,Pterodroma solandri,Providence Petrel,413,1,0,
Pterodroma ultima,PROCELLARIIFORMES,PROCELLARIIDAE,,Pterodroma,ultima,Pterodroma ultima,Murphy's Petrel,417,1,0,
Ptilinopus perousii,COLUMBIFORMES,COLUMBIDAE,,Ptilinopus,perousii,Ptilinopus perousii,Many-colored Fruit-Dove,96,1,0,
Ptilinopus porphyraceus,COLUMBIFORMES,COLUMBIDAE,,Ptilinopus,porphyraceus,Ptilinopus porphyraceus,Crimson-crowned Fruit-Dove,97,1,0,
Ptilinopus roseicapilla,COLUMBIFORMES,COLUMBIDAE,,Ptilinopus,roseicapilla,Ptilinopus roseicapilla,Mariana Fruit-Dove,98,1,0,
Ptiliogonys cinereus,PASSERIFORMES,PTILIOGONATIDAE,,Ptiliogonys,cinereus,Ptiliogonys cinereus,Gray Silky-flycatcher,778,1,0,
Ptychoramphus aleuticus,CHARADRIIFORMES,ALCIDAE,,Ptychoramphus,aleuticus,Ptychoramphus aleuticus,Cassin's Auklet,307,1,0,
Puffinus baroli,PROCELLARIIFORMES,PROCELLARIIDAE,,Puffinus,baroli,Puffinus baroli,Barolo Shearwater,453,1,0,
Puffinus bryani,PROCELLARIIFORMES,PROCELLARIIDAE,,Puffinus,bryani,Puffinus bryani,Bryan's Shearwater,450,1,0,
Puffinus lherminieri,PROCELLARIIFORMES,PROCELLARIIDAE,,Puffinus,lherminieri,Puffinus lherminieri,Audubon's Shearwater,452,1,0,
Puffinus nativitatis,PROCELLARIIFORMES,PROCELLARIIDAE,,Puffinus,nativitatis,Puffinus nativitatis,Christmas Shearwater,447,1,0,
Puffinus newelli,PROCELLARIIFORMES,PROCELLARIIDAE,,Puffinus,newelli,Puffinus newelli,Newell's Shearwater,449,1,0,
Puffinus opisthomelas,PROCELLARIIFORMES,PROCELLARIIDAE,,Puffinus,opisthomelas,Puffinus opisthomelas,Black-vented Shearwater,451,1,0,
Puffinus puffinus,PROCELLARIIFORMES,PROCELLARIIDAE,,Puffinus,puffinus,Puffinus puffinus,Manx Shearwater,448,1,0,
Pygochelidon cyanoleuca,PASSERIFORMES,HIRUNDINIDAE,HIRUNDININAE,Pygochelidon,cyanoleuca,Pygochelidon cyanoleuca,Blue-and-white Swallow,751,1,0,
Pyrocephalus rubinus,PASSERIFORMES,TYRANNIDAE,FLUVICOLINAE,Pyrocephalus,rubinus,Pyrocephalus rubinus,Vermilion Flycatcher,674,1,0,
Pyrrhula pyrrhula,PASSERIFORMES,FRINGILLIDAE,CARDUELINAE,Pyrrhula,pyrrhula,Pyrrhula pyrrhula,Eurasian Bullfinch,914,1,0,
Quiscalus major,PASSERIFORMES,ICTERIDAE,AGELAIINAE,Quiscalus,major,Quiscalus major,Boat-tailed Grackle,1022,1,0,
Quiscalus mexicanus,PASSERIFORMES,ICTERIDAE,AGELAIINAE,Quiscalus,mexicanus,Quiscalus mexicanus,Great-tailed Grackle,1023,1,0,
Quiscalus niger,PASSERIFORMES,ICTERIDAE,AGELAIINAE,Quiscalus,niger,Quiscalus niger,Greater Antillean Grackle,1024,1,0,
Quiscalus quiscula,PASSERIFORMES,ICTERIDAE,AGELAIINAE,Quiscalus,quiscula,Quiscalus quiscula,Common Grackle,1021,1,0,
Rallus crepitans,GRUIFORMES,RALLIDAE,,Rallus,crepitans,Rallus crepitans,Clapper Rail,176,1,0,
Rallus elegans,GRUIFORMES,RALLIDAE,,Rallus,elegans,Rallus elegans,King Rail,175,1,1,
Rallus limicola,GRUIFORMES,RALLIDAE,,Rallus,limicola,Rallus limicola,Virginia Rail,177,1,0,
Rallus obsoletus,GRUIFORMES,RALLIDAE,,Rallus,obsoletus,Rallus obsoletus,Ridgway's Rail,174,1,0,E
Ramosomyia violiceps,APODIFORMES,TROCHILIDAE,TROCHILINAE,Ramosomyia,violiceps,Ramosomyia violiceps,Violet-crowned Hummingbird,165,1,0,
Recurvirostra americana,CHARADRIIFORMES,RECURVIROSTRIDAE,,Recurvirostra,americana,Recurvirostra americana,American Avocet,199,1,0,
Regulus satrapa,PASSERIFORMES,REGULIDAE,,Regulus,satrapa,Regulus satrapa,Golden-crowned Kinglet,775,1,0,
Rhodostethia rosea,CHARADRIIFORMES,LARIDAE,LARINAE,Rhodostethia,rosea,Rhodostethia rosea,Ross's Gull,325,1,0,
Rhodothraupis celaeno,PASSERIFORMES,CARDINALIDAE,,Rhodothraupis,celaeno,Rhodothraupis celaeno,Crimson-collared Grosbeak,1088,1,0,
Rhynchophanes mccownii,PASSERIFORMES,CALCARIIDAE,,Rhynchophanes,mccownii,Rhynchophanes mccownii,Thick-billed Longspur,936,1,1,
Riccordia maugaeus,APODIFORMES,TROCHILIDAE,TROCHILINAE,Riccordia,maugaeus,Riccordia maugaeus,Puerto Rican Emerald,160,1,0,
Ridgwayia pinicola,PASSERIFORMES,TURDIDAE,,Ridgwayia,pinicola,Ridgwayia pinicola,Aztec Thrush,845,1,0,
Riparia riparia,PASSERIFORMES,HIRUNDINIDAE,HIRUNDININAE,Riparia,riparia,Riparia riparia,Bank Swallow,746,1,0,
Rissa brevirostris,CHARADRIIFORMES,LARIDAE,LARINAE,Rissa,brevirostris,Rissa brevirostris,Red-legged Kittiwake,318,1,0,
Rissa tridactyla,CHARADRIIFORMES,LARIDAE,LARINAE,Rissa,tridactyla,Rissa tridactyla,Black-legged Kittiwake,317,1,0,
Rostrhamus sociabilis,ACCIPITRIFORMES,ACCIPITRIDAE,ACCIPITRINAE,Rostrhamus,sociabilis,Rostrhamus sociabilis,Snail Kite,530,1,0,
Rupornis magnirostris,ACCIPITRIFORMES,ACCIPITRIDAE,ACCIPITRINAE,Rupornis,magnirostris,Rupornis magnirostris,Roadside Hawk,533,1,0,
Rynchops niger,CHARADRIIFORMES,LARIDAE,RYNCHOPINAE,Rynchops,niger,Rynchops niger,Black Skimmer,373,1,1,
Salpinctes obsoletus,PASSERIFORMES,TROGLODYTIDAE,,Salpinctes,obsoletus,Salpinctes obsoletus,Rock Wren,789,1,0,
Saucerottia beryllina,APODIFORMES,TROCHILIDAE,TROCHILINAE,Saucerottia,beryllina,Saucerottia beryllina,Berylline Hummingbird,166,1,0,
Saxicola maurus,PASSERIFORMES,MUSCICAPIDAE,,Saxicola,maurus,Saxicola maurus,Asian Stonechat,860,1,0,
Sayornis nigricans,PASSERIFORMES,TYRANNIDAE,FLUVICOLINAE,Sayornis,nigricans,Sayornis nigricans,Black Phoebe,671,1,0,
Sayornis phoebe,PASSERIFORMES,TYRANNIDAE,FLUVICOLINAE,Sayornis,phoebe,Sayornis phoebe,Eastern Phoebe,672,1,0,
Sayornis saya,PASSERIFORMES,TYRANNIDAE,FLUVICOLINAE,Sayornis,saya,Sayornis saya,Say's Phoebe,673,1,0,
Scolopax minor,CHARADRIIFORMES,SCOLOPACIDAE,SCOLOPACINAE,Scolopax,minor,Scolopax minor,American Woodcock,264,1,0,
Scolopax rusticola,CHARADRIIFORMES,SCOLOPACIDAE,SCOLOPACINAE,Scolopax,rusticola,Scolopax rusticola,Eurasian Woodcock,263,1,0,
Seiurus aurocapilla,PASSERIFORMES,PARULIDAE,,Seiurus,aurocapilla,Seiurus aurocapilla,Ovenbird,1025,1,0,
Selasphorus calliope,APODIFORMES,TROCHILIDAE,TROCHILINAE,Selasphorus,calliope,Selasphorus calliope,Calliope Hummingbird,155,1,1,
Selasphorus heloisa,APODIFORMES,TROCHILIDAE,TROCHILINAE,Selasphorus,heloisa,Selasphorus heloisa,Bumblebee Hummingbird,159,1,0,
Selasphorus platycercus,APODIFORMES,TROCHILIDAE,TROCHILINAE,Selasphorus,platycercus,Selasphorus platycercus,Broad-tailed Hummingbird,158,1,1,
Selasphorus rufus,APODIFORMES,TROCHILIDAE,TROCHILINAE,Selasphorus,rufus,Selasphorus rufus,Rufous Hummingbird,156,1,1,
Selasphorus sasin,APODIFORMES,TROCHILIDAE,TROCHILINAE,Selasphorus,sasin,Selasphorus sasin,Allen's Hummingbird,157,1,1,
Setophaga adelaidae,PASSERIFORMES,PARULIDAE,,Setophaga,adelaidae,Setophaga adelaidae,Adelaide's Warbler,1068,1,0,
Setophaga americana,PASSERIFORMES,PARULIDAE,,Setophaga,americana,Setophaga americana,Northern Parula,1054,1,0,
Setophaga angelae,PASSERIFORMES,PARULIDAE,,Setophaga,angelae,Setophaga angelae,Elfin-woods Warbler,1048,1,0,
Setophaga caerulescens,PASSERIFORMES,PARULIDAE,,Setophaga,caerulescens,Setophaga caerulescens,Black-throated Blue Warbler,1062,1,0,
Setophaga castanea,PASSERIFORMES,PARULIDAE,,Setophaga,castanea,Setophaga castanea,Bay-breasted Warbler,1057,1,0,
Setophaga cerulea,PASSERIFORMES,PARULIDAE,,Setophaga,cerulea,Setophaga cerulea,Cerulean Warbler,1053,1,1,
Setophaga chrysoparia,PASSERIFORMES,PARULIDAE,,Setophaga,chrysoparia,Setophaga chrysoparia,Golden-cheeked Warbler,1073,1,0,E
Setophaga citrina,PASSERIFORMES,PARULIDAE,,Setophaga,citrina,Setophaga citrina,Hooded Warbler,1049,1,0,
Setophaga coronata,PASSERIFORMES,PARULIDAE,,Setophaga,coronata,Setophaga coronata,Yellow-rumped Warbler,1065,1,0,
Setophaga discolor,PASSERIFORMES,PARULIDAE,,Setophaga,discolor,Setophaga discolor,Prairie Warbler,1067,1,1,
Setophaga dominica,PASSERIFORMES,PARULIDAE,,Setophaga,dominica,Setophaga dominica,Yellow-throated Warbler,1066,1,0,
Setophaga fusca,PASSERIFORMES,PARULIDAE,,Setophaga,fusca,Setophaga fusca,Blackburnian Warbler,1058,1,0,
Setophaga graciae,PASSERIFORMES,PARULIDAE,,Setophaga,graciae,Setophaga graciae,Grace's Warbler,1069,1,1,
Setophaga kirtlandii,PASSERIFORMES,PARULIDAE,,Setophaga,kirtlandii,Setophaga kirtlandii,Kirtland's Warbler,1051,1,1,
Setophaga magnolia,PASSERIFORMES,PARULIDAE,,Setophaga,magnolia,Setophaga magnolia,Magnolia Warbler,1056,1,0,
Setophaga nigrescens,PASSERIFORMES,PARULIDAE,,Setophaga,nigrescens,Setophaga nigrescens,Black-throated Gray Warbler,1070,1,0,
Setophaga occidentalis,PASSERIFORMES,PARULIDAE,,Setophaga,occidentalis,Setophaga occidentalis,Hermit Warbler,1072,1,0,
Setophaga palmarum,PASSERIFORMES,PARULIDAE,,Setophaga,palmarum,Setophaga palmarum,Palm Warbler,1063,1,0,
Setophaga pensylvanica,PASSERIFORMES,PARULIDAE,,Setophaga,pensylvanica,Setophaga pensylvanica,Chestnut-sided Warbler,1060,1,0,
Setophaga petechia,PASSERIFORMES,PARULIDAE,,Setophaga,petechia,Setophaga petechia,Yellow Warbler,1059,1,0,
Setophaga pinus,PASSERIFORMES,PARULIDAE,,Setophaga,pinus,Setophaga pinus,Pine Warbler,1064,1,0,
Setophaga pitiayumi,PASSERIFORMES,PARULIDAE,,Setophaga,pitiayumi,Setophaga pitiayumi,Tropical Parula,1055,1,0,
Setophaga ruticilla,PASSERIFORMES,PARULIDAE,,Setophaga,ruticilla,Setophaga ruticilla,American Redstart,1050,1,0,
Setophaga striata,PASSERIFORMES,PARULIDAE,,Setophaga,striata,Setophaga striata,Blackpoll Warbler,1061,1,0,
Setophaga tigrina,PASSERIFORMES,PARULIDAE,,Setophaga,tigrina,Setophaga tigrina,Cape May Warbler,1052,1,0,
Setophaga townsendi,PASSERIFORMES,PARULIDAE,,Setophaga,townsendi,Setophaga townsendi,Townsend's Warbler,1071,1,0,
Setophaga virens,PASSERIFORMES,PARULIDAE,,Setophaga,virens,Setophaga virens,Black-throated Green Warbler,1074,1,0,
Sialia currucoides,PASSERIFORMES,TURDIDAE,,Sialia,currucoides,Sialia currucoides,Mountain Bluebird,819,1,0,
Sialia mexicana,PASSERIFORMES,TURDIDAE,,Sialia,mexicana,Sialia mexicana,Western Bluebird,818,1,0,
Sialia sialis,PASSERIFORMES,TURDIDAE,,Sialia,sialis,Sialia sialis,Eastern Bluebird,817,1,0,
Sibirionetta formosa,ANSERIFORMES,ANATIDAE,ANATINAE,Sibirionetta,formosa,Sibirionetta formosa,Baikal Teal,22,1,0,
Sitta canadensis,PASSERIFORMES,SITTIDAE,SITTINAE,Sitta,canadensis,Sitta canadensis,Red-breasted Nuthatch,780,1,0,
Sitta carolinensis,PASSERIFORMES,SITTIDAE,SITTINAE,Sitta,carolinensis,Sitta carolinensis,White-breasted Nuthatch,781,1,0,
Sitta pusilla,PASSERIFORMES,SITTIDAE,SITTINAE,Sitta,pusilla,Sitta pusilla,Brown-headed Nuthatch,783,1,0,
Sitta pygmaea,PASSERIFORMES,SITTIDAE,SITTINAE,Sitta,pygmaea,Sitta pygmaea,Pygmy Nuthatch,782,1,0,
Somateria fischeri,ANSERIFORMES,ANATIDAE,ANATINAE,Somateria,fischeri,Somateria fischeri,Spectacled Eider,51,1,0,
Somateria mollissima,ANSERIFORMES,ANATIDAE,ANATINAE,Somateria,mollissima,Somateria mollissima,Common Eider,53,1,0,
Somateria spectabilis,ANSERIFORMES,ANATIDAE,ANATINAE,Somateria,spectabilis,Somateria spectabilis,King Eider,52,1,0,
Spatula clypeata,ANSERIFORMES,ANATIDAE,ANATINAE,Spatula,clypeata,Spatula clypeata,Northern Shoveler,26,1,0,
Spatula cyanoptera,ANSERIFORMES,ANATIDAE,ANATINAE,Spatula,cyanoptera,Spatula cyanoptera,Cinnamon Teal,25,1,0,
Spatula discors,ANSERIFORMES,ANATIDAE,ANATINAE,Spatula,discors,Spatula discors,Blue-winged Teal,24,1,0,
Spatula querquedula,ANSERIFORMES,ANATIDAE,ANATINAE,Spatula,querquedula,Spatula querquedula,Garganey,23,1,0,
Sphyrapicus nuchalis,PICIFORMES,PICIDAE,PICINAE,Sphyrapicus,nuchalis,Sphyrapicus nuchalis,Red-naped Sapsucker,592,1,0,
Sphyrapicus ruber,PICIFORMES,PICIDAE,PICINAE,Sphyrapicus,ruber,Sphyrapicus ruber,Red-breasted Sapsucker,593,1,0,
Sphyrapicus thyroideus,PICIFORMES,PICIDAE,PICINAE,Sphyrapicus,thyroideus,Sphyrapicus thyroideus,Williamson's Sapsucker,590,1,0,
Sphyrapicus varius,PICIFORMES,PICIDAE,PICINAE,Sphyrapicus,varius,Sphyrapicus varius,Yellow-bellied Sapsucker,591,1,0,
Spindalis portoricensis,PASSERIFORMES,SPINDALIDAE,,Spindalis,portoricensis,Spindalis portoricensis,Puerto Rican Spindalis,994,1,0,
Spindalis zena,PASSERIFORMES,SPINDALIDAE,,Spindalis,zena,Spindalis zena,Western Spindalis,993,1,0,
Spinus lawrencei,PASSERIFORMES,FRINGILLIDAE,CARDUELINAE,Spinus,lawrencei,Spinus lawrencei,Lawrence's Goldfinch,931,1,1,
Spinus pinus,PASSERIFORMES,FRINGILLIDAE,CARDUELINAE,Spinus,pinus,Spinus pinus,Pine Siskin,929,1,0,
Spinus psaltria,PASSERIFORMES,FRINGILLIDAE,CARDUELINAE,Spinus,psaltria,Spinus psaltria,Lesser Goldfinch,930,1,0,
Spinus spinus,PASSERIFORMES,FRINGILLIDAE,CARDUELINAE,Spinus,spinus,Spinus spinus,Eurasian Siskin,928,1,0,
Spinus tristis,PASSERIFORMES,FRINGILLIDAE,CARDUELINAE,Spinus,tristis,Spinus tristis,American Goldfinch,932,1,0,
Spiza americana,PASSERIFORMES,CARDINALIDAE,,Spiza,americana,Spiza americana,Dickcissel,1100,1,0,
Spizella atrogularis,PASSERIFORMES,PASSERELLIDAE,,Spizella,atrogularis,Spizella atrogularis,Black-chinned Sparrow,960,1,1,
Spizella breweri,PASSERIFORMES,PASSERELLIDAE,,Spizella,breweri,Spizella breweri,Brewer's Sparrow,962,1,0,
Spizella pallida,PASSERIFORMES,PASSERELLIDAE,,Spizella,pallida,Spizella pallida,Clay-colored Sparrow,959,1,0,
Spizella passerina,PASSERIFORMES,PASSERELLIDAE,,Spizella,passerina,Spizella passerina,Chipping Sparrow,958,1,0,
Spizella pusilla,PASSERIFORMES,PASSERELLIDAE,,Spizella,pusilla,Spizella pusilla,Field Sparrow,961,1,0,
Spizella wortheni,PASSERIFORMES,PASSERELLIDAE,,Spizella,wortheni,Spizella wortheni,Worthen's Sparrow,963,1,0,
Spizelloides arborea,PASSERIFORMES,PASSERELLIDAE,,Spizelloides,arborea,Spizelloides arborea,American Tree Sparrow,965,1,0,
Spodiopsar cineraceus,PASSERIFORMES,STURNIDAE,,Spodiopsar,cineraceus,Spodiopsar cineraceus,White-cheeked Starling,815,1,0,
Sporophila morelleti,PASSERIFORMES,THRAUPIDAE,SPOROPHILINAE,Sporophila,morelleti,Sporophila morelleti,Morelet’s Seedeater,1106,1,0,
Stelgidopteryx serripennis,PASSERIFORMES,HIRUNDINIDAE,HIRUNDININAE,Stelgidopteryx,serripennis,Stelgidopteryx serripennis,Northern Rough-winged Swallow,752,1,0,
Stercorarius longicaudus,CHARADRIIFORMES,STERCORARIIDAE,,Stercorarius,longicaudus,Stercorarius longicaudus,Long-tailed Jaeger,293,1,0,
Stercorarius maccormicki,CHARADRIIFORMES,STERCORARIIDAE,,Stercorarius,maccormicki,Stercorarius maccormicki,South Polar Skua,290,1,0,
Stercorarius parasiticus,CHARADRIIFORMES,STERCORARIIDAE,,Stercorarius,parasiticus,Stercorarius parasiticus,Parasitic Jaeger,292,1,0,
Stercorarius pomarinus,CHARADRIIFORMES,STERCORARIIDAE,,Stercorarius,pomarinus,Stercorarius pomarinus,Pomarine Jaeger,291,1,0,
Stercorarius skua,CHARADRIIFORMES,STERCORARIIDAE,,Stercorarius,skua,Stercorarius skua,Great Skua,289,1,0,
Sterna dougallii,CHARADRIIFORMES,LARIDAE,STERNINAE,Sterna,dougallii,Sterna dougallii,Roseate Tern,364,1,0,T(E in part)
Sterna forsteri,CHARADRIIFORMES,LARIDAE,STERNINAE,Sterna,forsteri,Sterna forsteri,Forster's Tern,368,1,0,
Sterna hirundo,CHARADRIIFORMES,LARIDAE,STERNINAE,Sterna,hirundo,Sterna hirundo,Common Tern,366,1,0,
Sterna paradisaea,CHARADRIIFORMES,LARIDAE,STERNINAE,Sterna,paradisaea,Sterna paradisaea,Arctic Tern,367,1,0,
Sterna sumatrana,CHARADRIIFORMES,LARIDAE,STERNINAE,Sterna,sumatrana,Sterna sumatrana,Black-naped Tern,365,1,0,
Sternula albifrons,CHARADRIIFORMES,LARIDAE,STERNINAE,Sternula,albifrons,Sternula albifrons,Little Tern,355,1,0,
Sternula antillarum,CHARADRIIFORMES,LARIDAE,STERNINAE,Sternula,antillarum,Sternula antillarum,Least Tern,356,1,0,E (in part)
Streptopelia orientalis,COLUMBIFORMES,COLUMBIDAE,,Streptopelia,orientalis,Streptopelia orientalis,Oriental Turtle-Dove,83,1,0,
Streptoprocne zonaris,APODIFORMES,APODIDAE,CYPSELOIDINAE,Streptoprocne,zonaris,Streptoprocne zonaris,White-collared Swift,126,1,0,
Strix nebulosa,STRIGIFORMES,STRIGIDAE,,Strix,nebulosa,Strix nebulosa,Great Gray Owl,564,1,0,
Strix occidentalis,STRIGIFORMES,STRIGIDAE,,Strix,occidentalis,Strix occidentalis,Spotted Owl,562,1,0,
Strix varia,STRIGIFORMES,STRIGIDAE,,Strix,varia,Strix varia,Barred Owl,563,1,0,
Strix virgata,STRIGIFORMES,STRIGIDAE,,Strix,virgata,Strix virgata,Mottled Owl,561,1,0,
Sturnella lilianae ,PASSERIFORMES,ICTERIDAE,STURNELLINAE,Sturnella,lilianae ,Sturnella lilianae ,Chihuahuan Meadowlark,998,1,0,
Sturnella magna,PASSERIFORMES,ICTERIDAE,STURNELLINAE,Sturnella,magna,Sturnella magna,Eastern Meadowlark,999,1,0,
Sturnella neglecta,PASSERIFORMES,ICTERIDAE,STURNELLINAE,Sturnella,neglecta,Sturnella neglecta,Western Meadowlark,1000,1,0,
Sula dactylatra,SULIFORMES,SULIDAE,,Sula,dactylatra,Sula dactylatra,Masked Booby,459,1,0,
Sula granti,SULIFORMES,SULIDAE,,Sula,granti,Sula granti,Nazca Booby,460,1,0,
Sula leucogaster,SULIFORMES,SULIDAE,,Sula,leucogaster,Sula leucogaster,Brown Booby,462,1,0,
Sula nebouxii,SULIFORMES,SULIDAE,,Sula,nebouxii,Sula nebouxii,Blue-footed Booby,461,1,0,
Sula sula,SULIFORMES,SULIDAE,,Sula,sula,Sula sula,Red-footed Booby,463,1,0,
Surnia ulula,STRIGIFORMES,STRIGIDAE,,Surnia,ulula,Surnia ulula,Northern Hawk Owl,556,1,0,
Sylvia curruca,PASSERIFORMES,SYLVIIDAE,,Sylvia,curruca,Sylvia curruca,Lesser Whitethroat,772,1,0,
Synthliboramphus antiquus,CHARADRIIFORMES,ALCIDAE,,Synthliboramphus,antiquus,Synthliboramphus antiquus,Ancient Murrelet,306,1,0,
Synthliboramphus craveri,CHARADRIIFORMES,ALCIDAE,,Synthliboramphus,craveri,Synthliboramphus craveri,Craveri's Murrelet,305,1,0,
Synthliboramphus hypoleucus,CHARADRIIFORMES,ALCIDAE,,Synthliboramphus,hypoleucus,Synthliboramphus hypoleucus,Guadalupe Murrelet,304,1,0,
Synthliboramphus scrippsi,CHARADRIIFORMES,ALCIDAE,,Synthliboramphus,scrippsi,Synthliboramphus scrippsi,Scripps's Murrelet,303,1,1,
Tachornis phoenicobia,APODIFORMES,APODIDAE,APODINAE,Tachornis,phoenicobia,Tachornis phoenicobia,Antillean Palm-Swift,137,1,0,
Tachybaptus dominicus,PODICIPEDIFORMES,PODICIPEDIDAE,,Tachybaptus,dominicus,Tachybaptus dominicus,Least Grebe,71,1,0,
Tachycineta albilinea,PASSERIFORMES,HIRUNDINIDAE,HIRUNDININAE,Tachycineta,albilinea,Tachycineta albilinea,Mangrove Swallow,750,1,0,
Tachycineta bicolor,PASSERIFORMES,HIRUNDINIDAE,HIRUNDININAE,Tachycineta,bicolor,Tachycineta bicolor,Tree Swallow,747,1,0,
Tachycineta cyaneoviridis,PASSERIFORMES,HIRUNDINIDAE,HIRUNDININAE,Tachycineta,cyaneoviridis,Tachycineta cyaneoviridis,Bahama Swallow,748,1,0,
Tachycineta thalassina,PASSERIFORMES,HIRUNDINIDAE,HIRUNDININAE,Tachycineta,thalassina,Tachycineta thalassina,Violet-green Swallow,749,1,0,
Tarsiger cyanurus,PASSERIFORMES,MUSCICAPIDAE,,Tarsiger,cyanurus,Tarsiger cyanurus,Red-flanked Bluetail,855,1,0,
Telespiza cantans,PASSERIFORMES,FRINGILLIDAE,CARDUELINAE,Telespiza,cantans,Telespiza cantans,Laysan Finch,889,1,0,
Telespiza ultima,PASSERIFORMES,FRINGILLIDAE,CARDUELINAE,Telespiza,ultima,Telespiza ultima,Nihoa Finch,890,1,0,
Thalassarche cauta,PROCELLARIIFORMES,DIOMEDEIDAE,,Thalassarche,cauta,Thalassarche cauta,White-capped Albatross,383,1,0,
Thalassarche chlororhynchos,PROCELLARIIFORMES,DIOMEDEIDAE,,Thalassarche,chlororhynchos,Thalassarche chlororhynchos,Yellow-nosed Albatross,382,1,0,
Thalassarche eremita,PROCELLARIIFORMES,DIOMEDEIDAE,,Thalassarche,eremita,Thalassarche eremita,Chatham Albatross,384,1,0,
Thalassarche melanophris,PROCELLARIIFORMES,DIOMEDEIDAE,,Thalassarche,melanophris,Thalassarche melanophris,Black-browed Albatross,386,1,0,
Thalassarche salvini,PROCELLARIIFORMES,DIOMEDEIDAE,,Thalassarche,salvini,Thalassarche salvini,Salvin's Albatross,385,1,0,
Thalasseus bergii,CHARADRIIFORMES,LARIDAE,STERNINAE,Thalasseus,bergii,Thalasseus bergii,Great Crested Tern,370,1,0,
Thalasseus elegans,CHARADRIIFORMES,LARIDAE,STERNINAE,Thalasseus,elegans,Thalasseus elegans,Elegant Tern,372,1,1,
Thalasseus maximus,CHARADRIIFORMES,LARIDAE,STERNINAE,Thalasseus,maximus,Thalasseus maximus,Royal Tern,369,1,0,
Thalasseus sandvicensis,CHARADRIIFORMES,LARIDAE,STERNINAE,Thalasseus,sandvicensis,Thalasseus sandvicensis,Sandwich Tern,371,1,0,
Thryomanes bewickii,PASSERIFORMES,TROGLODYTIDAE,,Thryomanes,bewickii,Thryomanes bewickii,Bewick's Wren,793,1,0,
Thryophilus sinaloa,PASSERIFORMES,TROGLODYTIDAE,,Thryophilus,sinaloa,Thryophilus sinaloa,Sinaloa Wren,791,1,0,
Thryothorus ludovicianus,PASSERIFORMES,TROGLODYTIDAE,,Thryothorus,ludovicianus,Thryothorus ludovicianus,Carolina Wren,794,1,0,
Tiaris olivaceus,PASSERIFORMES,THRAUPIDAE,COEREBINAE,Tiaris,olivaceus,Tiaris olivaceus,Yellow-faced Grassquit,1103,1,0,
Tigrisoma mexicanum,PELECANIFORMES,ARDEIDAE,,Tigrisoma,mexicanum,Tigrisoma mexicanum,Bare-throated Tiger-Heron,481,1,0,
Tityra semifasciata,PASSERIFORMES,TITYRIDAE,,Tityra,semifasciata,Tityra semifasciata,Masked Tityra,620,1,0,
Todiramphus albicilla,CORACIIFORMES,ALCEDINIDAE,HALCYONINAE,Todiramphus ,albicilla,Todiramphus albicilla,Mariana Kingfisher,577,1,0,
Todiramphus cinnamominus,CORACIIFORMES,ALCEDINIDAE,HALCYONINAE,Todiramphus,cinnamominus,Todiramphus cinnamominus,Guam Kingfisher,576,1,0,
Todiramphus sacer,CORACIIFORMES,ALCEDINIDAE,HALCYONINAE,Todiramphus,sacer,Todiramphus sacer,Pacific Kingfisher,575,1,0,
Toxostoma bendirei,PASSERIFORMES,MIMIDAE,,Toxostoma,bendirei,Toxostoma bendirei,Bendire's Thrasher,807,1,1,
Toxostoma crissale,PASSERIFORMES,MIMIDAE,,Toxostoma,crissale,Toxostoma crissale,Crissal Thrasher,810,1,0,
Toxostoma curvirostre,PASSERIFORMES,MIMIDAE,,Toxostoma,curvirostre,Toxostoma curvirostre,Curve-billed Thrasher,804,1,0,
Toxostoma lecontei,PASSERIFORMES,MIMIDAE,,Toxostoma,lecontei,Toxostoma lecontei,LeConte's Thrasher,809,1,0,
Toxostoma longirostre,PASSERIFORMES,MIMIDAE,,Toxostoma,longirostre,Toxostoma longirostre,Long-billed Thrasher,806,1,0,
Toxostoma redivivum,PASSERIFORMES,MIMIDAE,,Toxostoma,redivivum,Toxostoma redivivum,California Thrasher,808,1,0,
Toxostoma rufum,PASSERIFORMES,MIMIDAE,,Toxostoma,rufum,Toxostoma rufum,Brown Thrasher,805,1,0,
Tringa brevipes,CHARADRIIFORMES,SCOLOPACIDAE,TRINGINAE,Tringa,brevipes,Tringa brevipes,Gray-tailed Tattler,275,1,0,
Tringa erythropus,CHARADRIIFORMES,SCOLOPACIDAE,TRINGINAE,Tringa,erythropus,Tringa erythropus,Spotted Redshank,279,1,0,
Tringa flavipes,CHARADRIIFORMES,SCOLOPACIDAE,TRINGINAE,Tringa,flavipes,Tringa flavipes,Lesser Yellowlegs,277,1,1,
Tringa glareola,CHARADRIIFORMES,SCOLOPACIDAE,TRINGINAE,Tringa,glareola,Tringa glareola,Wood Sandpiper,284,1,0,
Tringa guttifer,CHARADRIIFORMES,SCOLOPACIDAE,TRINGINAE,Tringa,guttifer,Tringa guttifer,Nordmann's Greenshank,281,1,0,
Tringa incana,CHARADRIIFORMES,SCOLOPACIDAE,TRINGINAE,Tringa,incana,Tringa incana,Wandering Tattler,276,1,1,
Tringa melanoleuca,CHARADRIIFORMES,SCOLOPACIDAE,TRINGINAE,Tringa,melanoleuca,Tringa melanoleuca,Greater Yellowlegs,282,1,0,
Tringa nebularia,CHARADRIIFORMES,SCOLOPACIDAE,TRINGINAE,Tringa,nebularia,Tringa nebularia,Common Greenshank,280,1,0,
Tringa ochropus,CHARADRIIFORMES,SCOLOPACIDAE,TRINGINAE,Tringa,ochropus,Tringa ochropus,Green Sandpiper,273,1,0,
Tringa semipalmata,CHARADRIIFORMES,SCOLOPACIDAE,TRINGINAE,Tringa,semipalmata,Tringa semipalmata,Willet,278,1,1,
Tringa solitaria,CHARADRIIFORMES,SCOLOPACIDAE,TRINGINAE,Tringa,solitaria,Tringa solitaria,Solitary Sandpiper,274,1,0,
Tringa stagnatilis,CHARADRIIFORMES,SCOLOPACIDAE,TRINGINAE,Tringa,stagnatilis,Tringa stagnatilis,Marsh Sandpiper,285,1,0,
Tringa totanus,CHARADRIIFORMES,SCOLOPACIDAE,TRINGINAE,Tringa,totanus,Tringa totanus,Common Redshank,283,1,0,
Troglodytes aedon,PASSERIFORMES,TROGLODYTIDAE,,Troglodytes,aedon,Troglodytes aedon,House Wren,795,1,0,
Troglodytes hiemalis,PASSERIFORMES,TROGLODYTIDAE,,Troglodytes,hiemalis,Troglodytes hiemalis,Winter Wren,797,1,0,
Troglodytes pacificus,PASSERIFORMES,TROGLODYTIDAE,,Troglodytes,pacificus,Troglodytes pacificus,Pacific Wren,796,1,0,
Trogon elegans,TROGONIFORMES,TROGONIDAE,TROGONINAE,Trogon,elegans,Trogon elegans,Elegant Trogon,571,1,1,
Turdus assimilis,PASSERIFORMES,TURDIDAE,,Turdus,assimilis,Turdus assimilis,White-throated Thrush,840,1,0,
Turdus eunomus,PASSERIFORMES,TURDIDAE,,Turdus,eunomus,Turdus eunomus,Dusky Thrush,835,1,0,
Turdus grayi,PASSERIFORMES,TURDIDAE,,Turdus,grayi,Turdus grayi,Clay-colored Thrush,839,1,0,
Turdus iliacus,PASSERIFORMES,TURDIDAE,,Turdus,iliacus,Turdus iliacus,Redwing,838,1,0,
Turdus migratorius,PASSERIFORMES,TURDIDAE,,Turdus,migratorius,Turdus migratorius,American Robin,842,1,0,
Turdus naumanni ,PASSERIFORMES,TURDIDAE,,Turdus,naumanni ,Turdus naumanni ,Naumann’s Thrush,836,1,0,
Turdus obscurus,PASSERIFORMES,TURDIDAE,,Turdus,obscurus,Turdus obscurus,Eyebrowed Thrush,834,1,0,
Turdus pilaris,PASSERIFORMES,TURDIDAE,,Turdus,pilaris,Turdus pilaris,Fieldfare,837,1,0,
Turdus plumbeus,PASSERIFORMES,TURDIDAE,,Turdus,plumbeus,Turdus plumbeus,Red-legged Thrush,843,1,0,
Turdus rufopalliatus,PASSERIFORMES,TURDIDAE,,Turdus,rufopalliatus,Turdus rufopalliatus,Rufous-backed Robin,841,1,0,
Tyrannus caudifasciatus,PASSERIFORMES,TYRANNIDAE,TYRANNINAE,Tyrannus,caudifasciatus,Tyrannus caudifasciatus,Loggerhead Kingbird,648,1,0,
Tyrannus couchii,PASSERIFORMES,TYRANNIDAE,TYRANNINAE,Tyrannus,couchii,Tyrannus couchii,Couch's Kingbird,642,1,0,
Tyrannus crassirostris,PASSERIFORMES,TYRANNIDAE,TYRANNINAE,Tyrannus,crassirostris,Tyrannus crassirostris,Thick-billed Kingbird,644,1,0,
Tyrannus dominicensis,PASSERIFORMES,TYRANNIDAE,TYRANNINAE,Tyrannus,dominicensis,Tyrannus dominicensis,Gray Kingbird,647,1,0,
Tyrannus forficatus,PASSERIFORMES,TYRANNIDAE,TYRANNINAE,Tyrannus,forficatus,Tyrannus forficatus,Scissor-tailed Flycatcher,649,1,0,
Tyrannus melancholicus,PASSERIFORMES,TYRANNIDAE,TYRANNINAE,Tyrannus,melancholicus,Tyrannus melancholicus,Tropical Kingbird,641,1,0,
Tyrannus savana,PASSERIFORMES,TYRANNIDAE,TYRANNINAE,Tyrannus,savana,Tyrannus savana,Fork-tailed Flycatcher,650,1,0,
Tyrannus tyrannus,PASSERIFORMES,TYRANNIDAE,TYRANNINAE,Tyrannus,tyrannus,Tyrannus tyrannus,Eastern Kingbird,646,1,0,
Tyrannus verticalis,PASSERIFORMES,TYRANNIDAE,TYRANNINAE,Tyrannus,verticalis,Tyrannus verticalis,Western Kingbird,645,1,0,
Tyrannus vociferans,PASSERIFORMES,TYRANNIDAE,TYRANNINAE,Tyrannus,vociferans,Tyrannus vociferans,Cassin's Kingbird,643,1,0,
Tyto alba,STRIGIFORMES,TYTONIDAE,,Tyto,alba,Tyto alba,Barn Owl,547,1,0,
Upupa epops,UPUPIFORMES,UPUPIDAE,,Upupa,epops,Upupa epops,Eurasian Hoopoe,573,1,0,
Uria aalge,CHARADRIIFORMES,ALCIDAE,,Uria,aalge,Uria aalge,Common Murre,295,1,0,
Uria lomvia,CHARADRIIFORMES,ALCIDAE,,Uria,lomvia,Uria lomvia,Thick-billed Murre,296,1,0,
Urile pelagicus,SULIFORMES,PHALACROCORACIDAE,,Urile,pelagicus,Urile pelagicus,Pelagic Cormorant,470,1,0,
Urile penicillatus,SULIFORMES,PHALACROCORACIDAE,,Urile,penicillatus,Urile penicillatus,Brandt's Cormorant,468,1,0,
Urile urile,SULIFORMES,PHALACROCORACIDAE,,Urile,urile,Urile urile,Red-faced Cormorant,469,1,0,
Urodynamis taitensis,CUCULIFORMES,CUCULIDAE,CUCULINAE,Urodynamis,taitensis,Urodynamis taitensis,Long-tailed Koel,103,1,0,
Vanellus vanellus,CHARADRIIFORMES,CHARADRIIDAE,VANELLINAE,Vanellus,vanellus,Vanellus vanellus,Northern Lapwing,203,1,0,
Vermivora bachmanii,PASSERIFORMES,PARULIDAE,,Vermivora,bachmanii,Vermivora bachmanii,Bachman's Warbler,1029,1,0,E
Vermivora chrysoptera,PASSERIFORMES,PARULIDAE,,Vermivora,chrysoptera,Vermivora chrysoptera,Golden-winged Warbler,1030,1,1,
Vermivora cyanoptera,PASSERIFORMES,PARULIDAE,,Vermivora,cyanoptera,Vermivora cyanoptera,Blue-winged Warbler,1031,1,0,
Vireo altiloquus,PASSERIFORMES,VIREONIDAE,,Vireo,altiloquus,Vireo altiloquus,Black-whiskered Vireo,691,1,0,
Vireo atricapilla,PASSERIFORMES,VIREONIDAE,,Vireo,atricapilla,Vireo atricapilla,Black-capped Vireo,675,1,1,
Vireo bellii,PASSERIFORMES,VIREONIDAE,,Vireo,bellii,Vireo bellii,Bell's Vireo,680,1,0,E (in part)
Vireo cassinii,PASSERIFORMES,VIREONIDAE,,Vireo,cassinii,Vireo cassinii,Cassin's Vireo,684,1,0,
Vireo crassirostris,PASSERIFORMES,VIREONIDAE,,Vireo,crassirostris,Vireo crassirostris,Thick-billed Vireo,677,1,0,
Vireo flavifrons,PASSERIFORMES,VIREONIDAE,,Vireo,flavifrons,Vireo flavifrons,Yellow-throated Vireo,683,1,0,
Vireo flavoviridis,PASSERIFORMES,VIREONIDAE,,Vireo,flavoviridis,Vireo flavoviridis,Yellow-green Vireo,690,1,0,
Vireo gilvus,PASSERIFORMES,VIREONIDAE,,Vireo,gilvus,Vireo gilvus,Warbling Vireo,688,1,0,
Vireo griseus,PASSERIFORMES,VIREONIDAE,,Vireo,griseus,Vireo griseus,White-eyed Vireo,676,1,0,
Vireo gundlachii,PASSERIFORMES,VIREONIDAE,,Vireo,gundlachii,Vireo gundlachii,Cuban Vireo,678,1,0,
Vireo huttoni,PASSERIFORMES,VIREONIDAE,,Vireo,huttoni,Vireo huttoni,Hutton's Vireo,682,1,0,
Vireo latimeri,PASSERIFORMES,VIREONIDAE,,Vireo,latimeri,Vireo latimeri,Puerto Rican Vireo,679,1,0,
Vireo magister,PASSERIFORMES,VIREONIDAE,,Vireo,magister,Vireo magister,Yucatan Vireo,692,1,0,
Vireo olivaceus,PASSERIFORMES,VIREONIDAE,,Vireo,olivaceus,Vireo olivaceus,Red-eyed Vireo,689,1,0,
Vireo philadelphicus,PASSERIFORMES,VIREONIDAE,,Vireo,philadelphicus,Vireo philadelphicus,Philadelphia Vireo,687,1,0,
Vireo plumbeus,PASSERIFORMES,VIREONIDAE,,Vireo,plumbeus,Vireo plumbeus,Plumbeous Vireo,686,1,0,
Vireo solitarius,PASSERIFORMES,VIREONIDAE,,Vireo,solitarius,Vireo solitarius,Blue-headed Vireo,685,1,0,
Vireo vicinior,PASSERIFORMES,VIREONIDAE,,Vireo,vicinior,Vireo vicinior,Gray Vireo,681,1,0,
Xanthocephalus xanthocephalus,PASSERIFORMES,ICTERIDAE,XANTHOCEPHALINAE,Xanthocephalus,xanthocephalus,Xanthocephalus xanthocephalus,Yellow-headed Blackbird,996,1,0,
Xema sabini,CHARADRIIFORMES,LARIDAE,LARINAE,Xema,sabini,Xema sabini,Sabine's Gull,320,1,0,
Xenus cinereus,CHARADRIIFORMES,SCOLOPACIDAE,TRINGINAE,Xenus,cinereus,Xenus cinereus,Terek Sandpiper,270,1,0,
Zenaida asiatica,COLUMBIFORMES,COLUMBIDAE,,Zenaida,asiatica,Zenaida asiatica,White-winged Dove,93,1,0,
Zenaida aurita,COLUMBIFORMES,COLUMBIDAE,,Zenaida,aurita,Zenaida aurita,Zenaida Dove,94,1,0,
Zenaida macroura,COLUMBIFORMES,COLUMBIDAE,,Zenaida,macroura,Zenaida macroura,Mourning Dove,95,1,0,
Zonotrichia albicollis,PASSERIFORMES,PASSERELLIDAE,,Zonotrichia,albicollis,Zonotrichia albicollis,White-throated Sparrow,971,1,0,
Zonotrichia atricapilla,PASSERIFORMES,PASSERELLIDAE,,Zonotrichia,atricapilla,Zonotrichia atricapilla,Golden-crowned Sparrow,969,1,0,
Zonotrichia leucophrys,PASSERIFORMES,PASSERELLIDAE,,Zonotrichia,leucophrys,Zonotrichia leucophrys,White-crowned Sparrow,968,1,0,
Zonotrichia querula,PASSERIFORMES,PASSERELLIDAE,,Zonotrichia,querula,Zonotrichia querula,Harris's Sparrow,970,1,0,
